split,training_seed,episode,family,repetition,workload_seed,workload_fingerprint,process_count
training,7101.0,0.0,short_jobs,0,1780811119108863427,4044bc52b1902021,15
training,7101.0,1.0,long_jobs,1,9188807545414483961,130972d3703edc48,15
training,7101.0,2.0,mixed,2,1546936597055844387,60e677b402f93ca0,15
training,7101.0,3.0,cpu_bursty,3,5347093191604629557,2389c31b8f0fbefe,15
training,7101.0,4.0,priority_skewed,4,9099383850948380417,cb596ccefcaf6df0,15
training,7101.0,5.0,staggered_interactive,5,5565283470058066307,548b08cc8830c915,15
training,7101.0,6.0,short_jobs,6,6710737663149324137,a22dee18e1a01e00,15
training,7101.0,7.0,long_jobs,7,3301551461352660027,b0e484640089b987,15
training,7101.0,8.0,mixed,8,4680036228530247060,a7b484ddbdc8e4b6,15
training,7101.0,9.0,cpu_bursty,9,8217096797011033902,2b9e9f299cee892d,15
training,7101.0,10.0,priority_skewed,10,597635270508305249,78ed16a1c7401c70,15
training,7101.0,11.0,staggered_interactive,11,5042247170593237433,345ce9016c88799b,15
training,7101.0,12.0,short_jobs,12,6342451382711084971,8ab8bbd16ebbf50d,15
training,7101.0,13.0,long_jobs,13,551123195702543376,1d3893fcac93657b,15
training,7101.0,14.0,mixed,14,6443930815554378016,b51a3e9327c981c3,15
training,7101.0,15.0,cpu_bursty,15,7240443931510913740,0f6e2988f9bf31b8,15
training,7101.0,16.0,priority_skewed,16,1174075878917885846,e7574e39a1ba7462,15
training,7101.0,17.0,staggered_interactive,17,2861165055064147577,b67958eb09e4494d,15
training,7101.0,18.0,short_jobs,18,2137605085778287202,f73d73e2716408ad,15
training,7101.0,19.0,long_jobs,19,6054701406767465068,23844642915a118e,15
training,7101.0,20.0,mixed,20,7531477486512423245,d2a39545dda7362c,15
training,7101.0,21.0,cpu_bursty,21,3336598150792017764,f5fbf880f3a29564,15
training,7101.0,22.0,priority_skewed,22,5184370129730507619,bbfb73e084c3b3ae,15
training,7101.0,23.0,staggered_interactive,23,3985895988667734737,b4f1cfb9ece3335b,15
training,7101.0,24.0,short_jobs,24,260438940950627360,7ff8180bb141d6b3,15
training,7101.0,25.0,long_jobs,25,831064663651402052,5050079817235029,15
training,7101.0,26.0,mixed,26,4369059940960613963,2ff8bf25c4149173,15
training,7101.0,27.0,cpu_bursty,27,4579067071902864981,f7005a5eea842d8f,15
training,7101.0,28.0,priority_skewed,28,7489798116621730832,64305ca890a32eac,15
training,7101.0,29.0,staggered_interactive,29,6293481427393507745,a6f036721836d644,15
training,7101.0,30.0,short_jobs,30,8945727470236300504,fe2aa847fbfe5284,15
training,7101.0,31.0,long_jobs,31,6174668888733240010,44f87cf33ab2b7fc,15
training,7101.0,32.0,mixed,32,3124513462793718281,7901da7a8da066db,15
training,7101.0,33.0,cpu_bursty,33,323916787180873074,b0ec606345d94c32,15
training,7101.0,34.0,priority_skewed,34,7050626195635015035,280b30b735b9da8f,15
training,7101.0,35.0,staggered_interactive,35,8578496865191762620,87f327ba68a0ee82,15
training,7101.0,36.0,short_jobs,36,7273696849987815021,b25996fdd29d248a,15
training,7101.0,37.0,long_jobs,37,5591377476306428297,c6b37643857e3e5b,15
training,7101.0,38.0,mixed,38,9115783440535311179,2f5ec2f04a96ad16,15
training,7101.0,39.0,cpu_bursty,39,1479084070914590225,ddb3aa9dc86e45c9,15
training,7101.0,40.0,priority_skewed,40,8896439025613581708,07bed261a9d99a89,15
training,7101.0,41.0,staggered_interactive,41,6511913083700277807,df89c84856c42b8a,15
training,7101.0,42.0,short_jobs,42,5609971754887675660,d9e0e746136f8e3d,15
training,7101.0,43.0,long_jobs,43,8547172878747300405,206f214cb84a9f8f,15
training,7101.0,44.0,mixed,44,5388317498906633709,b9b65cb44a6ed568,15
training,7101.0,45.0,cpu_bursty,45,6689971566371613041,ca45af829b837505,15
training,7101.0,46.0,priority_skewed,46,2708925924713511875,c7aa91b6ec423b22,15
training,7101.0,47.0,staggered_interactive,47,8179532684248791755,e3da6eb39978f207,15
training,7101.0,48.0,short_jobs,48,1911075259650027917,1954b20f14029ab1,15
training,7101.0,49.0,long_jobs,49,6395892392271797218,d9b16f61d41ab282,15
training,7101.0,50.0,mixed,50,2323595843076814912,5c188bca627b9b39,15
training,7101.0,51.0,cpu_bursty,51,6647806294327913922,ca8c2c2e39edad90,15
training,7101.0,52.0,priority_skewed,52,6745410063923368176,b01d73ef8245f83b,15
training,7101.0,53.0,staggered_interactive,53,9145471261048512259,eb66cba592a4acc5,15
training,7101.0,54.0,short_jobs,54,5586299441489113634,724484668b73f655,15
training,7101.0,55.0,long_jobs,55,17466319768041044,4bdb5eb9993111a8,15
training,7101.0,56.0,mixed,56,1682844078121916971,5a03da08c908e891,15
training,7101.0,57.0,cpu_bursty,57,1988143428790353974,06b78eb70ba2191a,15
training,7101.0,58.0,priority_skewed,58,3034449630074763155,fe6dafba7f354e5c,15
training,7101.0,59.0,staggered_interactive,59,690229167209142252,f45815954f1b4794,15
training,7101.0,60.0,short_jobs,60,3278040366188335302,6031cc888d67d3b2,15
training,7101.0,61.0,long_jobs,61,4475066961639257457,82e84e5e8cbb5b2f,15
training,7101.0,62.0,mixed,62,1446330525382036840,d72324b1fde37888,15
training,7101.0,63.0,cpu_bursty,63,468641286809281183,5758051d6c6901a9,15
training,7101.0,64.0,priority_skewed,64,3988689657600388274,7f03776aa74d2540,15
training,7101.0,65.0,staggered_interactive,65,3397194219228023647,9bbc911eaa98ad66,15
training,7101.0,66.0,short_jobs,66,7530693806393122574,991a239f91f6568d,15
training,7101.0,67.0,long_jobs,67,4860130641648048759,b68b0462a70d4569,15
training,7101.0,68.0,mixed,68,4759229776794389475,26f56b00a84416e5,15
training,7101.0,69.0,cpu_bursty,69,145023270937335294,9098193aea5bdae3,15
training,7101.0,70.0,priority_skewed,70,7560472102015968110,b49e4c4033b1f2e8,15
training,7101.0,71.0,staggered_interactive,71,5734083797212988706,db520effc2084fcf,15
training,7101.0,72.0,short_jobs,72,3257404595125987093,e9c9011762570391,15
training,7101.0,73.0,long_jobs,73,1480346665280258091,24a800f4fbc1c88b,15
training,7101.0,74.0,mixed,74,4892306686282033098,21811f9ceae8a62d,15
training,7101.0,75.0,cpu_bursty,75,8449362153558457513,b4b817b628f11467,15
training,7101.0,76.0,priority_skewed,76,5932255928100865473,9d0efb486b28c706,15
training,7101.0,77.0,staggered_interactive,77,5106585892370861909,5403b7b7c212a1d5,15
training,7101.0,78.0,short_jobs,78,8911700484636955216,34f36194abe33212,15
training,7101.0,79.0,long_jobs,79,3671168638585186111,7ec9aa822c470e10,15
training,7101.0,80.0,mixed,80,8961916603409028238,be41346c3f3bc57a,15
training,7101.0,81.0,cpu_bursty,81,4419584956273729980,448c622998a6aad6,15
training,7101.0,82.0,priority_skewed,82,6472437833571702138,3ed9796557fcdf86,15
training,7101.0,83.0,staggered_interactive,83,5301028341502530239,31d28b1affcd4577,15
training,7101.0,84.0,short_jobs,84,3694624064362288648,02e2d8140ce6a3d1,15
training,7101.0,85.0,long_jobs,85,2225859340442447799,253664186f75bcb5,15
training,7101.0,86.0,mixed,86,3349620536955018049,b2df6e05d3c7cdc8,15
training,7101.0,87.0,cpu_bursty,87,130763688526106057,0e1dd0a82fec9667,15
training,7101.0,88.0,priority_skewed,88,8672331973957947522,c563c1030b89df19,15
training,7101.0,89.0,staggered_interactive,89,1083310201481602329,02e0dce29aef7eb7,15
training,7101.0,90.0,short_jobs,90,2589087698021579562,751b79ed3fbc11e9,15
training,7101.0,91.0,long_jobs,91,4600722905004773936,754d291732d21bbe,15
training,7101.0,92.0,mixed,92,6386747206237549044,7d8b5a8bb725bd15,15
training,7101.0,93.0,cpu_bursty,93,3710948147900518584,d60d3ce2c2c84223,15
training,7101.0,94.0,priority_skewed,94,8404738047543168530,59f2d526896a48f5,15
training,7101.0,95.0,staggered_interactive,95,5734763905192492844,99e768e325cb7fce,15
training,7101.0,96.0,short_jobs,96,664941992176164555,94fde55c8d93ca24,15
training,7101.0,97.0,long_jobs,97,690734231886349113,a23b75ca7ddbc9b3,15
training,7101.0,98.0,mixed,98,5650806677438127401,1f39f7f7364f1b53,15
training,7101.0,99.0,cpu_bursty,99,6114544181699674365,8f24814ba81e2823,15
training,7101.0,100.0,priority_skewed,100,3088650668298336999,aa63c15083c2fd17,15
training,7101.0,101.0,staggered_interactive,101,9011239163474220410,8ae640d03a5b483c,15
training,7101.0,102.0,short_jobs,102,6446234404159028732,41effa498aa9b5bb,15
training,7101.0,103.0,long_jobs,103,4069348778598234349,74d3beb0b04e9145,15
training,7101.0,104.0,mixed,104,2875628705437777674,82404e8183431889,15
training,7101.0,105.0,cpu_bursty,105,2651607914640748899,53f8f025876c12d4,15
training,7101.0,106.0,priority_skewed,106,3771537805902246392,92ca70f00a41a30a,15
training,7101.0,107.0,staggered_interactive,107,4645837208762590502,591327a5321bf3b8,15
training,7101.0,108.0,short_jobs,108,8251598733245581999,b2ca3c7abfa2bf81,15
training,7101.0,109.0,long_jobs,109,6630532224957067209,33ecd5fb68515ece,15
training,7101.0,110.0,mixed,110,2626823557192266674,2ecd61ba04cc763b,15
training,7101.0,111.0,cpu_bursty,111,2373343361572708558,358673bb2c12aabc,15
training,7101.0,112.0,priority_skewed,112,3758049749360568557,e14e9a3def25aa50,15
training,7101.0,113.0,staggered_interactive,113,982806303840789783,2240db2f0c9eaffb,15
training,7101.0,114.0,short_jobs,114,6307929650492328416,e64c28671b343f9b,15
training,7101.0,115.0,long_jobs,115,3869409782838870387,eec08e7e45086c2b,15
training,7101.0,116.0,mixed,116,533774147821238824,6dba6ea96f7330a5,15
training,7101.0,117.0,cpu_bursty,117,8659045505132235111,7e546293e14f860d,15
training,7101.0,118.0,priority_skewed,118,2718728800168741239,222b6880df9a3b26,15
training,7101.0,119.0,staggered_interactive,119,1537186499884408193,733189c7e223ea4e,15
training,7101.0,120.0,short_jobs,120,7958528970904473703,7e765f081630c735,15
training,7101.0,121.0,long_jobs,121,512166600507518629,a401ab2397824266,15
training,7101.0,122.0,mixed,122,9133451214266346270,63725b970e6cb80e,15
training,7101.0,123.0,cpu_bursty,123,7314836302903623417,00c507c1d9e5aec6,15
training,7101.0,124.0,priority_skewed,124,9162419631443321647,5e5bab91a0ff77b1,15
training,7101.0,125.0,staggered_interactive,125,6423008323013865748,23808545ad199039,15
training,7101.0,126.0,short_jobs,126,6001161420142855801,13e6b4d27ed2d818,15
training,7101.0,127.0,long_jobs,127,5414189007270996744,301166d71511df45,15
training,7101.0,128.0,mixed,128,5991813814034555476,d9f81082b07d1d3b,15
training,7101.0,129.0,cpu_bursty,129,8638428221602998227,e96606f7cf45c53d,15
training,7101.0,130.0,priority_skewed,130,5973163953726554264,8cbe1e67b7bbf987,15
training,7101.0,131.0,staggered_interactive,131,3489111172236689627,4585f61153628cc7,15
training,7101.0,132.0,short_jobs,132,6385954974947370047,aa18c8f755919eeb,15
training,7101.0,133.0,long_jobs,133,2224481420664142083,7b59c3ed0249847a,15
training,7101.0,134.0,mixed,134,8428331218876052419,180645190b12d8ad,15
training,7101.0,135.0,cpu_bursty,135,4963208374674166674,707b8277ccc8eba8,15
training,7101.0,136.0,priority_skewed,136,3206668142042577351,b1af4ad88458b988,15
training,7101.0,137.0,staggered_interactive,137,4805055184305261669,29b70ba0e9f69772,15
training,7101.0,138.0,short_jobs,138,4158558506323159840,af672a61e9da72df,15
training,7101.0,139.0,long_jobs,139,7469214204264603902,18c0afcdbe3c6621,15
training,7101.0,140.0,mixed,140,8696795448326391331,8eac7329383c4085,15
training,7101.0,141.0,cpu_bursty,141,5338011031805601195,58677de7afcb6f12,15
training,7101.0,142.0,priority_skewed,142,8507359934405171651,f08b0d5e893e3856,15
training,7101.0,143.0,staggered_interactive,143,3754168971446817092,0b6fbb64b164777d,15
training,7101.0,144.0,short_jobs,144,9126964182464775737,fcf3b442272ec24b,15
training,7101.0,145.0,long_jobs,145,3616943690930835048,f8dde3c0a249dbb3,15
training,7101.0,146.0,mixed,146,133214114326554067,9495123e04809179,15
training,7101.0,147.0,cpu_bursty,147,3228665653609043706,ed0ff1548d914980,15
training,7101.0,148.0,priority_skewed,148,846426286728391117,e45c0fc3f39a86bb,15
training,7101.0,149.0,staggered_interactive,149,8750076829066744506,9c3c3796d2cd6759,15
training,7101.0,150.0,short_jobs,150,7876303610049175167,9d87961c3a69f5a8,15
training,7101.0,151.0,long_jobs,151,8302828301880545623,9a214e02215e10f3,15
training,7101.0,152.0,mixed,152,3313659256781761292,2bd253990844d274,15
training,7101.0,153.0,cpu_bursty,153,6861521165494465366,40c096c441fe0a5e,15
training,7101.0,154.0,priority_skewed,154,3881133313612461608,24947fb1a74ad912,15
training,7101.0,155.0,staggered_interactive,155,4456540652105140245,52fbd279bd1704ea,15
training,7101.0,156.0,short_jobs,156,3656635350342936233,4af54461f9954cd4,15
training,7101.0,157.0,long_jobs,157,7656161619532931338,dd50366f6e42ccba,15
training,7101.0,158.0,mixed,158,7334724911888275547,965935a43e30f077,15
training,7101.0,159.0,cpu_bursty,159,51268362352877842,782628a63ec451df,15
training,7101.0,160.0,priority_skewed,160,3006132419434823891,95b225207b3e069a,15
training,7101.0,161.0,staggered_interactive,161,8405718355012477954,c65db88b662b5e4f,15
training,7101.0,162.0,short_jobs,162,7915851050135918505,15cb93a5ad58aced,15
training,7101.0,163.0,long_jobs,163,3182342230740573007,e5a0b0d2286db193,15
training,7101.0,164.0,mixed,164,8521028063286667791,b48f612731bf8826,15
training,7101.0,165.0,cpu_bursty,165,1110117070294979099,d7eaa5227219bf51,15
training,7101.0,166.0,priority_skewed,166,9059208545394249166,6dd94e215a4bf821,15
training,7101.0,167.0,staggered_interactive,167,8292485912950207900,41466d88eb5ccd7f,15
training,7101.0,168.0,short_jobs,168,1435464321723965906,39d1618f66748732,15
training,7101.0,169.0,long_jobs,169,7622850579649348983,a9c5abe6c5be0994,15
training,7101.0,170.0,mixed,170,7682139887252503581,a130005360bcdcc2,15
training,7101.0,171.0,cpu_bursty,171,7289924995799050689,319793b3e4735ad7,15
training,7101.0,172.0,priority_skewed,172,4537616863173659871,37421f1e7efc797f,15
training,7101.0,173.0,staggered_interactive,173,3995410358457456148,a2fb43d0f40b0ad5,15
training,7101.0,174.0,short_jobs,174,7766928785819374225,ea8fb620df273c0b,15
training,7101.0,175.0,long_jobs,175,359242578716134531,db3c6d8c04c4dd88,15
training,7101.0,176.0,mixed,176,966660870659375295,fc9c47b7fecb1f99,15
training,7101.0,177.0,cpu_bursty,177,466140371400717535,3625d20c19845f6e,15
training,7101.0,178.0,priority_skewed,178,8147478717466410386,b39ec83c5e1ced7b,15
training,7101.0,179.0,staggered_interactive,179,1821893586817061446,118b0687403af88e,15
training,7101.0,180.0,short_jobs,180,1985586042596831178,9d507a8cecb43a6d,15
training,7101.0,181.0,long_jobs,181,1497183692126405668,5fcdf7dfbe25154c,15
training,7101.0,182.0,mixed,182,7838177852825309299,18c8a3556b836347,15
training,7101.0,183.0,cpu_bursty,183,6343575869331900413,25c38735313041d8,15
training,7101.0,184.0,priority_skewed,184,4510151801138546924,80f412c5b99823cb,15
training,7101.0,185.0,staggered_interactive,185,246116475062628139,64342a9fa430d3b5,15
training,7101.0,186.0,short_jobs,186,349343092287804435,9dbae07699b68a96,15
training,7101.0,187.0,long_jobs,187,5947299135261541667,6eea1676442de44f,15
training,7101.0,188.0,mixed,188,3920141050227312277,acc11b7d4cfd5d4b,15
training,7101.0,189.0,cpu_bursty,189,9035769501774397145,b090cc4c16a4a02e,15
training,7101.0,190.0,priority_skewed,190,4621385945564856479,dd9817c342c7e1ba,15
training,7101.0,191.0,staggered_interactive,191,8110440729861017308,36d79a819c917640,15
training,7101.0,192.0,short_jobs,192,1847736775718901056,6e09ec081be4c0bb,15
training,7101.0,193.0,long_jobs,193,3331103625897042594,494fbdcad2dcad71,15
training,7101.0,194.0,mixed,194,4402858583791262389,ed9f7f4ff22f6271,15
training,7101.0,195.0,cpu_bursty,195,3517819645037217868,a95700c9fc97674b,15
training,7101.0,196.0,priority_skewed,196,5958936883020139556,bcbee76335267b61,15
training,7101.0,197.0,staggered_interactive,197,3195232194191485975,b637b7a4c43015ce,15
training,7101.0,198.0,short_jobs,198,6168819144893085184,3331b9b9a6ed2032,15
training,7101.0,199.0,long_jobs,199,6780900537516286979,01e66e8455a0a9ee,15
training,7101.0,200.0,mixed,200,501330257998560976,73ddab39bc0d2c75,15
training,7101.0,201.0,cpu_bursty,201,7006297222843180909,dd6de0bb5634c1c4,15
training,7101.0,202.0,priority_skewed,202,571069087632292048,9f9c8390464b1099,15
training,7101.0,203.0,staggered_interactive,203,834797389763396863,1995a3a3c3908225,15
training,7101.0,204.0,short_jobs,204,7035892724367070051,a971d4c97b0628a9,15
training,7101.0,205.0,long_jobs,205,2228562043326130163,889102555dc1c817,15
training,7101.0,206.0,mixed,206,5253158605214106443,4744ee5bd8a5535e,15
training,7101.0,207.0,cpu_bursty,207,2791992679419395886,ad1e29fcfdfa8664,15
training,7101.0,208.0,priority_skewed,208,6613643855808900653,c64229bfcbb13a92,15
training,7101.0,209.0,staggered_interactive,209,7686919444076483468,df33dde3125ce257,15
training,7101.0,210.0,short_jobs,210,2938823436083174395,99bc10facfc910bc,15
training,7101.0,211.0,long_jobs,211,7890379737983686649,30a57420a5706bf1,15
training,7101.0,212.0,mixed,212,5306463337586106269,681991fc0ac73485,15
training,7101.0,213.0,cpu_bursty,213,3804050440738335976,3fd903e84a1bbd13,15
training,7101.0,214.0,priority_skewed,214,78334397624718385,fd9aaf2fafa711d9,15
training,7101.0,215.0,staggered_interactive,215,5577822530746573920,8624b5c240283d4a,15
training,7101.0,216.0,short_jobs,216,8723073466322119306,df56ed8fed966ae1,15
training,7101.0,217.0,long_jobs,217,6347136750571207028,46cec35b3861b5b1,15
training,7101.0,218.0,mixed,218,8046748712159135659,20f1c0ee7c9aef73,15
training,7101.0,219.0,cpu_bursty,219,2748136598353623077,72792f6d7466d80f,15
training,7101.0,220.0,priority_skewed,220,3278203470410070662,bcf9e1ad236c7e84,15
training,7101.0,221.0,staggered_interactive,221,6738067712095873779,6dfa4f5769c32266,15
training,7101.0,222.0,short_jobs,222,2272514958714013683,00faec94902ba8ec,15
training,7101.0,223.0,long_jobs,223,1594111596514356796,d8073de01c200fd3,15
training,7101.0,224.0,mixed,224,6253355536346424555,a8a520c08d26138e,15
training,7101.0,225.0,cpu_bursty,225,2027078354488132307,7f4f343ede9bf2e6,15
training,7101.0,226.0,priority_skewed,226,6743710976181905736,f27e93ff15922e91,15
training,7101.0,227.0,staggered_interactive,227,2285057050627045258,b3fc18f522014376,15
training,7101.0,228.0,short_jobs,228,3713739001902200492,50ae4c37f9ed0d38,15
training,7101.0,229.0,long_jobs,229,6290525508485130667,663a4e1d543ac98e,15
training,7101.0,230.0,mixed,230,494921948216923172,c3a9bc45c50648c0,15
training,7101.0,231.0,cpu_bursty,231,2923232707821607028,d7f5ce8a944b24c3,15
training,7101.0,232.0,priority_skewed,232,8391781668446845332,0c9e02e08a9d1b8f,15
training,7101.0,233.0,staggered_interactive,233,6532726350721185659,2c5e5ca226cec53e,15
training,7101.0,234.0,short_jobs,234,6717939669051121142,34dd8c43f34877f7,15
training,7101.0,235.0,long_jobs,235,930274140246072035,ee1a478a68b30f13,15
training,7101.0,236.0,mixed,236,6941217841477827274,c92e35c291343109,15
training,7101.0,237.0,cpu_bursty,237,7710798370451642695,6cd3b11142d33a46,15
training,7101.0,238.0,priority_skewed,238,3661919700118439784,06e294497efdd5d3,15
training,7101.0,239.0,staggered_interactive,239,6662401673925739228,e0a0b082dea99d4b,15
training,7101.0,240.0,short_jobs,240,341375688514836247,26b8d86940a1c27d,15
training,7101.0,241.0,long_jobs,241,6391040227205739211,1b6d11be0ddf1797,15
training,7101.0,242.0,mixed,242,15944937924216653,0ba7cca5f84b28a6,15
training,7101.0,243.0,cpu_bursty,243,5422027807357787853,8a9017bf04dfc0dc,15
training,7101.0,244.0,priority_skewed,244,2284912649430838966,3e5ac057e9c5552e,15
training,7101.0,245.0,staggered_interactive,245,3209961877509355404,58732f238bebce00,15
training,7101.0,246.0,short_jobs,246,747567191161192550,50c63b3b0d8153e5,15
training,7101.0,247.0,long_jobs,247,2700546977562052322,910b5deceb3ae34b,15
training,7101.0,248.0,mixed,248,2954577582797467748,427f39a34cfb4bee,15
training,7101.0,249.0,cpu_bursty,249,7884071037776445464,257430ffdfdcd1ef,15
training,7101.0,250.0,priority_skewed,250,5762756189819773957,c22faf7bac5ea735,15
training,7101.0,251.0,staggered_interactive,251,4312524019600929171,23998e7e97b2da0b,15
training,7101.0,252.0,short_jobs,252,852169204227416386,f494ac1f696b25d8,15
training,7101.0,253.0,long_jobs,253,2926495831665882739,4d618db8ec1967e6,15
training,7101.0,254.0,mixed,254,4993290025145269018,d17ea8d8830d8777,15
training,7101.0,255.0,cpu_bursty,255,216384858720666552,582e17f539db05ec,15
training,7101.0,256.0,priority_skewed,256,4566556496506718833,10819e4e75cd8046,15
training,7101.0,257.0,staggered_interactive,257,2639558359808348647,21ca00a9eea8fb00,15
training,7101.0,258.0,short_jobs,258,3648367142876705121,f80d1e9fb782e9d8,15
training,7101.0,259.0,long_jobs,259,2355136441155700985,363b6322f440d4dd,15
training,7101.0,260.0,mixed,260,1636378968904993083,a1278139edf1b641,15
training,7101.0,261.0,cpu_bursty,261,9129617626742650967,a0cf1fdee40f7774,15
training,7101.0,262.0,priority_skewed,262,1489975211715677623,c95950de268de5ef,15
training,7101.0,263.0,staggered_interactive,263,4170728278134177004,2cd3737ddb83a065,15
training,7101.0,264.0,short_jobs,264,8779583845514649790,93a60cfb92aa003e,15
training,7101.0,265.0,long_jobs,265,1324601916019362909,1fa73bfd52bc899f,15
training,7101.0,266.0,mixed,266,6634627453444058978,63c292db0414c618,15
training,7101.0,267.0,cpu_bursty,267,6653759038011580072,780b5f15f73354b8,15
training,7101.0,268.0,priority_skewed,268,4711390901793368275,ab92667661e02556,15
training,7101.0,269.0,staggered_interactive,269,5113551505025135327,a48654cb8e4dd712,15
training,7101.0,270.0,short_jobs,270,8502773220726108294,b4786ec40561a9b7,15
training,7101.0,271.0,long_jobs,271,6912304777562248653,f244d02c9558e598,15
training,7101.0,272.0,mixed,272,2202714363622745405,e5cd610be59a7160,15
training,7101.0,273.0,cpu_bursty,273,8773425111708943902,f85f450890506625,15
training,7101.0,274.0,priority_skewed,274,6665243011201104648,b4948b86023adc48,15
training,7101.0,275.0,staggered_interactive,275,6142079817820771980,ac904e1a1cd9b315,15
training,7101.0,276.0,short_jobs,276,685203671570291247,dfe1736e54224b9f,15
training,7101.0,277.0,long_jobs,277,7655655838891626245,b8549c100423ed47,15
training,7101.0,278.0,mixed,278,7964745116082865139,0345fd26d15262f2,15
training,7101.0,279.0,cpu_bursty,279,4761031746231450207,4137c0148e6079f4,15
training,7101.0,280.0,priority_skewed,280,7702467277993722871,65be54a8e6979100,15
training,7101.0,281.0,staggered_interactive,281,1019544107171558123,63f6daa4d9245652,15
training,7101.0,282.0,short_jobs,282,1914663123485101359,e94c7ffced6fc926,15
training,7101.0,283.0,long_jobs,283,7823723858559668558,198c22332d820813,15
training,7101.0,284.0,mixed,284,7905536240809002764,3b6a58722b23f848,15
training,7101.0,285.0,cpu_bursty,285,4553883071788854220,30998ccb24250d4c,15
training,7101.0,286.0,priority_skewed,286,4930159296905104991,f6e66d112e8c16ae,15
training,7101.0,287.0,staggered_interactive,287,9192855696808403867,2d245b6607e5848e,15
training,7101.0,288.0,short_jobs,288,3813933951937334583,f05726f68450ce84,15
training,7101.0,289.0,long_jobs,289,5399515214178052714,7d67afc899aa7380,15
training,7101.0,290.0,mixed,290,5270516768872841225,a6c00f661fc7411c,15
training,7101.0,291.0,cpu_bursty,291,4235095289334129393,d4767d1bf9746678,15
training,7101.0,292.0,priority_skewed,292,7314063190209998423,f12fe5b5262fd84e,15
training,7101.0,293.0,staggered_interactive,293,2196047707321051597,aae369f3b5f2d54c,15
training,7101.0,294.0,short_jobs,294,8344320748865542249,19977287afb9b28f,15
training,7101.0,295.0,long_jobs,295,2487550038104851032,82ec106afb38e881,15
training,7101.0,296.0,mixed,296,3166502995863077645,ede598914a8871a3,15
training,7101.0,297.0,cpu_bursty,297,9213560114508663091,bd5072d735aa6a44,15
training,7101.0,298.0,priority_skewed,298,69903484993295905,27b1bd9bae53b2b0,15
training,7101.0,299.0,staggered_interactive,299,9135866687418226031,70b7c0f16f1a7944,15
training,7101.0,300.0,short_jobs,300,515019008627682249,cac21bdf13b0a4dd,15
training,7101.0,301.0,long_jobs,301,5977684050001929973,52ad778fc8e39fe5,15
training,7101.0,302.0,mixed,302,6109945757396353294,970ad4eb9f1faad9,15
training,7101.0,303.0,cpu_bursty,303,13032254921556460,3695d11c6d536455,15
training,7101.0,304.0,priority_skewed,304,4946212281671644483,74b6f362fa935123,15
training,7101.0,305.0,staggered_interactive,305,4245027576732736990,525ad76dc5cca14b,15
training,7101.0,306.0,short_jobs,306,7774018493805779730,ac7355a93e44ed08,15
training,7101.0,307.0,long_jobs,307,698146431333887933,45ce88a6069afcbc,15
training,7101.0,308.0,mixed,308,4920767320112911021,44b879d3b675f044,15
training,7101.0,309.0,cpu_bursty,309,991934666019764687,5599877b64dbbbf6,15
training,7101.0,310.0,priority_skewed,310,2556116168797939891,7f04ecaf579a8b84,15
training,7101.0,311.0,staggered_interactive,311,8558074101237301410,77dce0eb5ed73c73,15
training,7101.0,312.0,short_jobs,312,6953939997129420329,69a348716ffa559f,15
training,7101.0,313.0,long_jobs,313,2990090114509579728,5ad9c7b7af7e8555,15
training,7101.0,314.0,mixed,314,457870843489781419,15e64481c2a19e1f,15
training,7101.0,315.0,cpu_bursty,315,384283662069219799,7cc80dd3d7628178,15
training,7101.0,316.0,priority_skewed,316,1299647431059150347,1b2ecc99da28aeb5,15
training,7101.0,317.0,staggered_interactive,317,665306016411529535,b0092824c8ad15a7,15
training,7101.0,318.0,short_jobs,318,2468093494637408769,6cb3bdac1dd6ce38,15
training,7101.0,319.0,long_jobs,319,4793904661304685365,68528e820656199e,15
training,7101.0,320.0,mixed,320,6693583819240304857,e5b3df4ed99fa7cf,15
training,7101.0,321.0,cpu_bursty,321,6925051313436200626,91b47438428a8487,15
training,7101.0,322.0,priority_skewed,322,186719014229875411,e224837e759dec46,15
training,7101.0,323.0,staggered_interactive,323,8216349679527567631,c23b70872b743c00,15
training,7101.0,324.0,short_jobs,324,1320095726860233770,e397004d19ec5db3,15
training,7101.0,325.0,long_jobs,325,255824355780194288,2a6ab1907d7b691a,15
training,7101.0,326.0,mixed,326,4716417889040168546,86e71371095ce03e,15
training,7101.0,327.0,cpu_bursty,327,5840792426591095056,a50004cb40590e73,15
training,7101.0,328.0,priority_skewed,328,7330084607194452976,17a31dd301cfb254,15
training,7101.0,329.0,staggered_interactive,329,8239641894338292574,637327cac801c21f,15
training,7101.0,330.0,short_jobs,330,6895860613120036438,be4d08616a6b0bb9,15
training,7101.0,331.0,long_jobs,331,5143470075886181430,78080918b9fa795e,15
training,7101.0,332.0,mixed,332,828061939359141637,6f76bdcc29532c55,15
training,7101.0,333.0,cpu_bursty,333,3126115548511693736,415e05a8081758f5,15
training,7101.0,334.0,priority_skewed,334,2055765991947125705,40b1f9c9cbe40cd9,15
training,7101.0,335.0,staggered_interactive,335,4500351290039313642,f5ce18ef6769298c,15
training,7101.0,336.0,short_jobs,336,410299818791822419,643b21c321c890b7,15
training,7101.0,337.0,long_jobs,337,5143504227404093025,239871e7c519301b,15
training,7101.0,338.0,mixed,338,6658634156477301541,3feb0ff929a497e1,15
training,7101.0,339.0,cpu_bursty,339,7246758670736567373,6c40787a8041da5c,15
training,7101.0,340.0,priority_skewed,340,1619472893016625551,e57884fc51a7e253,15
training,7101.0,341.0,staggered_interactive,341,3590024956435820013,a31be95d86908fb4,15
training,7101.0,342.0,short_jobs,342,1393448382636450173,f116f0d18d4a1e47,15
training,7101.0,343.0,long_jobs,343,4900135925733350583,d08b86772b703dff,15
training,7101.0,344.0,mixed,344,4290212269178076305,7cbdd6a1659ffa28,15
training,7101.0,345.0,cpu_bursty,345,3909581920256526319,f2e434a2eb4db423,15
training,7101.0,346.0,priority_skewed,346,7136256029244266099,788a3c820ee5c15c,15
training,7101.0,347.0,staggered_interactive,347,3572204407804328343,bdc0257a101bba38,15
training,7101.0,348.0,short_jobs,348,3698084538201665706,00791ab850b31467,15
training,7101.0,349.0,long_jobs,349,9112298708273140273,e5dc760700c055a7,15
training,7101.0,350.0,mixed,350,8899109228150924882,ebc4bb99ab9d47fe,15
training,7101.0,351.0,cpu_bursty,351,8011862441544808084,ee6ed7566bd6e76b,15
training,7101.0,352.0,priority_skewed,352,902410594261098436,2131c13306c783f4,15
training,7101.0,353.0,staggered_interactive,353,1633718628365388801,d4c1c02bc1949e39,15
training,7101.0,354.0,short_jobs,354,1968613727703479448,e0cf9fcc838b29f7,15
training,7101.0,355.0,long_jobs,355,8612001415376171159,cd94b2f50243d971,15
training,7101.0,356.0,mixed,356,1085017856124625448,bef8f21cb31c400a,15
training,7101.0,357.0,cpu_bursty,357,356590911825935358,cd7c47ac42089bf9,15
training,7101.0,358.0,priority_skewed,358,2564366545525418206,3b547d7ece712d41,15
training,7101.0,359.0,staggered_interactive,359,3470926331405470341,0eb385735db9012a,15
training,7101.0,360.0,short_jobs,360,5635585208771051211,4885450131c4390a,15
training,7101.0,361.0,long_jobs,361,4820568707204707883,13baf884dfc50484,15
training,7101.0,362.0,mixed,362,2995735719288604868,3c77c2549bb7f268,15
training,7101.0,363.0,cpu_bursty,363,7182898287706453363,7af2003f39f7aa7a,15
training,7101.0,364.0,priority_skewed,364,701855105201168744,490d530922e16198,15
training,7101.0,365.0,staggered_interactive,365,3304269313712516280,ca1c5210ad5c91f2,15
training,7101.0,366.0,short_jobs,366,7053714145167159757,8cda9b41954549dd,15
training,7101.0,367.0,long_jobs,367,4831582491058475514,829f1f9249a6562d,15
training,7101.0,368.0,mixed,368,5650116205233447805,11df1b306d29a42f,15
training,7101.0,369.0,cpu_bursty,369,4160904000473572807,d36c8aef8a47887c,15
training,7101.0,370.0,priority_skewed,370,3885474150002638760,b7425ea5faa88ab9,15
training,7101.0,371.0,staggered_interactive,371,4710661408099502688,33d980d90fa39139,15
training,7101.0,372.0,short_jobs,372,1820980429025513995,a5a06ffb2bf6ee90,15
training,7101.0,373.0,long_jobs,373,494538122031898220,0a53e834398fdaa0,15
training,7101.0,374.0,mixed,374,220154252205781406,28e05f8bf661a4e5,15
training,7101.0,375.0,cpu_bursty,375,3714438826816719636,8e39e2712dd09a48,15
training,7101.0,376.0,priority_skewed,376,4900667206400729835,946284dbfec3088a,15
training,7101.0,377.0,staggered_interactive,377,80497929490951277,f20630dd3bad6cce,15
training,7101.0,378.0,short_jobs,378,2496240729475028763,2a6b5087a97bcf5d,15
training,7101.0,379.0,long_jobs,379,4669686981779311141,89c5b47db082cd68,15
training,7101.0,380.0,mixed,380,5173638952370396615,7ef645de5a1bffbb,15
training,7101.0,381.0,cpu_bursty,381,3902456533266404124,cf91e167b1fb998e,15
training,7101.0,382.0,priority_skewed,382,1741600230722744117,48a6775a72bceebf,15
training,7101.0,383.0,staggered_interactive,383,2055141768881479898,f900ffdf532b0fec,15
training,7101.0,384.0,short_jobs,384,7489403146001139977,0dd6f7d3726586e0,15
training,7101.0,385.0,long_jobs,385,5673887087016910368,47da670712ca2b58,15
training,7101.0,386.0,mixed,386,4553451812337126229,ec6d6c1f6d3c65f7,15
training,7101.0,387.0,cpu_bursty,387,4553570122584002220,1f1f2ee42d58489a,15
training,7101.0,388.0,priority_skewed,388,5113212719944820150,b3961fa6a73beb9e,15
training,7101.0,389.0,staggered_interactive,389,1271782794626819063,89d0cd3c7f534fd3,15
training,7101.0,390.0,short_jobs,390,7362085094088536820,026d0886d96215fb,15
training,7101.0,391.0,long_jobs,391,5956497747180107016,b3c592defc37ab77,15
training,7101.0,392.0,mixed,392,3126765582810357994,a1094c8cb0078e98,15
training,7101.0,393.0,cpu_bursty,393,6533948731791328123,a074494acb50c0ba,15
training,7101.0,394.0,priority_skewed,394,1876264752807071537,44b5c5b9dca69b9f,15
training,7101.0,395.0,staggered_interactive,395,910390167073393951,66104b5b9f949ae9,15
training,7101.0,396.0,short_jobs,396,4221490451412683263,4282965cf941a86a,15
training,7101.0,397.0,long_jobs,397,911026128188843012,52f86219b1168d6d,15
training,7101.0,398.0,mixed,398,991797442897014343,cb6cc53804b3ae49,15
training,7101.0,399.0,cpu_bursty,399,7833810828004364364,a2c73829ca10529f,15
training,7101.0,400.0,priority_skewed,400,4259278545129973783,eae84b25a1f90b33,15
training,7101.0,401.0,staggered_interactive,401,8216697057124762972,1afe6ae392006d35,15
training,7101.0,402.0,short_jobs,402,3100853892351170307,4fbf471c99d84d0c,15
training,7101.0,403.0,long_jobs,403,3723426129168938416,1115b87440e60b61,15
training,7101.0,404.0,mixed,404,5188789495457713343,6b919eaf22496db5,15
training,7101.0,405.0,cpu_bursty,405,302506679134245500,2bbeaad165acb9b7,15
training,7101.0,406.0,priority_skewed,406,3085376572566819535,cc2e515688a5ead1,15
training,7101.0,407.0,staggered_interactive,407,4153376119126169343,dceb8cb322070d4f,15
training,7101.0,408.0,short_jobs,408,2682201660088605327,eba8f478ff4620cf,15
training,7101.0,409.0,long_jobs,409,5339066170715460946,9e3eccaf868e6996,15
training,7101.0,410.0,mixed,410,3434444898360756725,82dec4bb09c1a250,15
training,7101.0,411.0,cpu_bursty,411,6467020709689718900,ba5edac20976d848,15
training,7101.0,412.0,priority_skewed,412,8150454774561037726,96fbb8619ea0018c,15
training,7101.0,413.0,staggered_interactive,413,227573713328759628,f93d5b2b4ba1674c,15
training,7101.0,414.0,short_jobs,414,8164116586654950790,272d48111a445f70,15
training,7101.0,415.0,long_jobs,415,4395129305177378111,e673e271bc8789a1,15
training,7101.0,416.0,mixed,416,5004239073788551011,9ea766b23ed82a95,15
training,7101.0,417.0,cpu_bursty,417,8150210167770214980,a8ba8ce4ac4208ac,15
training,7101.0,418.0,priority_skewed,418,3974585413444597861,ccce50a388c9bd24,15
training,7101.0,419.0,staggered_interactive,419,751769548004073256,52595433eafb2b58,15
training,7101.0,420.0,short_jobs,420,5303400351628684089,57255f4386742cb3,15
training,7101.0,421.0,long_jobs,421,4922875380920379068,751b1e7472ef06c8,15
training,7101.0,422.0,mixed,422,3394669443318848756,367f1bb2e8b715a5,15
training,7101.0,423.0,cpu_bursty,423,8337701753811921481,9bea25cd4a28fc05,15
training,7101.0,424.0,priority_skewed,424,8936222643233195256,312082c39573a4bb,15
training,7101.0,425.0,staggered_interactive,425,3682981811505874859,0b523314d8b1d29b,15
training,7101.0,426.0,short_jobs,426,7265851839931359855,64aca21400c619fc,15
training,7101.0,427.0,long_jobs,427,3434755484513766694,d13bdd729c1c3962,15
training,7101.0,428.0,mixed,428,5774786934045708278,d3f1321d25f27fca,15
training,7101.0,429.0,cpu_bursty,429,7525440505933490088,df9f93b5559d0c83,15
training,7101.0,430.0,priority_skewed,430,8548902698469078943,25247fc187dad997,15
training,7101.0,431.0,staggered_interactive,431,6902817859103750607,78df2417fbd6a1c2,15
training,7101.0,432.0,short_jobs,432,6042785736866559626,26adf48485ac743b,15
training,7101.0,433.0,long_jobs,433,4877238700869233264,60a22443d9e1f528,15
training,7101.0,434.0,mixed,434,5327086921114318651,bfd1d2033ef2cb0f,15
training,7101.0,435.0,cpu_bursty,435,3151711659856566611,1e9deb4396e5a604,15
training,7101.0,436.0,priority_skewed,436,6278486782670804412,b220acaf6555bb3d,15
training,7101.0,437.0,staggered_interactive,437,5889950087331647885,72818cdcb4167086,15
training,7101.0,438.0,short_jobs,438,8101708329233167339,332a2a72f0eeca05,15
training,7101.0,439.0,long_jobs,439,1741091968945069800,e8ffadf461393a58,15
training,7101.0,440.0,mixed,440,2999027902296431634,b5bff5d6068b7c65,15
training,7101.0,441.0,cpu_bursty,441,6135093802653438334,702198416f76e3ab,15
training,7101.0,442.0,priority_skewed,442,8271317605456814131,26ba8a262eb47067,15
training,7101.0,443.0,staggered_interactive,443,4896626032613167459,d1a1a26ef73e780a,15
training,7101.0,444.0,short_jobs,444,1304330590102461048,46952023e62fd619,15
training,7101.0,445.0,long_jobs,445,2301002534831782604,96d0d90189bb7972,15
training,7101.0,446.0,mixed,446,2809988323707689222,2c48dff84c3f53f3,15
training,7101.0,447.0,cpu_bursty,447,5722355714568290254,2f97f5188ca14ce5,15
training,7101.0,448.0,priority_skewed,448,1751287502613044789,7ef7e41295bc0072,15
training,7101.0,449.0,staggered_interactive,449,3866508768604300606,85956880e2848f73,15
training,7101.0,450.0,short_jobs,450,5980387195716142561,a6029d5accdc3de5,15
training,7101.0,451.0,long_jobs,451,5346063865688063034,ac532bff3140d24c,15
training,7101.0,452.0,mixed,452,7282499057898165090,e2a373d7e83e1335,15
training,7101.0,453.0,cpu_bursty,453,5024639561853556277,695d194169a6def7,15
training,7101.0,454.0,priority_skewed,454,5387780314347147917,3efdac16285d1a12,15
training,7101.0,455.0,staggered_interactive,455,4280908034295305669,25b7044b370bb3eb,15
training,7101.0,456.0,short_jobs,456,241695886390501472,4146e56647b04fbe,15
training,7101.0,457.0,long_jobs,457,9012912485129107324,47749af519dcfeb3,15
training,7101.0,458.0,mixed,458,5086141370363827938,362eadd41e6233e1,15
training,7101.0,459.0,cpu_bursty,459,8564259680467891872,3ecd21aeaed71f08,15
training,7101.0,460.0,priority_skewed,460,5062556103727170081,5e291ebe9782ef3d,15
training,7101.0,461.0,staggered_interactive,461,5884733875556878531,5d08f81e92c7bf01,15
training,7101.0,462.0,short_jobs,462,8691674252747938442,d8f4418ae91b2bcf,15
training,7101.0,463.0,long_jobs,463,8148546776028665068,2a9c581d1eb787b1,15
training,7101.0,464.0,mixed,464,286536691333150424,b7e12a12ea1b0fc1,15
training,7101.0,465.0,cpu_bursty,465,6791883882709971479,e16c95ab04d52a35,15
training,7101.0,466.0,priority_skewed,466,5858051411333626353,d7344dd62656d0d6,15
training,7101.0,467.0,staggered_interactive,467,8133465723313072248,df4cbce9b63c8bdc,15
training,7101.0,468.0,short_jobs,468,7601122358047282313,15aeacf25de0ed67,15
training,7101.0,469.0,long_jobs,469,5963845059650979297,621897b87aceeb7b,15
training,7101.0,470.0,mixed,470,4815857869745266527,d4a1c156232320c6,15
training,7101.0,471.0,cpu_bursty,471,7711939849697227207,5c4cf5bf7db34320,15
training,7101.0,472.0,priority_skewed,472,4476523913187762625,538408caba914af4,15
training,7101.0,473.0,staggered_interactive,473,4604622198760501484,d9b4fccb50756665,15
training,7101.0,474.0,short_jobs,474,7056922320119220498,468990143edcb9ff,15
training,7101.0,475.0,long_jobs,475,646539438409079653,28f4c34841a6030d,15
training,7101.0,476.0,mixed,476,4841444496244602737,a7bff176287106e7,15
training,7101.0,477.0,cpu_bursty,477,706257915264682277,775a28487eca1655,15
training,7101.0,478.0,priority_skewed,478,5778368460016557781,8950b1bb0d6ca366,15
training,7101.0,479.0,staggered_interactive,479,952715189580667025,ba1aa90307416bfa,15
training,7101.0,480.0,short_jobs,480,8324258002940783001,cb50c71a88444ef6,15
training,7101.0,481.0,long_jobs,481,7907218580383681556,50f9c57bb42cfa8c,15
training,7101.0,482.0,mixed,482,8491967344133307853,66e61acbfed0ea10,15
training,7101.0,483.0,cpu_bursty,483,1106496361756035869,5630d5eb538450ce,15
training,7101.0,484.0,priority_skewed,484,1794791158963966774,afdb50cabdb52ba0,15
training,7101.0,485.0,staggered_interactive,485,1694190311008537072,82988a7ae686f653,15
training,7101.0,486.0,short_jobs,486,5925736963007941519,9de3a7debfad56e9,15
training,7101.0,487.0,long_jobs,487,6281649080519300797,c8565711be88fee7,15
training,7101.0,488.0,mixed,488,4864096366839472096,37b76703bdc96950,15
training,7101.0,489.0,cpu_bursty,489,1211753979807954036,c6623ad56ddcfd3e,15
training,7101.0,490.0,priority_skewed,490,8372391264035069677,85d11863c1acfc9a,15
training,7101.0,491.0,staggered_interactive,491,6172718182914381417,931651725198d68e,15
training,7101.0,492.0,short_jobs,492,1870182977574703969,1311c2359fe457dc,15
training,7101.0,493.0,long_jobs,493,7514633512096271408,49ba43afa71f40ea,15
training,7101.0,494.0,mixed,494,4189751116156372836,c1f81a8c62039dc0,15
training,7101.0,495.0,cpu_bursty,495,5730524425357652509,d8f7508c5a0af6c4,15
training,7101.0,496.0,priority_skewed,496,5273012732274429596,78064b3e8a92ba1b,15
training,7101.0,497.0,staggered_interactive,497,5575202325847751331,8fd0d95f851eec81,15
training,7101.0,498.0,short_jobs,498,2291098295181952671,cf0f3092b66bb41e,15
training,7101.0,499.0,long_jobs,499,1320681174914451416,dceb05c567c24fcf,15
training,7101.0,500.0,mixed,500,8941914026584816014,4d0310aed8464911,15
training,7101.0,501.0,cpu_bursty,501,5213490803614455315,1e5efd795a78add4,15
training,7101.0,502.0,priority_skewed,502,5510672243785389293,8770c503d4228663,15
training,7101.0,503.0,staggered_interactive,503,8330109961246432838,3003b7b4a47442e7,15
training,7101.0,504.0,short_jobs,504,6738022660037700878,7d7bc0c0c5dfa149,15
training,7101.0,505.0,long_jobs,505,1695315453211104223,cbb754d442a9c4c8,15
training,7101.0,506.0,mixed,506,4490229937673458105,8c40b4dd9820adc5,15
training,7101.0,507.0,cpu_bursty,507,6458814517444488948,cc752287584ab727,15
training,7101.0,508.0,priority_skewed,508,7797003494576664986,d8e601c2955467c6,15
training,7101.0,509.0,staggered_interactive,509,4268029246899613723,2431531ce820295d,15
training,7101.0,510.0,short_jobs,510,4228619540648285614,60a77a78cb6c39eb,15
training,7101.0,511.0,long_jobs,511,432071948540129037,252f11c1a8452ee3,15
training,7101.0,512.0,mixed,512,3833608241679578862,20b4a9b09876e907,15
training,7101.0,513.0,cpu_bursty,513,820780477202271068,246f7b0f49a12e7f,15
training,7101.0,514.0,priority_skewed,514,3713669152923222015,05af04b3bbac5cb3,15
training,7101.0,515.0,staggered_interactive,515,673803448864544516,81a9224b63312dbd,15
training,7101.0,516.0,short_jobs,516,5155526495454833734,42cec51f1fe468c5,15
training,7101.0,517.0,long_jobs,517,2828761864000478353,de6cf135bde274f4,15
training,7101.0,518.0,mixed,518,9066059231079826525,878c9aeba1cde4e7,15
training,7101.0,519.0,cpu_bursty,519,6274628668375147053,1b07e381d04d9636,15
training,7101.0,520.0,priority_skewed,520,1496951219898363954,a8f5b4528496e381,15
training,7101.0,521.0,staggered_interactive,521,8654989913543914132,f124772873015e97,15
training,7101.0,522.0,short_jobs,522,3621776085948090575,24f3ecb6c9477af6,15
training,7101.0,523.0,long_jobs,523,6226980168238461358,11539eb3f5491712,15
training,7101.0,524.0,mixed,524,6180729642362115792,07eba8b10a2a0349,15
training,7101.0,525.0,cpu_bursty,525,5584554892624521785,c8a373c1f4c41f3f,15
training,7101.0,526.0,priority_skewed,526,1218776980995958338,15cae1d922a0281c,15
training,7101.0,527.0,staggered_interactive,527,9160600791746817187,3e334f8306fb2401,15
training,7101.0,528.0,short_jobs,528,2160355948933453007,080a0d5a172e8351,15
training,7101.0,529.0,long_jobs,529,5271380535850554439,f10daecf99f86885,15
training,7101.0,530.0,mixed,530,8304848299490699826,7edc530e3b0bcfc5,15
training,7101.0,531.0,cpu_bursty,531,5364630243456699034,4fe2d2db21756557,15
training,7101.0,532.0,priority_skewed,532,894427309711743603,a046447326fa1b72,15
training,7101.0,533.0,staggered_interactive,533,2740566166540313815,11131f2c3908ea52,15
training,7101.0,534.0,short_jobs,534,3003355222792415566,a0aba98bc923786a,15
training,7101.0,535.0,long_jobs,535,145244737310913387,fcbbd587e994fad7,15
training,7101.0,536.0,mixed,536,5262590839224455966,af1213160fa91c4c,15
training,7101.0,537.0,cpu_bursty,537,1949562377512990167,f77c9a49363c7e87,15
training,7101.0,538.0,priority_skewed,538,2265266081283453029,ba0d4431ef598d55,15
training,7101.0,539.0,staggered_interactive,539,2643402372509898402,14f2f86a7900f594,15
training,7101.0,540.0,short_jobs,540,2447765259823799738,a0fdc0b10f91fa05,15
training,7101.0,541.0,long_jobs,541,5801919380414566876,002558f0383a1d90,15
training,7101.0,542.0,mixed,542,4183064399797636330,0ca4604c7a160ae7,15
training,7101.0,543.0,cpu_bursty,543,8361163816644737285,9fd12a88e74bd2a3,15
training,7101.0,544.0,priority_skewed,544,1344967005258549500,4e53c00c01174a0a,15
training,7101.0,545.0,staggered_interactive,545,6958743046936372649,a1cdcc39e00092b3,15
training,7101.0,546.0,short_jobs,546,4778144334879685626,6c0c42bb683e7a20,15
training,7101.0,547.0,long_jobs,547,4460090744863104485,93e385d9ec135490,15
training,7101.0,548.0,mixed,548,1187859285707801089,77be2103e991cf3a,15
training,7101.0,549.0,cpu_bursty,549,2560077523939447941,6aedbb4fe7c1c301,15
training,7101.0,550.0,priority_skewed,550,3695317376986023119,f4fcd393b15cbf39,15
training,7101.0,551.0,staggered_interactive,551,1783065383338649130,5e187e85deb093a4,15
training,7101.0,552.0,short_jobs,552,3446176121014072613,20eae1b87eb28acc,15
training,7101.0,553.0,long_jobs,553,852820865198242410,0af18edff6964cf7,15
training,7101.0,554.0,mixed,554,2843168818678067450,3915a528f22014f1,15
training,7101.0,555.0,cpu_bursty,555,6418839447681907894,8550d8182953d782,15
training,7101.0,556.0,priority_skewed,556,3177815853572677285,3fe86d591b60ad3c,15
training,7101.0,557.0,staggered_interactive,557,6579664627949011185,7f4cc67729ded7d0,15
training,7101.0,558.0,short_jobs,558,311499692115043886,57eaf2475fca5c93,15
training,7101.0,559.0,long_jobs,559,5369562812369737376,f0bda75d251a0db6,15
training,7101.0,560.0,mixed,560,8093637428527893400,ae98aeaf13153095,15
training,7101.0,561.0,cpu_bursty,561,8582666789223151682,28d3894b0d70f07a,15
training,7101.0,562.0,priority_skewed,562,3734833223472816931,1f0d578c4564a924,15
training,7101.0,563.0,staggered_interactive,563,1464556642108559537,81aa59add5c24607,15
training,7101.0,564.0,short_jobs,564,3307790926804108636,16662fcf8d9040ef,15
training,7101.0,565.0,long_jobs,565,6493335885837731629,ca5a66f6e1d5569f,15
training,7101.0,566.0,mixed,566,6796899394914803206,19bd9414e9e41201,15
training,7101.0,567.0,cpu_bursty,567,6813826432812430197,6a7823d3cadccad0,15
training,7101.0,568.0,priority_skewed,568,3599117707282348931,6690de2cfd34d80e,15
training,7101.0,569.0,staggered_interactive,569,1646343751634425872,63e77ad6af41d7f6,15
training,7101.0,570.0,short_jobs,570,8787481296468944508,c68fad2742469d32,15
training,7101.0,571.0,long_jobs,571,701474264793758231,74beb2c50898f924,15
training,7101.0,572.0,mixed,572,8763109518095852048,47a421dee2f34c3d,15
training,7101.0,573.0,cpu_bursty,573,8432333708335125557,378c98747133b638,15
training,7101.0,574.0,priority_skewed,574,1637330828454785867,e3c4f1c754f4ef0f,15
training,7101.0,575.0,staggered_interactive,575,3227238540006788610,1d2540e0207a9f20,15
training,7101.0,576.0,short_jobs,576,1222516008050801856,2b380852fb9fc854,15
training,7101.0,577.0,long_jobs,577,551262837920459128,9490066f5f4415cf,15
training,7101.0,578.0,mixed,578,938898697456992869,a7cee0a5925b5128,15
training,7101.0,579.0,cpu_bursty,579,7959567662668711904,34442ca962e790c6,15
training,7101.0,580.0,priority_skewed,580,9100834866519657155,ad6f62af435111c2,15
training,7101.0,581.0,staggered_interactive,581,9148746093943933842,086d7d20ecececc4,15
training,7101.0,582.0,short_jobs,582,8048655695534395369,62130eed2f64a272,15
training,7101.0,583.0,long_jobs,583,7709415409968236720,27e209128502a617,15
training,7101.0,584.0,mixed,584,5847414232168626632,8054c0ad6a1bbcdb,15
training,7101.0,585.0,cpu_bursty,585,2943233539194914858,3caeacf0a96b3e0a,15
training,7101.0,586.0,priority_skewed,586,8086787536925967757,5def7a59ef1355ff,15
training,7101.0,587.0,staggered_interactive,587,2812541054649002382,9b7de38025d96a42,15
training,7101.0,588.0,short_jobs,588,1567825978017429538,8dc5f13545f89356,15
training,7101.0,589.0,long_jobs,589,3546548270498418515,39e836fa35bc5bb0,15
training,7101.0,590.0,mixed,590,518118660633517152,fb3580558d913071,15
training,7101.0,591.0,cpu_bursty,591,2112626891510009468,a6c326230cba5362,15
training,7101.0,592.0,priority_skewed,592,6627575388346275862,d692ac705a953d45,15
training,7101.0,593.0,staggered_interactive,593,7204370001967693147,ed725b8e9555a810,15
training,7101.0,594.0,short_jobs,594,8651016188957110423,44e04b561a6f8b3f,15
training,7101.0,595.0,long_jobs,595,465309024017904335,4c48412d3ada8c0a,15
training,7101.0,596.0,mixed,596,680388258515212066,88b57b6a67a6f787,15
training,7101.0,597.0,cpu_bursty,597,6948137361729875774,f3eda47848e6b162,15
training,7101.0,598.0,priority_skewed,598,3913271369077368778,0e8f9caa0f9b1de1,15
training,7101.0,599.0,staggered_interactive,599,1347842223090836741,c4206ff99ac363f1,15
training,7101.0,600.0,short_jobs,600,1599519690471944146,345a0563743af9f9,15
training,7101.0,601.0,long_jobs,601,5166169896204486509,236d05959ce08d65,15
training,7101.0,602.0,mixed,602,9147223243871224116,be131e572b5d1e1e,15
training,7101.0,603.0,cpu_bursty,603,3345966949731999578,6e669727726b1875,15
training,7101.0,604.0,priority_skewed,604,8772846220170480588,90d85dcede5220bd,15
training,7101.0,605.0,staggered_interactive,605,4044368578095824834,36103762d69f6f21,15
training,7101.0,606.0,short_jobs,606,6337404928440821788,71ac84ed843c9328,15
training,7101.0,607.0,long_jobs,607,2790897016490467229,95dab3797f1113af,15
training,7101.0,608.0,mixed,608,1678656406414869772,92b099930b8dbe21,15
training,7101.0,609.0,cpu_bursty,609,7834812031321062313,13c5f4ae088dfa76,15
training,7101.0,610.0,priority_skewed,610,8675320998750765060,be32cdd833ccce12,15
training,7101.0,611.0,staggered_interactive,611,3144791764675612435,19e3e9ebb8219455,15
training,7101.0,612.0,short_jobs,612,699433067674931351,b5544e529fb287a9,15
training,7101.0,613.0,long_jobs,613,8975633960048615593,d0c64416cf78328b,15
training,7101.0,614.0,mixed,614,3009306593690807711,529cba0b429486d4,15
training,7101.0,615.0,cpu_bursty,615,4834852303818069754,044e0257a85ff481,15
training,7101.0,616.0,priority_skewed,616,1887302349785017742,d22628aa4b6192c2,15
training,7101.0,617.0,staggered_interactive,617,918467488508077656,554e1894306baa88,15
training,7101.0,618.0,short_jobs,618,4335619646723044152,17d114804523da0e,15
training,7101.0,619.0,long_jobs,619,1570597623605189883,b3a1d7516a21a0e8,15
training,7101.0,620.0,mixed,620,6589341074653125260,d6e801b5d08c194c,15
training,7101.0,621.0,cpu_bursty,621,35528929394502828,3e1ac0236caffdd6,15
training,7101.0,622.0,priority_skewed,622,8891930761687394700,5b16ad088137c606,15
training,7101.0,623.0,staggered_interactive,623,5419173311323681396,f5f7d2ee36a98c08,15
training,7101.0,624.0,short_jobs,624,2358914643594774757,7ffac8fbe2e90261,15
training,7101.0,625.0,long_jobs,625,6459979276418213100,79774225529aaf13,15
training,7101.0,626.0,mixed,626,6831593238984894764,967d98f24772a5f2,15
training,7101.0,627.0,cpu_bursty,627,6275265874095967540,396043f9fc74444a,15
training,7101.0,628.0,priority_skewed,628,2854797959042341587,b8035077a86f897e,15
training,7101.0,629.0,staggered_interactive,629,7508619075128750490,c37b2f7942c92f45,15
training,7101.0,630.0,short_jobs,630,516010956547529109,afdd4aa0c2c16906,15
training,7101.0,631.0,long_jobs,631,8597767302703273884,ceb1a4e5c9b5f77a,15
training,7101.0,632.0,mixed,632,5881843833721977933,bb5799d4aa44ac83,15
training,7101.0,633.0,cpu_bursty,633,6557270108777396262,c05ed643eb36d249,15
training,7101.0,634.0,priority_skewed,634,5437480210472099327,c3c8e04677635aca,15
training,7101.0,635.0,staggered_interactive,635,3757581635443251744,b2f00a1c56b780bf,15
training,7101.0,636.0,short_jobs,636,8890181614947145654,044d1a1684209edb,15
training,7101.0,637.0,long_jobs,637,1207872127549010939,c95745d46f1c347e,15
training,7101.0,638.0,mixed,638,1497089843248592406,afe78158c105eec8,15
training,7101.0,639.0,cpu_bursty,639,5786099001023314486,8eff5621d98d13bc,15
training,7101.0,640.0,priority_skewed,640,293635345187934409,58e220bc0b5b4e07,15
training,7101.0,641.0,staggered_interactive,641,382179371131801149,9e554b48c425a37b,15
training,7101.0,642.0,short_jobs,642,5756104690188414313,0b279c2b609a6633,15
training,7101.0,643.0,long_jobs,643,208583088691428281,e156abf472fcfae4,15
training,7101.0,644.0,mixed,644,6513775672617434679,d64a29eadda69220,15
training,7101.0,645.0,cpu_bursty,645,6197064206193514154,33ccaef11c483f2e,15
training,7101.0,646.0,priority_skewed,646,6129912261823425770,904938bfaaea20fa,15
training,7101.0,647.0,staggered_interactive,647,7038184897778773730,160f45f720a6a4d8,15
training,7101.0,648.0,short_jobs,648,4967621667192019149,4d040be4a5761425,15
training,7101.0,649.0,long_jobs,649,4810415672934082723,0a4097d68259f2a2,15
training,7101.0,650.0,mixed,650,2898716654600675698,5e233e5ad3e334b7,15
training,7101.0,651.0,cpu_bursty,651,6720621320370871166,004c5b260c791cf7,15
training,7101.0,652.0,priority_skewed,652,7301346541559406405,46791941a54f43ca,15
training,7101.0,653.0,staggered_interactive,653,2874295101314369962,0eefaa56ee16ea70,15
training,7101.0,654.0,short_jobs,654,354654465456579368,58819526725bc5cb,15
training,7101.0,655.0,long_jobs,655,5150040908106253851,63928a3d28608ff1,15
training,7101.0,656.0,mixed,656,6199983761020145083,a98fc0e7c3b4136c,15
training,7101.0,657.0,cpu_bursty,657,5147833194461229372,d34d10ddece8add0,15
training,7101.0,658.0,priority_skewed,658,4243196376217961420,340d311ac699d236,15
training,7101.0,659.0,staggered_interactive,659,1457132520517779769,2e5867233538d214,15
training,7101.0,660.0,short_jobs,660,8451327177786634643,2cfb352d0e648a89,15
training,7101.0,661.0,long_jobs,661,3541587504590950358,67d3efd6c7771bab,15
training,7101.0,662.0,mixed,662,579838852941417911,5439edd7ec8b09ad,15
training,7101.0,663.0,cpu_bursty,663,5264127122544888028,49b1d02a0d1bce33,15
training,7101.0,664.0,priority_skewed,664,5804639456222241634,47ec3048a21389cd,15
training,7101.0,665.0,staggered_interactive,665,730094913393954092,bb478a4cac5e9540,15
training,7101.0,666.0,short_jobs,666,8344283912192779583,b5bd830a8c03a210,15
training,7101.0,667.0,long_jobs,667,4494328364779026757,ade2a5731d689877,15
training,7101.0,668.0,mixed,668,2900730968404405587,ef4334627c9c4f3d,15
training,7101.0,669.0,cpu_bursty,669,2222608128053521212,1c6c1c8ae587796c,15
training,7101.0,670.0,priority_skewed,670,9028916783889716950,39b7567442d6f4f9,15
training,7101.0,671.0,staggered_interactive,671,5303095473675893239,5c60923839ba7cc4,15
training,7101.0,672.0,short_jobs,672,948352584288965423,ddee83665e600d09,15
training,7101.0,673.0,long_jobs,673,7694728393729068733,9c4015c7cc9ebb04,15
training,7101.0,674.0,mixed,674,8713606841831643146,c224371985b30bbe,15
training,7101.0,675.0,cpu_bursty,675,3953920661416931381,b46b08e362778439,15
training,7101.0,676.0,priority_skewed,676,3852273243529541230,2295a3c95f98d604,15
training,7101.0,677.0,staggered_interactive,677,5670503409330577100,d094abd160ccb375,15
training,7101.0,678.0,short_jobs,678,4814628354378388154,fcb38c6129fc0613,15
training,7101.0,679.0,long_jobs,679,6721872130476168210,d0836f5510ea03c7,15
training,7101.0,680.0,mixed,680,1390557945059671354,3af366eae411899a,15
training,7101.0,681.0,cpu_bursty,681,7155972857561934214,3c3075238a289a3c,15
training,7101.0,682.0,priority_skewed,682,5884659243250019856,6ae98b24be8bece2,15
training,7101.0,683.0,staggered_interactive,683,5405991480796980987,27823fc6bdbe7838,15
training,7101.0,684.0,short_jobs,684,3542948136889494395,4bcdfd4841f57a95,15
training,7101.0,685.0,long_jobs,685,4542993563488648422,f5439e6f0a3d1bfa,15
training,7101.0,686.0,mixed,686,6999243657659836899,392c069e6e8ce9f2,15
training,7101.0,687.0,cpu_bursty,687,1334669337219483782,b14b847671df20cc,15
training,7101.0,688.0,priority_skewed,688,176174109146088096,43117adc273e7349,15
training,7101.0,689.0,staggered_interactive,689,3979954007032280493,a40d256bc787aa31,15
training,7101.0,690.0,short_jobs,690,4907688378703022773,4e397132c3b68b48,15
training,7101.0,691.0,long_jobs,691,6888872514450471909,d80afd4b18136a65,15
training,7101.0,692.0,mixed,692,3487181125650770898,ef0322aa3e5bf147,15
training,7101.0,693.0,cpu_bursty,693,272376621227001524,9a153a08db23edb4,15
training,7101.0,694.0,priority_skewed,694,3145037106874926970,4e94c90635bf1e15,15
training,7101.0,695.0,staggered_interactive,695,3055470660099578019,0d5e484b4048f6ff,15
training,7101.0,696.0,short_jobs,696,6543471794181806420,099621a1584e4da7,15
training,7101.0,697.0,long_jobs,697,5919288410964930241,0052cea12e88bd2f,15
training,7101.0,698.0,mixed,698,3274821088427005314,d89fbd549600ff9b,15
training,7101.0,699.0,cpu_bursty,699,3875882891918829041,a5ee4c32f90e2a2e,15
training,7101.0,700.0,priority_skewed,700,5130695582832937867,7dd291bf31eace2d,15
training,7101.0,701.0,staggered_interactive,701,9127816281555932163,faacc4476adc4ddb,15
training,7101.0,702.0,short_jobs,702,8934390339883660941,8c596209e0015563,15
training,7101.0,703.0,long_jobs,703,2914662522325000569,53e710a224886567,15
training,7101.0,704.0,mixed,704,2706451260884677018,1298901810d36864,15
training,7101.0,705.0,cpu_bursty,705,7475384969072219355,ff6be4b4ef33894f,15
training,7101.0,706.0,priority_skewed,706,4068127534939936593,7d55317182c3e853,15
training,7101.0,707.0,staggered_interactive,707,1966616263204496964,50f348c000ee831d,15
training,7101.0,708.0,short_jobs,708,911944134430477825,c0a06174fb25584a,15
training,7101.0,709.0,long_jobs,709,7929744725070257000,12a0e0c6c42b5894,15
training,7101.0,710.0,mixed,710,5789170105918775618,6594e84291518021,15
training,7101.0,711.0,cpu_bursty,711,7108300076192722968,f6e17a5660da1fc5,15
training,7101.0,712.0,priority_skewed,712,6693932668934141163,559d7597b4882e84,15
training,7101.0,713.0,staggered_interactive,713,4872745071098792505,fc22a1b14b65de84,15
training,7101.0,714.0,short_jobs,714,7559613714154347922,b67a2ac1615d5cbb,15
training,7101.0,715.0,long_jobs,715,4501462422995964097,ec63a7abb29bc402,15
training,7101.0,716.0,mixed,716,223748162350681870,fbeb7442512bed34,15
training,7101.0,717.0,cpu_bursty,717,3456655978027969809,c48369fe81867a7f,15
training,7101.0,718.0,priority_skewed,718,87970777093639910,9182f60e6894ef3f,15
training,7101.0,719.0,staggered_interactive,719,151094056156217302,1bbab7d64de47cf9,15
training,7101.0,720.0,short_jobs,720,7785988724226163343,4eb85a3cd67f396e,15
training,7101.0,721.0,long_jobs,721,51893268630043772,f03910047f5413db,15
training,7101.0,722.0,mixed,722,7888188537324152052,4cf4010351ceb4e1,15
training,7101.0,723.0,cpu_bursty,723,6537676881339916370,cf2eb65436e672a4,15
training,7101.0,724.0,priority_skewed,724,7467932313578818562,0a0c1828416c9d2b,15
training,7101.0,725.0,staggered_interactive,725,8317367868822625879,d2de0df586debd65,15
training,7101.0,726.0,short_jobs,726,7910264973174981555,4e005da332dbf27f,15
training,7101.0,727.0,long_jobs,727,2530262382264080910,bd144eaac8eecb90,15
training,7101.0,728.0,mixed,728,6823233707525618210,1eee15c7eb6ea18d,15
training,7101.0,729.0,cpu_bursty,729,9137871683060388058,d3af56a90a026c0b,15
training,7101.0,730.0,priority_skewed,730,8101951469059224861,f4b64ccabcf76b0f,15
training,7101.0,731.0,staggered_interactive,731,7301734403278759122,608e4aa4c2ddc54f,15
training,7101.0,732.0,short_jobs,732,1174206235506066647,59ac4bd8f6fa509f,15
training,7101.0,733.0,long_jobs,733,8932854710936218637,eccbd3f149d69c9e,15
training,7101.0,734.0,mixed,734,2750952450405673041,f220757a23fca2d7,15
training,7101.0,735.0,cpu_bursty,735,5699699371245026832,9e1013a27925ab54,15
training,7101.0,736.0,priority_skewed,736,8862264851004839706,cbe57aeb8b94fff5,15
training,7101.0,737.0,staggered_interactive,737,6905157174991678252,00775ccd9cfced35,15
training,7101.0,738.0,short_jobs,738,7891018641688903853,dc8062397f6b9853,15
training,7101.0,739.0,long_jobs,739,6567222271658265184,948a52037a5600fb,15
training,7101.0,740.0,mixed,740,6179848165968922964,497169ac1d6237b0,15
training,7101.0,741.0,cpu_bursty,741,4820088774786222792,cea337e77606aacd,15
training,7101.0,742.0,priority_skewed,742,5895708969199643000,2fd603c5f377c867,15
training,7101.0,743.0,staggered_interactive,743,2247981903049320139,c67322d0c56ae7a9,15
training,7101.0,744.0,short_jobs,744,6390467581409464869,eb32baf36f431c03,15
training,7101.0,745.0,long_jobs,745,2232314996967439102,21a457172d125511,15
training,7101.0,746.0,mixed,746,9165151177569356928,ca06456811ad5758,15
training,7101.0,747.0,cpu_bursty,747,4742588594625575704,623cc436d19a1d30,15
training,7101.0,748.0,priority_skewed,748,4324014403491446186,9e8daaffbba99068,15
training,7101.0,749.0,staggered_interactive,749,3833854306319360698,7885b493bff127dc,15
training,7101.0,750.0,short_jobs,750,8336165110312380559,327e25a4f4cd4d20,15
training,7101.0,751.0,long_jobs,751,3831166450034605905,bb9fd6890d3324e1,15
training,7101.0,752.0,mixed,752,3974523296512980052,e37e403eb5e95806,15
training,7101.0,753.0,cpu_bursty,753,1084331197670059912,fb3b63493e7714e5,15
training,7101.0,754.0,priority_skewed,754,5435975165492016360,c74568bfd1723386,15
training,7101.0,755.0,staggered_interactive,755,7567535430690108036,dd43bbe67a20b42c,15
training,7101.0,756.0,short_jobs,756,8916653614983241361,681ea5a27afce669,15
training,7101.0,757.0,long_jobs,757,2823927778904832924,c5775ada64caa81d,15
training,7101.0,758.0,mixed,758,1309916754666981203,d5547f17e8a328da,15
training,7101.0,759.0,cpu_bursty,759,2841716323793039294,777487ae866f9eb6,15
training,7101.0,760.0,priority_skewed,760,1470737084231590572,5e9e08b235945076,15
training,7101.0,761.0,staggered_interactive,761,7745576068911001204,785634760b2b111b,15
training,7101.0,762.0,short_jobs,762,737934792419329195,77f64ac097f03396,15
training,7101.0,763.0,long_jobs,763,1937498134371104693,79a1cc2318cba1d9,15
training,7101.0,764.0,mixed,764,4946029284441749544,a45bca5df438b34c,15
training,7101.0,765.0,cpu_bursty,765,4105714992334493824,eefcb0ec70d26f26,15
training,7101.0,766.0,priority_skewed,766,2929484667908379268,23c900a0825d2e57,15
training,7101.0,767.0,staggered_interactive,767,4152163586277689752,3db1858576a6dd39,15
training,7101.0,768.0,short_jobs,768,2424480418571638768,fab0b24ebb18ae53,15
training,7101.0,769.0,long_jobs,769,5277496772193095920,70ac8e1b37618a27,15
training,7101.0,770.0,mixed,770,2485742781994834510,c9f3cb83d77c33bd,15
training,7101.0,771.0,cpu_bursty,771,5606725068191524230,ed4f609a5672a62d,15
training,7101.0,772.0,priority_skewed,772,6495894314350704082,cda36ff72822a02b,15
training,7101.0,773.0,staggered_interactive,773,3981153657605705210,f698d955e2e61c5c,15
training,7101.0,774.0,short_jobs,774,935321702396145900,e9c255e2d1a791ae,15
training,7101.0,775.0,long_jobs,775,8330686910216436098,8f435292f8c12064,15
training,7101.0,776.0,mixed,776,6894239665947927414,230c00f99891a7dd,15
training,7101.0,777.0,cpu_bursty,777,1177625164638613240,6617312b1e5ce0c2,15
training,7101.0,778.0,priority_skewed,778,4830104248033050532,e303c9f6bee0c857,15
training,7101.0,779.0,staggered_interactive,779,5626807180172177228,597d97cc229cc20e,15
training,7101.0,780.0,short_jobs,780,8254515628004954682,4b8f0cde5dbfa062,15
training,7101.0,781.0,long_jobs,781,327616390687165093,702bad00b0b3e0fa,15
training,7101.0,782.0,mixed,782,1547533941586362802,25d2285798bd7680,15
training,7101.0,783.0,cpu_bursty,783,7854482316637319336,74ab7ef8be2dba0e,15
training,7101.0,784.0,priority_skewed,784,3918417080098322733,a786099e74ad9fa3,15
training,7101.0,785.0,staggered_interactive,785,4795473538861114063,3365bed866658a76,15
training,7101.0,786.0,short_jobs,786,5583065642225822896,85fd35d7449faaf6,15
training,7101.0,787.0,long_jobs,787,6356341066540561600,a3d285f022021248,15
training,7101.0,788.0,mixed,788,4833507269589998992,8493670a5007b205,15
training,7101.0,789.0,cpu_bursty,789,2909394690033593817,ca820c30fae5e64f,15
training,7101.0,790.0,priority_skewed,790,9216405918945220036,9a0474fbfd4e7c86,15
training,7101.0,791.0,staggered_interactive,791,1057838974040698980,7fb590a5c14c8248,15
training,7101.0,792.0,short_jobs,792,6476643083539156460,c24a1068a6311ad9,15
training,7101.0,793.0,long_jobs,793,3430910216753407851,6987277c4fc720a9,15
training,7101.0,794.0,mixed,794,7208203906561397608,19b2fd17cbf31aa9,15
training,7101.0,795.0,cpu_bursty,795,1985356151369257084,7baa54c671c8b82a,15
training,7101.0,796.0,priority_skewed,796,3401710995030054490,25f0813863a75d3e,15
training,7101.0,797.0,staggered_interactive,797,7890228173446480545,87b8d483637b79c0,15
training,7101.0,798.0,short_jobs,798,1238383498160767125,a59aac4102f43f1e,15
training,7101.0,799.0,long_jobs,799,2326550121633102003,ff3317ebcb3a5aed,15
training,7101.0,800.0,mixed,800,8450363047212384897,562fefc6497adfd0,15
training,7101.0,801.0,cpu_bursty,801,8213128623609244187,e6ffa44795560b90,15
training,7101.0,802.0,priority_skewed,802,2950018744800445770,02e7e42505a4d35e,15
training,7101.0,803.0,staggered_interactive,803,2204141726950388458,af162bdd0186d430,15
training,7101.0,804.0,short_jobs,804,2354633360262354857,54b4c04a0d405fd7,15
training,7101.0,805.0,long_jobs,805,4879153799854973883,b8472b8c9a28ef5b,15
training,7101.0,806.0,mixed,806,7099958773992289880,5b5609e0e272cba6,15
training,7101.0,807.0,cpu_bursty,807,8409972662380267223,7d7ec14466e9f193,15
training,7101.0,808.0,priority_skewed,808,4762561744187864776,8a1cb63ac1c2cb20,15
training,7101.0,809.0,staggered_interactive,809,1007921173455834883,4684c778c43a1d0d,15
training,7101.0,810.0,short_jobs,810,1625960904586454770,ff780270d2079f6c,15
training,7101.0,811.0,long_jobs,811,6195908705467803149,0a208024422afe8e,15
training,7101.0,812.0,mixed,812,947948261796960843,7a8a6cc870c18f3b,15
training,7101.0,813.0,cpu_bursty,813,5511817908985428654,bbe40fe476baa186,15
training,7101.0,814.0,priority_skewed,814,4757663366872626919,53dbb3a1a12a9d80,15
training,7101.0,815.0,staggered_interactive,815,1221454516816964069,6e6c7444537f5e9f,15
training,7101.0,816.0,short_jobs,816,1955673903163980513,bdcd622ab665f9c8,15
training,7101.0,817.0,long_jobs,817,4888772555940468061,626cd991519dfb5f,15
training,7101.0,818.0,mixed,818,7443265422493156845,22d357161ba42d4d,15
training,7101.0,819.0,cpu_bursty,819,3126220339488961264,cecc70bf54bd66e9,15
training,7101.0,820.0,priority_skewed,820,3447268504487230972,877872734e6c3ee2,15
training,7101.0,821.0,staggered_interactive,821,4654748189169284529,7dd9fbefe9268855,15
training,7101.0,822.0,short_jobs,822,4301574708530397272,3e7059a46e855580,15
training,7101.0,823.0,long_jobs,823,7252317196936712402,0b673e1615647de1,15
training,7101.0,824.0,mixed,824,6267224402395181417,fb6fc2f2a7266a68,15
training,7101.0,825.0,cpu_bursty,825,8833789879991120567,a2d68c40b075f951,15
training,7101.0,826.0,priority_skewed,826,7514743681766792926,3b17101c8d5615c7,15
training,7101.0,827.0,staggered_interactive,827,3280465815481238164,15014b8edd4332cf,15
training,7101.0,828.0,short_jobs,828,2197303496398211735,d282c8af0e01c8fe,15
training,7101.0,829.0,long_jobs,829,8646516354846883722,f2cce2b61cfba6a4,15
training,7101.0,830.0,mixed,830,8153892146568291966,deec384014770ad1,15
training,7101.0,831.0,cpu_bursty,831,1890181439234256642,ecb681021e6da323,15
training,7101.0,832.0,priority_skewed,832,8396336390826599201,06f69e88826f7a22,15
training,7101.0,833.0,staggered_interactive,833,7056800623455338713,2de25738b0356cfc,15
training,7101.0,834.0,short_jobs,834,134164220198610740,97a5caf145be9c03,15
training,7101.0,835.0,long_jobs,835,8459610579437718667,ded80c85f49d79ed,15
training,7101.0,836.0,mixed,836,4773351948908629097,6490bfb56e02ea34,15
training,7101.0,837.0,cpu_bursty,837,648417516907518193,472bccf95f89fd90,15
training,7101.0,838.0,priority_skewed,838,1794780513364138113,00581bb231488c86,15
training,7101.0,839.0,staggered_interactive,839,7411823714373771205,e4322cb9e88beca9,15
training,7101.0,840.0,short_jobs,840,2500807813643630783,b0e30a5b3587bb9c,15
training,7101.0,841.0,long_jobs,841,9059043424809144243,8db65617c19d7185,15
training,7101.0,842.0,mixed,842,311844472209745682,1cabfd9859b9cf10,15
training,7101.0,843.0,cpu_bursty,843,7906130181147172155,4107f17cfefa174c,15
training,7101.0,844.0,priority_skewed,844,4890809523616111350,15d5998c428e5430,15
training,7101.0,845.0,staggered_interactive,845,4795057297758564779,a514589ea1a26db2,15
training,7101.0,846.0,short_jobs,846,452577871468230962,0816a69cccb8b67e,15
training,7101.0,847.0,long_jobs,847,8470449422143122384,2bb55c282e9e36ed,15
training,7101.0,848.0,mixed,848,1177888104544557738,4118152e25e9e1f5,15
training,7101.0,849.0,cpu_bursty,849,6966940532046460941,b230629f3925d12f,15
training,7101.0,850.0,priority_skewed,850,486976753644500539,7195a5409fae5311,15
training,7101.0,851.0,staggered_interactive,851,946264271642734678,a0eb897ed81f8207,15
training,7101.0,852.0,short_jobs,852,2392807923236803460,1100c9c92dd5c630,15
training,7101.0,853.0,long_jobs,853,7456246144389276360,63c1379c9a4f0c18,15
training,7101.0,854.0,mixed,854,1418006464866640284,b85b128f7f64c017,15
training,7101.0,855.0,cpu_bursty,855,3970545262193187658,14718fafacf3cf12,15
training,7101.0,856.0,priority_skewed,856,1924119126168359935,c8bdeb2d0e969598,15
training,7101.0,857.0,staggered_interactive,857,8923910848046502894,be45984fcfc06c66,15
training,7101.0,858.0,short_jobs,858,7416764877833082179,3c753593ece1859a,15
training,7101.0,859.0,long_jobs,859,897156238237509077,7f0f9d06a36abb27,15
training,7101.0,860.0,mixed,860,7569073713591589226,6311d4ea7250b941,15
training,7101.0,861.0,cpu_bursty,861,207362179441095634,791010fc008ffeb9,15
training,7101.0,862.0,priority_skewed,862,6650380754603182148,201b143a9c6ef84a,15
training,7101.0,863.0,staggered_interactive,863,3341093727866528558,e8a8f16de29075bb,15
training,7101.0,864.0,short_jobs,864,7853575244545552636,06b7fcf4737cde8c,15
training,7101.0,865.0,long_jobs,865,3366911403351884429,022031f311688e61,15
training,7101.0,866.0,mixed,866,6213082542543497476,c14d994052255550,15
training,7101.0,867.0,cpu_bursty,867,3255455424058429702,0e4d56f7f8d14da6,15
training,7101.0,868.0,priority_skewed,868,5068175214785745349,22ca0d19d417f254,15
training,7101.0,869.0,staggered_interactive,869,166993637539969446,0753799c4b69f99a,15
training,7101.0,870.0,short_jobs,870,7851484184406466910,9b29ef34842c5514,15
training,7101.0,871.0,long_jobs,871,1179453865431995779,7604807014e0b19b,15
training,7101.0,872.0,mixed,872,371834623587253595,c3fcf51d2796ea1f,15
training,7101.0,873.0,cpu_bursty,873,2375631938489203580,5decb3086a7e264f,15
training,7101.0,874.0,priority_skewed,874,6303902135361653188,47080f9893c8198e,15
training,7101.0,875.0,staggered_interactive,875,217421910584124173,9fa1f80d46d436db,15
training,7101.0,876.0,short_jobs,876,5056512095653573206,5b7f54e7e0123a63,15
training,7101.0,877.0,long_jobs,877,4489535095411091990,559bb464a716b790,15
training,7101.0,878.0,mixed,878,3766311880587517469,70adcf30c7da5994,15
training,7101.0,879.0,cpu_bursty,879,782868145020958156,97d05de5150a035b,15
training,7101.0,880.0,priority_skewed,880,7412380923668765827,2bc6d6385e3161f1,15
training,7101.0,881.0,staggered_interactive,881,6163452594054321055,24c09c1868f86df0,15
training,7101.0,882.0,short_jobs,882,7830816025596773946,848d24c0a02f9378,15
training,7101.0,883.0,long_jobs,883,1890161569206484350,cead68d191060821,15
training,7101.0,884.0,mixed,884,8407296724009943708,39916052ae53e47e,15
training,7101.0,885.0,cpu_bursty,885,8336465392215842097,7ebabf1e984de901,15
training,7101.0,886.0,priority_skewed,886,2865789993480498249,55696baa6defcc1d,15
training,7101.0,887.0,staggered_interactive,887,5762620462290087695,0d08c5d90a33ff6a,15
training,7101.0,888.0,short_jobs,888,305286984554223410,babb2ae16cdaac15,15
training,7101.0,889.0,long_jobs,889,4474081116375331485,3b303259d842332a,15
training,7101.0,890.0,mixed,890,3675561565786067032,b6e9a3154cd1cdd3,15
training,7101.0,891.0,cpu_bursty,891,2206890324269195848,22d5d7b071fa1d29,15
training,7101.0,892.0,priority_skewed,892,7897629096065378296,b5f7ba748b45226c,15
training,7101.0,893.0,staggered_interactive,893,9049891224184029619,7eaa9860ffae748b,15
training,7101.0,894.0,short_jobs,894,1126396790252282005,a14c7cb65348628a,15
training,7101.0,895.0,long_jobs,895,8582216960013238056,216cff4346313b9a,15
training,7101.0,896.0,mixed,896,6587002653953735723,6cccb9290ebcf4ab,15
training,7101.0,897.0,cpu_bursty,897,5839525607694290842,32c09b8482d7234a,15
training,7101.0,898.0,priority_skewed,898,6467968098664519326,4ee5a9d080869035,15
training,7101.0,899.0,staggered_interactive,899,4827158538055936631,5c655191408a9b63,15
training,7101.0,900.0,short_jobs,900,1315515019822440569,b8e8ddb06ff02853,15
training,7101.0,901.0,long_jobs,901,6921344432044801387,d03371a670269d5b,15
training,7101.0,902.0,mixed,902,3343830718013233430,e422e720ae636c86,15
training,7101.0,903.0,cpu_bursty,903,4356725122775327571,c82d699f1882a2e1,15
training,7101.0,904.0,priority_skewed,904,363426794728752968,3a156d26ab85da8f,15
training,7101.0,905.0,staggered_interactive,905,2636172972206614716,7d37c7566c8adf20,15
training,7101.0,906.0,short_jobs,906,7537906626141836570,fb29574722c91d95,15
training,7101.0,907.0,long_jobs,907,9098778266663106039,2a3c0b4b8716380b,15
training,7101.0,908.0,mixed,908,2777174937492037282,e11d8201eb7b4846,15
training,7101.0,909.0,cpu_bursty,909,933143071793850891,fe081a262542a939,15
training,7101.0,910.0,priority_skewed,910,8966481194404199122,5700d2b70b744cde,15
training,7101.0,911.0,staggered_interactive,911,2169119192954887846,f6c3bb7c7570a75c,15
training,7101.0,912.0,short_jobs,912,7779976522570563142,1930614873f32ea0,15
training,7101.0,913.0,long_jobs,913,5055102997563343656,1c04e294e5fe700d,15
training,7101.0,914.0,mixed,914,3658203523929888412,cf1aff66a8b4e4a0,15
training,7101.0,915.0,cpu_bursty,915,743977912672965184,9aca3c25171deb44,15
training,7101.0,916.0,priority_skewed,916,8835841467817356200,42e4bc76e1d104a2,15
training,7101.0,917.0,staggered_interactive,917,1530634859260965306,2e16b02e2357c138,15
training,7101.0,918.0,short_jobs,918,291104941778807657,b773ca65b6a78f8c,15
training,7101.0,919.0,long_jobs,919,5877429653300135027,00bae4535a57c35f,15
training,7101.0,920.0,mixed,920,5574267738748159609,33bb508c1dd3a8c0,15
training,7101.0,921.0,cpu_bursty,921,3164003623360094406,8b91a571d54efc36,15
training,7101.0,922.0,priority_skewed,922,3485758281173255830,4d2e61098ae0e1e7,15
training,7101.0,923.0,staggered_interactive,923,1162176624129790689,64ab84412262f727,15
training,7101.0,924.0,short_jobs,924,1204355869063896506,0a61c72376e74117,15
training,7101.0,925.0,long_jobs,925,4123255951451469679,fa84a3dc7361ddb2,15
training,7101.0,926.0,mixed,926,1752769138217601938,ea4a3ed6b2e15259,15
training,7101.0,927.0,cpu_bursty,927,5833921271237677442,e261ea57d0638508,15
training,7101.0,928.0,priority_skewed,928,7623207339315727355,1413ba63caa44f14,15
training,7101.0,929.0,staggered_interactive,929,3694977141778731795,7cf7c64ae70b55d0,15
training,7101.0,930.0,short_jobs,930,4732779854082470840,005383d8fdfc951a,15
training,7101.0,931.0,long_jobs,931,937976476494833896,96d4ab52da23b25d,15
training,7101.0,932.0,mixed,932,4661855589013835883,6945e9ad71b9fcfb,15
training,7101.0,933.0,cpu_bursty,933,8859042737813438904,c598807e9acdfc5e,15
training,7101.0,934.0,priority_skewed,934,800738894447753613,6b278733e479d35e,15
training,7101.0,935.0,staggered_interactive,935,3245867695154095424,7326b84cf5697f70,15
training,7101.0,936.0,short_jobs,936,6283308626595468867,b3a8ef344dae3a54,15
training,7101.0,937.0,long_jobs,937,733434436897239864,7065ee2d0bc33889,15
training,7101.0,938.0,mixed,938,3393347436654536524,367d693a45d66c55,15
training,7101.0,939.0,cpu_bursty,939,2169082473244938791,5210df04817f0706,15
training,7101.0,940.0,priority_skewed,940,2151554948439353,8d0f342983fee776,15
training,7101.0,941.0,staggered_interactive,941,4030998771524910332,fc2adbc61baeec8a,15
training,7101.0,942.0,short_jobs,942,8113481728866823249,724c1881886eba84,15
training,7101.0,943.0,long_jobs,943,6038186447730905766,7b1a7b6cff6a7e0b,15
training,7101.0,944.0,mixed,944,7946483924030443324,f81cb680947dee77,15
training,7101.0,945.0,cpu_bursty,945,1873627921679752521,a01f174037985308,15
training,7101.0,946.0,priority_skewed,946,8876336461527180618,c4c81cd47eda3e10,15
training,7101.0,947.0,staggered_interactive,947,9116440125137114693,3bd61e05bbc2e431,15
training,7101.0,948.0,short_jobs,948,6688365511201698325,f9912c33b5045fdc,15
training,7101.0,949.0,long_jobs,949,8077575347520688140,5ab75bfbb770a77e,15
training,7101.0,950.0,mixed,950,6547715683726222765,7368cb68e61ac0cb,15
training,7101.0,951.0,cpu_bursty,951,3153222632280082268,0961e1c32b9c8096,15
training,7101.0,952.0,priority_skewed,952,3460097706845072988,631bb84c81890c4a,15
training,7101.0,953.0,staggered_interactive,953,7184158516510942052,f6834e19e7ff9c2e,15
training,7101.0,954.0,short_jobs,954,2792192711649705207,05f75a1529c55a67,15
training,7101.0,955.0,long_jobs,955,5611242981261129851,5671b11a5cdf0b22,15
training,7101.0,956.0,mixed,956,4142114029638078066,1fb4139666ec7361,15
training,7101.0,957.0,cpu_bursty,957,7694126479591743866,6bde8b0573c5d9b8,15
training,7101.0,958.0,priority_skewed,958,8516080598764297445,fd57d5635a221e60,15
training,7101.0,959.0,staggered_interactive,959,3434730066361355120,219ecdc8518d0e83,15
training,7101.0,960.0,short_jobs,960,2943662350749375077,91078492506c1fc4,15
training,7101.0,961.0,long_jobs,961,9067993712274258635,9bc4fed439ceb516,15
training,7101.0,962.0,mixed,962,1195131722838842302,16dc88cfd80d3999,15
training,7101.0,963.0,cpu_bursty,963,3667455170607774300,8981ec003f9d12e4,15
training,7101.0,964.0,priority_skewed,964,4648690803545354770,cfb80e6734a6630c,15
training,7101.0,965.0,staggered_interactive,965,6677494494061908952,4d4df57975f580a2,15
training,7101.0,966.0,short_jobs,966,1093331418688723465,55ed39ca67237f2e,15
training,7101.0,967.0,long_jobs,967,3967884838203621473,bcbec7f168f1c4e4,15
training,7101.0,968.0,mixed,968,766016614844484104,f8a9cc43cc19dc44,15
training,7101.0,969.0,cpu_bursty,969,6905577277138097032,ceb86a003bfee2e3,15
training,7101.0,970.0,priority_skewed,970,3381700062972937523,9bba1b7dd90c15e0,15
training,7101.0,971.0,staggered_interactive,971,4128966584994522907,3dcfe3d803c49ed8,15
training,7101.0,972.0,short_jobs,972,2067322412264881308,29069bb864603370,15
training,7101.0,973.0,long_jobs,973,6018933040586867002,b41c96345c5e4cbb,15
training,7101.0,974.0,mixed,974,7224815064455016639,918485389cff338d,15
training,7101.0,975.0,cpu_bursty,975,7512269604413990414,28d6ea5e5559948e,15
training,7101.0,976.0,priority_skewed,976,2621731354294284271,fafc1144d7da35a1,15
training,7101.0,977.0,staggered_interactive,977,4560768555897955609,d55541dc6b0c798b,15
training,7101.0,978.0,short_jobs,978,6517461657516127098,be64fbb94d75aba7,15
training,7101.0,979.0,long_jobs,979,7344165103339644523,23554f74bc94acd2,15
training,7101.0,980.0,mixed,980,6039619412509590823,961f1cbff2d28b45,15
training,7101.0,981.0,cpu_bursty,981,6303290791196629921,7d68db1c93fdfe15,15
training,7101.0,982.0,priority_skewed,982,8204522756763212092,9364c10958b62e0b,15
training,7101.0,983.0,staggered_interactive,983,1980389530882438536,5180f27bf741dc90,15
training,7101.0,984.0,short_jobs,984,3391116822094667784,b55d75342a955b92,15
training,7101.0,985.0,long_jobs,985,7853786314237804631,3039fbdab77cea45,15
training,7101.0,986.0,mixed,986,6598725941471848447,2af2b270a28c4605,15
training,7101.0,987.0,cpu_bursty,987,2953719936229306141,680cd2ad98a64540,15
training,7101.0,988.0,priority_skewed,988,5575772938599256253,17325e98e354ff24,15
training,7101.0,989.0,staggered_interactive,989,7983754071218532849,47b39fc49f55875a,15
training,7101.0,990.0,short_jobs,990,2279132649376697760,31f6d2e2f66cf10a,15
training,7101.0,991.0,long_jobs,991,1380541976458223947,dd67ea67f92de30f,15
training,7101.0,992.0,mixed,992,5763015407624692459,ad53b46ae8cec356,15
training,7101.0,993.0,cpu_bursty,993,7573625886388582745,7e54b3477a8eb1cd,15
training,7101.0,994.0,priority_skewed,994,4071198512916695303,f7ea5aa86186e347,15
training,7101.0,995.0,staggered_interactive,995,4910747561829148883,9b3aa21d88f5033e,15
training,7101.0,996.0,short_jobs,996,5410949946999213268,701b1afa039cf45f,15
training,7101.0,997.0,long_jobs,997,757360176254214471,e2c170be2cdbd0e0,15
training,7101.0,998.0,mixed,998,6189366428696155602,933cf1d3af9fc774,15
training,7101.0,999.0,cpu_bursty,999,2486909500095438796,9073be6e4ec416bf,15
training,7101.0,1000.0,priority_skewed,1000,90945614752625405,3379155c9bfa10ef,15
training,7101.0,1001.0,staggered_interactive,1001,1068072446704932047,c66ad9ded0ff0397,15
training,7101.0,1002.0,short_jobs,1002,5557593420285471069,4ea36491302e3708,15
training,7101.0,1003.0,long_jobs,1003,1140760466125373233,230929acdcad9dfe,15
training,7101.0,1004.0,mixed,1004,3644013073298011385,7f717f5baf065e35,15
training,7101.0,1005.0,cpu_bursty,1005,3702471041956964982,fc5201984df79694,15
training,7101.0,1006.0,priority_skewed,1006,2187655693560019429,e3b251daa85ff363,15
training,7101.0,1007.0,staggered_interactive,1007,6949386856366922028,1c685adde79a2ebd,15
training,7101.0,1008.0,short_jobs,1008,3708200875242248186,ed05e260f3df65a6,15
training,7101.0,1009.0,long_jobs,1009,2876847716584736992,0e07c584b1f9c474,15
training,7101.0,1010.0,mixed,1010,737260944782426254,5f129855cfec31f5,15
training,7101.0,1011.0,cpu_bursty,1011,8645372445446262221,a4a12157b88dd6bd,15
training,7101.0,1012.0,priority_skewed,1012,7600481305009024535,fd13f282ff9812ba,15
training,7101.0,1013.0,staggered_interactive,1013,5228209378981248283,5db2b87076cd1509,15
training,7101.0,1014.0,short_jobs,1014,3785766657937825300,a04f99234cc94e5b,15
training,7101.0,1015.0,long_jobs,1015,258715793107271015,10b7d19b99aee3c3,15
training,7101.0,1016.0,mixed,1016,5737358164886459870,36abb8945d89c4ab,15
training,7101.0,1017.0,cpu_bursty,1017,7095579134849048667,0dbcb942d008158c,15
training,7101.0,1018.0,priority_skewed,1018,32558177837772115,fc7ecb37ff0a6b91,15
training,7101.0,1019.0,staggered_interactive,1019,3947077405817522076,556ab584531ef611,15
training,7101.0,1020.0,short_jobs,1020,3645825060616838272,47c38960cfcb07d2,15
training,7101.0,1021.0,long_jobs,1021,5618970224242355642,ba2638ea55830e86,15
training,7101.0,1022.0,mixed,1022,5068188581195947863,2f4ca1db4baba005,15
training,7101.0,1023.0,cpu_bursty,1023,4725724121504810871,fa3450cb073a17ff,15
training,7101.0,1024.0,priority_skewed,1024,1022860582356654186,fca0d14216422a41,15
training,7101.0,1025.0,staggered_interactive,1025,3353911479024787019,d04283654828bda4,15
training,7101.0,1026.0,short_jobs,1026,5802906980073593509,ca48c5d4fb9d360d,15
training,7101.0,1027.0,long_jobs,1027,2584996538291563581,42471cd49e779212,15
training,7101.0,1028.0,mixed,1028,1097610683413049047,e97894ef2d8bc29a,15
training,7101.0,1029.0,cpu_bursty,1029,7170889806674107553,da072f3a4f523a1f,15
training,7101.0,1030.0,priority_skewed,1030,5980972435113875803,edf3801c96ce56a1,15
training,7101.0,1031.0,staggered_interactive,1031,3796760158503762550,830cfb4d41a4cb03,15
training,7101.0,1032.0,short_jobs,1032,3655792029085874445,d400bfbd755eab06,15
training,7101.0,1033.0,long_jobs,1033,1875659466038681071,8c4e6e9252577fa0,15
training,7101.0,1034.0,mixed,1034,5462770477913155777,ffbd06866dcdb319,15
training,7101.0,1035.0,cpu_bursty,1035,1636742499223887257,f268aa1597110457,15
training,7101.0,1036.0,priority_skewed,1036,6133411616735615175,530e1714f14166f3,15
training,7101.0,1037.0,staggered_interactive,1037,7400946777625459739,386c0ae09bf698eb,15
training,7101.0,1038.0,short_jobs,1038,6627887970676590903,4c5fc43a8e2b3653,15
training,7101.0,1039.0,long_jobs,1039,2241585454936057908,a43796713b3232cc,15
training,7101.0,1040.0,mixed,1040,9033434117473923938,e204716a6777b2a1,15
training,7101.0,1041.0,cpu_bursty,1041,8728101864892195956,73815942027fcce7,15
training,7101.0,1042.0,priority_skewed,1042,2052627460655752961,0e38267c6c6aead1,15
training,7101.0,1043.0,staggered_interactive,1043,7828305773773536965,36801e2923c2d887,15
training,7101.0,1044.0,short_jobs,1044,3539960794366045469,934011f835154dff,15
training,7101.0,1045.0,long_jobs,1045,5988409007782819537,79496a9f3fddcaf5,15
training,7101.0,1046.0,mixed,1046,8660650226923044342,a2624f4e8af6ea70,15
training,7101.0,1047.0,cpu_bursty,1047,2487307946794471839,6963a9d7f7890cbb,15
training,7101.0,1048.0,priority_skewed,1048,2290387791623427333,6646fe87f623748c,15
training,7101.0,1049.0,staggered_interactive,1049,6433064482829980321,a12a582179a29cf2,15
training,7101.0,1050.0,short_jobs,1050,2221429633750450081,848c7a17b72f6111,15
training,7101.0,1051.0,long_jobs,1051,3508056920500675826,94c181b4cacf1739,15
training,7101.0,1052.0,mixed,1052,4968092485919051128,cd686360b168c6c8,15
training,7101.0,1053.0,cpu_bursty,1053,4521520048935924947,adfbee84cf45a849,15
training,7101.0,1054.0,priority_skewed,1054,4923150459387786493,83f5a35b95c88d4d,15
training,7101.0,1055.0,staggered_interactive,1055,8775605059101150931,d906fb14bbb84131,15
training,7101.0,1056.0,short_jobs,1056,3964501472951978075,4966b95251c87263,15
training,7101.0,1057.0,long_jobs,1057,2631122754919631471,1dbf8120913b1e8b,15
training,7101.0,1058.0,mixed,1058,6010787618901527899,64f3b51f0affeac5,15
training,7101.0,1059.0,cpu_bursty,1059,8166795256477343991,6e495af6df7e9ac6,15
training,7101.0,1060.0,priority_skewed,1060,5598223545911922841,a6f047de49a8278e,15
training,7101.0,1061.0,staggered_interactive,1061,9151350452415243092,b12ac5467365e765,15
training,7101.0,1062.0,short_jobs,1062,284960214177500250,809b00dd26983448,15
training,7101.0,1063.0,long_jobs,1063,3251284300807544429,2a3df815fb4d57f4,15
training,7101.0,1064.0,mixed,1064,2828736501524687293,7519ac0f28f236ba,15
training,7101.0,1065.0,cpu_bursty,1065,6492033805153280678,70e9e3d2b8d77e26,15
training,7101.0,1066.0,priority_skewed,1066,7247786195583357318,36a52803798672e7,15
training,7101.0,1067.0,staggered_interactive,1067,4289897074103250750,d499b75893b9a849,15
training,7101.0,1068.0,short_jobs,1068,6819053808508484909,31689427a1976f1f,15
training,7101.0,1069.0,long_jobs,1069,2908790655237252759,03542ee1d7622cde,15
training,7101.0,1070.0,mixed,1070,5331617842035726881,ff20045fecb87423,15
training,7101.0,1071.0,cpu_bursty,1071,7873940614073281420,eaedffd78eeaf5cc,15
training,7101.0,1072.0,priority_skewed,1072,1567020495309114935,b794f26f1af9dacd,15
training,7101.0,1073.0,staggered_interactive,1073,1419930297661580343,26a80a17b3d61ae0,15
training,7101.0,1074.0,short_jobs,1074,5554216184322894335,db105f73ae54e00a,15
training,7101.0,1075.0,long_jobs,1075,8973904667061073699,341f2f825e804289,15
training,7101.0,1076.0,mixed,1076,7521492486068527366,e75793d9d463a423,15
training,7101.0,1077.0,cpu_bursty,1077,1528545064556485636,c2a4701ea3cd0e94,15
training,7101.0,1078.0,priority_skewed,1078,5959840820261222286,fe41d87d2a4f6f4a,15
training,7101.0,1079.0,staggered_interactive,1079,6007530901736526186,b83c5ececda83d4f,15
training,7101.0,1080.0,short_jobs,1080,6026897063622610856,4413e38697ab038f,15
training,7101.0,1081.0,long_jobs,1081,3688786563795317646,2f385dc8d7159107,15
training,7101.0,1082.0,mixed,1082,5907861259914223694,0dceab63602ea5e5,15
training,7101.0,1083.0,cpu_bursty,1083,4756308432355937640,e5b32eadf978c18a,15
training,7101.0,1084.0,priority_skewed,1084,8125192926737719679,adce320e7e08fcc9,15
training,7101.0,1085.0,staggered_interactive,1085,8269536005278042219,406e6f5a706cc6a3,15
training,7101.0,1086.0,short_jobs,1086,8871580293177935030,52ae617f393bc60e,15
training,7101.0,1087.0,long_jobs,1087,2984959289864293977,cd86071f65bf8f0e,15
training,7101.0,1088.0,mixed,1088,3397508414718325956,ec61cf6d407e2312,15
training,7101.0,1089.0,cpu_bursty,1089,5063837578815671012,2c0e9ac2c7280321,15
training,7101.0,1090.0,priority_skewed,1090,5426833521090978923,7a415f2682af1360,15
training,7101.0,1091.0,staggered_interactive,1091,3521160748101243287,7df99d781481c2f3,15
training,7101.0,1092.0,short_jobs,1092,7981583504957889704,a7a840c849aef87e,15
training,7101.0,1093.0,long_jobs,1093,5924835174468000268,ef3bf488734fff29,15
training,7101.0,1094.0,mixed,1094,2415049121759430801,04deb171338a6675,15
training,7101.0,1095.0,cpu_bursty,1095,7472793804354970553,74f509b810d1caa0,15
training,7101.0,1096.0,priority_skewed,1096,8478882481071978260,ccb159755587e88b,15
training,7101.0,1097.0,staggered_interactive,1097,3881972651141368704,8067493975b59623,15
training,7101.0,1098.0,short_jobs,1098,6822693238540322799,d6f315d90cc19390,15
training,7101.0,1099.0,long_jobs,1099,1915790381075333499,46bf4c995a44e2bb,15
training,7101.0,1100.0,mixed,1100,6208091995254452055,72bc9cdccfe4355d,15
training,7101.0,1101.0,cpu_bursty,1101,3502541806243096751,2c6e8b4b409c50da,15
training,7101.0,1102.0,priority_skewed,1102,5908562080237531874,8fee9a1c36acb53e,15
training,7101.0,1103.0,staggered_interactive,1103,4127153543701842084,b1f6029baeee6e57,15
training,7101.0,1104.0,short_jobs,1104,8394775835007194609,d4152ff2dad20343,15
training,7101.0,1105.0,long_jobs,1105,7770886101445137990,28aac09dc72bc3f7,15
training,7101.0,1106.0,mixed,1106,4286514868929979311,8b09cee59a001d1d,15
training,7101.0,1107.0,cpu_bursty,1107,6642782511455718287,f4f41cd268c3e33b,15
training,7101.0,1108.0,priority_skewed,1108,9081682309937002270,e0e9308f1144ed0b,15
training,7101.0,1109.0,staggered_interactive,1109,6953756967123568418,fc14f71889a484ee,15
training,7101.0,1110.0,short_jobs,1110,166353775711152777,bdde808c6410e349,15
training,7101.0,1111.0,long_jobs,1111,6636079625988472109,ffbf779b719650b1,15
training,7101.0,1112.0,mixed,1112,269003988585663051,0d66d6812cdbe808,15
training,7101.0,1113.0,cpu_bursty,1113,8208344365262532265,8a7ca8be151abed0,15
training,7101.0,1114.0,priority_skewed,1114,5958098285058378673,65ebbec4de91efda,15
training,7101.0,1115.0,staggered_interactive,1115,866323115016416552,249610650348fa13,15
training,7101.0,1116.0,short_jobs,1116,2696467935984133545,cbe3164cb9f4244c,15
training,7101.0,1117.0,long_jobs,1117,178005682785684575,aa572f86681fb7b3,15
training,7101.0,1118.0,mixed,1118,1733055954779671509,8550a9eb7118e28d,15
training,7101.0,1119.0,cpu_bursty,1119,4111109792433669760,d3277319009184c9,15
training,7101.0,1120.0,priority_skewed,1120,8308050031648678845,bc8483d2dac2bb3d,15
training,7101.0,1121.0,staggered_interactive,1121,4384491251762801908,32cfdd56ad92f782,15
training,7101.0,1122.0,short_jobs,1122,3093711102558995227,8120d369b2b99129,15
training,7101.0,1123.0,long_jobs,1123,2329469371367964638,b8e4fc436a597937,15
training,7101.0,1124.0,mixed,1124,8134438227895177097,3cb332c98d996f47,15
training,7101.0,1125.0,cpu_bursty,1125,3370204371685513873,3ad0acc98ee80e3c,15
training,7101.0,1126.0,priority_skewed,1126,3192905111000342682,3c7d8f0a8424434d,15
training,7101.0,1127.0,staggered_interactive,1127,4947393330285798206,f28777e506abbb07,15
training,7101.0,1128.0,short_jobs,1128,8213651723437237446,35d6d5f832a58f19,15
training,7101.0,1129.0,long_jobs,1129,3763139344056388047,c8af9d23608d3684,15
training,7101.0,1130.0,mixed,1130,4285466355033843970,969e5ea22d562745,15
training,7101.0,1131.0,cpu_bursty,1131,2712393933481077648,9d54f50703be5050,15
training,7101.0,1132.0,priority_skewed,1132,8322722635481566784,25ee9aa9ee7ba01f,15
training,7101.0,1133.0,staggered_interactive,1133,8426375667046588420,5fd716603a3815d8,15
training,7101.0,1134.0,short_jobs,1134,4837416767114202147,12a3871e39d55eaf,15
training,7101.0,1135.0,long_jobs,1135,5304451898336210270,dea3ebc841e7fffb,15
training,7101.0,1136.0,mixed,1136,8451133428197801473,a3cbdc71b4e3631e,15
training,7101.0,1137.0,cpu_bursty,1137,1718522391553885200,dc11bf3efb40c972,15
training,7101.0,1138.0,priority_skewed,1138,6146418879642072652,1bddf6f3f20c3cb9,15
training,7101.0,1139.0,staggered_interactive,1139,2738397945819058827,4ed62a5dd8b71039,15
training,7101.0,1140.0,short_jobs,1140,3345636837375689677,b4f0eb18dafe3e11,15
training,7101.0,1141.0,long_jobs,1141,1516986441107055990,8b3abba7ec6261b9,15
training,7101.0,1142.0,mixed,1142,4159869063809256830,7ad51f8b714095b8,15
training,7101.0,1143.0,cpu_bursty,1143,7866763344431318971,b5371cb6e6cbf8fe,15
training,7101.0,1144.0,priority_skewed,1144,2516640239082281291,eaf0555bb16f6728,15
training,7101.0,1145.0,staggered_interactive,1145,7659806598931179457,0bb86cdd49c9bfa1,15
training,7101.0,1146.0,short_jobs,1146,1727825642960991113,5e728a3fb657bf0c,15
training,7101.0,1147.0,long_jobs,1147,117254517534404493,4f0733427b681dd9,15
training,7101.0,1148.0,mixed,1148,2864934387881849087,93e86109e71a9eda,15
training,7101.0,1149.0,cpu_bursty,1149,8789649413892290713,e3de54b73796748f,15
training,7101.0,1150.0,priority_skewed,1150,4894339186531858563,2bcb43bafb189ee7,15
training,7101.0,1151.0,staggered_interactive,1151,6357383975313694840,8d6229934fe546f6,15
training,7101.0,1152.0,short_jobs,1152,6485397886404513965,a1d16b6979c725b0,15
training,7101.0,1153.0,long_jobs,1153,2908690586055884754,0a5c1e23cd965603,15
training,7101.0,1154.0,mixed,1154,191827264583586184,fea4c7bc82636dce,15
training,7101.0,1155.0,cpu_bursty,1155,489801199048965367,1c6650056ea4cbb4,15
training,7101.0,1156.0,priority_skewed,1156,326880731638903569,1f9fcafc2ec6466b,15
training,7101.0,1157.0,staggered_interactive,1157,1140303020578056112,62d654f3c509a17e,15
training,7101.0,1158.0,short_jobs,1158,7791041102025800982,ef2bca0e66ee7d76,15
training,7101.0,1159.0,long_jobs,1159,261359566361846342,1dd9ff374c798579,15
training,7101.0,1160.0,mixed,1160,9023048894915872320,41e3c914d3196778,15
training,7101.0,1161.0,cpu_bursty,1161,8737904977787400222,2bb9f00bbf75a53e,15
training,7101.0,1162.0,priority_skewed,1162,3833603960280557836,8f7c4c436709420c,15
training,7101.0,1163.0,staggered_interactive,1163,8601404313067332020,7a180fcb5a89dc18,15
training,7101.0,1164.0,short_jobs,1164,6365919339152445841,9a11c551ee8b3f81,15
training,7101.0,1165.0,long_jobs,1165,8908113575343104965,5fcfc559864c5065,15
training,7101.0,1166.0,mixed,1166,7505258185809208850,a46538a4df66dd72,15
training,7101.0,1167.0,cpu_bursty,1167,6679416494316978064,e6061f02a3bc579a,15
training,7101.0,1168.0,priority_skewed,1168,6617253152668953640,81e2643bcd0d525c,15
training,7101.0,1169.0,staggered_interactive,1169,6590748822384164799,994e2f0c757b7300,15
training,7101.0,1170.0,short_jobs,1170,5648582870852103222,fdf33f48fa27d45c,15
training,7101.0,1171.0,long_jobs,1171,2785426602321327424,f55a553d06eb1236,15
training,7101.0,1172.0,mixed,1172,4742552060680712317,3dfcc1abb0ed0110,15
training,7101.0,1173.0,cpu_bursty,1173,4991043297658142464,a28f77e2b8593a06,15
training,7101.0,1174.0,priority_skewed,1174,4570246293916937276,b94e8a0ce4862b71,15
training,7101.0,1175.0,staggered_interactive,1175,1076706474798002282,4e2c7be8e9ded4e5,15
training,7101.0,1176.0,short_jobs,1176,6280816182636330311,b3dabeca9504820e,15
training,7101.0,1177.0,long_jobs,1177,7916412017762935619,342edb5ca85a2cbc,15
training,7101.0,1178.0,mixed,1178,15057815428875686,5dcc69a7013b5f2d,15
training,7101.0,1179.0,cpu_bursty,1179,4668421434282701938,f7c5af045505f93d,15
training,7101.0,1180.0,priority_skewed,1180,509828028443285028,8923208e43781e86,15
training,7101.0,1181.0,staggered_interactive,1181,2778675291655444774,0a863b5a99dde5d8,15
training,7101.0,1182.0,short_jobs,1182,3060848810624412457,e0cf4ee4c3df0d4d,15
training,7101.0,1183.0,long_jobs,1183,3209531931592918379,f4765157869729d0,15
training,7101.0,1184.0,mixed,1184,4060727711891734989,6406753d649e98d4,15
training,7101.0,1185.0,cpu_bursty,1185,423626082488295869,eefa9cf12a8ac27d,15
training,7101.0,1186.0,priority_skewed,1186,5996033040473222208,16291fedf63ffbf4,15
training,7101.0,1187.0,staggered_interactive,1187,1931332610693767348,f275b6a57a785089,15
training,7101.0,1188.0,short_jobs,1188,7161816594114792719,e8e09b2306f9af32,15
training,7101.0,1189.0,long_jobs,1189,8976973574490022446,68e8d9637fd40e8c,15
training,7101.0,1190.0,mixed,1190,745451585447638169,7fbba6aa55631c07,15
training,7101.0,1191.0,cpu_bursty,1191,191380850122919343,9d5cff8af69c07fc,15
training,7101.0,1192.0,priority_skewed,1192,3317084417509368340,e1a1c2ddb2472b5c,15
training,7101.0,1193.0,staggered_interactive,1193,5002750028602145025,a79528ef1501fe49,15
training,7101.0,1194.0,short_jobs,1194,8205798859318292911,a6bd476fe73c4a73,15
training,7101.0,1195.0,long_jobs,1195,445912362516663353,4d21df6ec669be54,15
training,7101.0,1196.0,mixed,1196,294849053062530479,4bdc6659fff4fcf0,15
training,7101.0,1197.0,cpu_bursty,1197,8190745066145289352,90b5c2296ecf404a,15
training,7101.0,1198.0,priority_skewed,1198,8770572975616850009,6c5dbe214cc20d9c,15
training,7101.0,1199.0,staggered_interactive,1199,175720723848151578,782cd6fdb3afdd1a,15
training,7102.0,0.0,short_jobs,0,5730862460195043332,e8ff9f550d81ab89,15
training,7102.0,1.0,long_jobs,1,75974780092786504,5d13b95fc24cb056,15
training,7102.0,2.0,mixed,2,8831384287670722036,8decfdcf9a2a8cc8,15
training,7102.0,3.0,cpu_bursty,3,763857172154252537,62677d569132ba71,15
training,7102.0,4.0,priority_skewed,4,4135314334748686854,6f9c1a1095722836,15
training,7102.0,5.0,staggered_interactive,5,4053364408066422623,c5ff3f484355aa63,15
training,7102.0,6.0,short_jobs,6,7758332990690454034,93cdb1be89d26c1b,15
training,7102.0,7.0,long_jobs,7,4851342498300851979,a6be70ee095d1780,15
training,7102.0,8.0,mixed,8,1714120985903635222,43508de889e47560,15
training,7102.0,9.0,cpu_bursty,9,6601768728923826744,2bc2b136b6a3e00e,15
training,7102.0,10.0,priority_skewed,10,5019448944251206571,0af90cb5636457df,15
training,7102.0,11.0,staggered_interactive,11,75593033827240558,b5679992a9facc41,15
training,7102.0,12.0,short_jobs,12,1874452191018580462,9b683acbd90e2321,15
training,7102.0,13.0,long_jobs,13,5541092360135061923,197ee9b5b6703bfc,15
training,7102.0,14.0,mixed,14,45255928690299072,992b875f95a9894f,15
training,7102.0,15.0,cpu_bursty,15,7630453159505110801,be93fceb9d75ae9a,15
training,7102.0,16.0,priority_skewed,16,7850502864029458862,8a733c112bd15d7a,15
training,7102.0,17.0,staggered_interactive,17,8342425344824490967,fad1a445f4a8e001,15
training,7102.0,18.0,short_jobs,18,4668829014248066996,b957795b05e76e3b,15
training,7102.0,19.0,long_jobs,19,7011202316437900505,44dc66ce523bf15c,15
training,7102.0,20.0,mixed,20,6191525942868084356,2b1aab32c8d0808d,15
training,7102.0,21.0,cpu_bursty,21,1130869316954392936,549cbe02ef3ba2e0,15
training,7102.0,22.0,priority_skewed,22,795661363038667321,7ff69f7613eaa3fe,15
training,7102.0,23.0,staggered_interactive,23,3644803937776958185,576b69bc59c225d9,15
training,7102.0,24.0,short_jobs,24,2146603470489904479,ea29555f6300bf50,15
training,7102.0,25.0,long_jobs,25,2268263858422902605,cbe73f312d60d886,15
training,7102.0,26.0,mixed,26,7468702305713462677,e6662c35be0b3b85,15
training,7102.0,27.0,cpu_bursty,27,8079254897908199879,b77867167cbdcdbd,15
training,7102.0,28.0,priority_skewed,28,7730805227229968270,a967cb8f34c43851,15
training,7102.0,29.0,staggered_interactive,29,3502270522471834602,57173813c7e9c68e,15
training,7102.0,30.0,short_jobs,30,6711758312718756645,aee07b03806adb9a,15
training,7102.0,31.0,long_jobs,31,467518277096123357,dad835bdffcaa676,15
training,7102.0,32.0,mixed,32,8928864624098345793,119685a8d7ecc6ae,15
training,7102.0,33.0,cpu_bursty,33,3462639581894762004,5080208cd0d89d91,15
training,7102.0,34.0,priority_skewed,34,8353843512807736836,b081647efad509c4,15
training,7102.0,35.0,staggered_interactive,35,7759342018025240507,e8bde56e8ec6f0fb,15
training,7102.0,36.0,short_jobs,36,4151313807980600084,78c96de0399faef7,15
training,7102.0,37.0,long_jobs,37,6614273049438832964,cdbc94ac592ea982,15
training,7102.0,38.0,mixed,38,4853370489843478449,577eef774085643e,15
training,7102.0,39.0,cpu_bursty,39,4872472451452352664,2a94b569e54d3b3e,15
training,7102.0,40.0,priority_skewed,40,5291800656515017016,524f2114b607886d,15
training,7102.0,41.0,staggered_interactive,41,5825243742870713135,410630705e2031d7,15
training,7102.0,42.0,short_jobs,42,4223078760992255579,16b3b640fb257bd5,15
training,7102.0,43.0,long_jobs,43,8683109231836795733,6f2bf0429ad483fd,15
training,7102.0,44.0,mixed,44,322431046937258592,6d97c1b4b5d918ee,15
training,7102.0,45.0,cpu_bursty,45,7867407313879296973,5eff5e3cdc5f367b,15
training,7102.0,46.0,priority_skewed,46,2724796112730541555,9f83cb945f36076b,15
training,7102.0,47.0,staggered_interactive,47,9031163460827671775,3f7040cddb1e00ca,15
training,7102.0,48.0,short_jobs,48,4649353627786602227,67ed922447f3f72d,15
training,7102.0,49.0,long_jobs,49,5407632904512397030,4bdee39b5d6ac17c,15
training,7102.0,50.0,mixed,50,7936384429598810438,23df1801e3b5e49b,15
training,7102.0,51.0,cpu_bursty,51,952871102435221045,0424f56688656bf5,15
training,7102.0,52.0,priority_skewed,52,7725616563704207645,58c704338931858a,15
training,7102.0,53.0,staggered_interactive,53,1647522626627732785,77f4c336e86838b8,15
training,7102.0,54.0,short_jobs,54,68123166566275370,8626da98332fb55e,15
training,7102.0,55.0,long_jobs,55,5466086647510336638,d0e419036b3f5a50,15
training,7102.0,56.0,mixed,56,3116930880756182985,14931fde7ddca379,15
training,7102.0,57.0,cpu_bursty,57,6057655606340472150,77158e9814309cd8,15
training,7102.0,58.0,priority_skewed,58,8274990454129437757,01887cf9d49faeb6,15
training,7102.0,59.0,staggered_interactive,59,5732426220183731941,88e41fa9b10ad880,15
training,7102.0,60.0,short_jobs,60,2452041797729918496,a8c8dba2aca55ce4,15
training,7102.0,61.0,long_jobs,61,6376784814218846309,e42eec3eee68567c,15
training,7102.0,62.0,mixed,62,8078115577598158551,c8bb0278ea1333fa,15
training,7102.0,63.0,cpu_bursty,63,1796718348144689250,bc2daab34d0924df,15
training,7102.0,64.0,priority_skewed,64,9215568342677946078,48e44c85cbe92538,15
training,7102.0,65.0,staggered_interactive,65,5244664719737489233,9c70320da900ecb8,15
training,7102.0,66.0,short_jobs,66,1858399141484351784,7f728255c3d1f900,15
training,7102.0,67.0,long_jobs,67,7753520775624983245,f5efd432ea87d54f,15
training,7102.0,68.0,mixed,68,8293541141660011600,5e37694e22d4edcd,15
training,7102.0,69.0,cpu_bursty,69,1818138377366761414,63ff4ca6b6be3385,15
training,7102.0,70.0,priority_skewed,70,8601230998096526397,c87d7dc3fabf4aa7,15
training,7102.0,71.0,staggered_interactive,71,2882851664657999893,8f3f9aaa93196770,15
training,7102.0,72.0,short_jobs,72,6723493687625379930,77ae72c00ae5f971,15
training,7102.0,73.0,long_jobs,73,4997913482891330850,b3d15281df0ad215,15
training,7102.0,74.0,mixed,74,5024008796830127808,c3dd645e7d040505,15
training,7102.0,75.0,cpu_bursty,75,6316317615002743465,945b3eac2e8a74bf,15
training,7102.0,76.0,priority_skewed,76,3484847694508889597,3076f11422362beb,15
training,7102.0,77.0,staggered_interactive,77,9101689981941314856,12c7827166d130ef,15
training,7102.0,78.0,short_jobs,78,607836531534338061,2c18d85f8af65e06,15
training,7102.0,79.0,long_jobs,79,6564639015114130632,4a913d01de7c066a,15
training,7102.0,80.0,mixed,80,6632246350962186458,96a5401afa7e2261,15
training,7102.0,81.0,cpu_bursty,81,7721647348704305825,5e0c08db07cb7840,15
training,7102.0,82.0,priority_skewed,82,1103191809702520935,fa31fc24666c38cc,15
training,7102.0,83.0,staggered_interactive,83,528495003279919660,5e6cc881dc2b8f1a,15
training,7102.0,84.0,short_jobs,84,2580305923388355569,3172baec605b75f3,15
training,7102.0,85.0,long_jobs,85,2959589144275875016,623aaa9775cd441b,15
training,7102.0,86.0,mixed,86,2224617910324102030,43c7e592bfb53073,15
training,7102.0,87.0,cpu_bursty,87,3487624419736675557,f9451015ea18ae87,15
training,7102.0,88.0,priority_skewed,88,6674131143539215305,36cf861c475f6cd3,15
training,7102.0,89.0,staggered_interactive,89,6341277513168115174,6cd34fee1e08eaeb,15
training,7102.0,90.0,short_jobs,90,4093956277822908269,cbcb1a7f65c1f8ab,15
training,7102.0,91.0,long_jobs,91,2348699555428032062,da80f0290bcb7b39,15
training,7102.0,92.0,mixed,92,7229085180435392574,bbcdd6b7d12b39fe,15
training,7102.0,93.0,cpu_bursty,93,3671662990188071863,7c7de5fd594ffdb6,15
training,7102.0,94.0,priority_skewed,94,2824495507184671687,744c789f63c43380,15
training,7102.0,95.0,staggered_interactive,95,2947397364331155829,1af2ec7834d72d8d,15
training,7102.0,96.0,short_jobs,96,5554613896019902992,f21e3e8965a5a18a,15
training,7102.0,97.0,long_jobs,97,1452429398993361464,ead5c6dcd0851362,15
training,7102.0,98.0,mixed,98,9077686966916497890,4d6b5a232bfdc394,15
training,7102.0,99.0,cpu_bursty,99,1319211905478452152,fd414d29737e2f7c,15
training,7102.0,100.0,priority_skewed,100,3350453816091758975,7e09da257e8749f0,15
training,7102.0,101.0,staggered_interactive,101,3509449165729969633,f05a3eec198e0a8f,15
training,7102.0,102.0,short_jobs,102,7819542531010238003,e36f622f7108f628,15
training,7102.0,103.0,long_jobs,103,8097433194825246585,9cb26eee7c7fd243,15
training,7102.0,104.0,mixed,104,8267569729748112912,053858ac513ead4e,15
training,7102.0,105.0,cpu_bursty,105,612178334885795738,18789106f79ede47,15
training,7102.0,106.0,priority_skewed,106,6139229555305050444,d36c336325a84155,15
training,7102.0,107.0,staggered_interactive,107,2379492121104816687,0c338b1a5017da7b,15
training,7102.0,108.0,short_jobs,108,8707670087219186925,7b17ff337046eb0c,15
training,7102.0,109.0,long_jobs,109,3024224376392471923,b5414c3db2ce0f37,15
training,7102.0,110.0,mixed,110,3153505544433211485,f985b3ad94fb2cd8,15
training,7102.0,111.0,cpu_bursty,111,5216125237223811409,9368281522b5ea88,15
training,7102.0,112.0,priority_skewed,112,3094585453586099293,49854e6ea3b08cd4,15
training,7102.0,113.0,staggered_interactive,113,5860775936426294817,de5a3e2bcd997153,15
training,7102.0,114.0,short_jobs,114,560895043784833147,0207276840e040f2,15
training,7102.0,115.0,long_jobs,115,7800251969711957915,22780b3f5fedadd8,15
training,7102.0,116.0,mixed,116,7930577570048616186,010f9e7f2b546233,15
training,7102.0,117.0,cpu_bursty,117,8341226855845681415,ea7efe47ed9ab330,15
training,7102.0,118.0,priority_skewed,118,1764966882597699532,80d3f420b21f91e7,15
training,7102.0,119.0,staggered_interactive,119,5427617013181277474,660cadb3eb07565f,15
training,7102.0,120.0,short_jobs,120,8449984407023637362,2d17e1e8983b27a6,15
training,7102.0,121.0,long_jobs,121,2044619215457999514,dfc3c06724bbf81e,15
training,7102.0,122.0,mixed,122,5080964654177343787,d6859da57d5d9d03,15
training,7102.0,123.0,cpu_bursty,123,2762252664632345789,1afb1563a6db6d33,15
training,7102.0,124.0,priority_skewed,124,4468027951971596421,22319515c2a8f171,15
training,7102.0,125.0,staggered_interactive,125,2654175566712278903,fc8f9e9fb9fca9d1,15
training,7102.0,126.0,short_jobs,126,6390574766866443610,28df237537ebbd07,15
training,7102.0,127.0,long_jobs,127,4597568810239161072,b2de841d9d052d3b,15
training,7102.0,128.0,mixed,128,1227592038156507489,23f2e7543c56745c,15
training,7102.0,129.0,cpu_bursty,129,2468761047750830946,c4826559eee38fd6,15
training,7102.0,130.0,priority_skewed,130,8208723969181171731,cd43928448bc1d47,15
training,7102.0,131.0,staggered_interactive,131,1324825969296823463,3b9e9d6fb6a0ad4d,15
training,7102.0,132.0,short_jobs,132,2267325162189869432,e33fcbc6ca79f1b3,15
training,7102.0,133.0,long_jobs,133,1545815855371459483,bb37b4f6a2149cf0,15
training,7102.0,134.0,mixed,134,2526293847887645344,6866b28707e4cc9f,15
training,7102.0,135.0,cpu_bursty,135,5895082818126827866,f6ef2f5778c52559,15
training,7102.0,136.0,priority_skewed,136,1708240138535081909,7b8533060aceb8bd,15
training,7102.0,137.0,staggered_interactive,137,4925220402069981906,bd87dba9c802803d,15
training,7102.0,138.0,short_jobs,138,5237496549645339747,36f333d63f1c7c81,15
training,7102.0,139.0,long_jobs,139,4909149234699816316,b39c026f7c76e780,15
training,7102.0,140.0,mixed,140,5769600292131632612,fa64cd837a99a56f,15
training,7102.0,141.0,cpu_bursty,141,2958804988448273748,5d4330c5558131c8,15
training,7102.0,142.0,priority_skewed,142,5392196372898983283,6d0415c72f972c79,15
training,7102.0,143.0,staggered_interactive,143,6083115459769343257,e9501cf64aba354e,15
training,7102.0,144.0,short_jobs,144,2267715009180861275,eccb1f8c29e08da8,15
training,7102.0,145.0,long_jobs,145,6610394496115031950,7a042d2b1fecdebc,15
training,7102.0,146.0,mixed,146,4747067163459571784,7faa28adc891b2bb,15
training,7102.0,147.0,cpu_bursty,147,4710408652859071710,2879815c2ce53ca5,15
training,7102.0,148.0,priority_skewed,148,3859092870150968482,9c20fe808c5cc149,15
training,7102.0,149.0,staggered_interactive,149,6251958318373973903,c5274d29b73d8c99,15
training,7102.0,150.0,short_jobs,150,1092153667909956229,a1d1800c55157b67,15
training,7102.0,151.0,long_jobs,151,7934264467973263882,125ac3921022aee4,15
training,7102.0,152.0,mixed,152,5036626891870249286,c5e50a8ab9c4b0ff,15
training,7102.0,153.0,cpu_bursty,153,7094278985431221118,53d1dea36214fada,15
training,7102.0,154.0,priority_skewed,154,6023053015111351154,5af038740ba64daf,15
training,7102.0,155.0,staggered_interactive,155,692326857759916668,fa29f389b7113e83,15
training,7102.0,156.0,short_jobs,156,1677528110322161795,4ee9f3c60ccf187e,15
training,7102.0,157.0,long_jobs,157,9171336136949449826,7d07a153bc4820d1,15
training,7102.0,158.0,mixed,158,73154184461405221,2d03be3e387e5fbd,15
training,7102.0,159.0,cpu_bursty,159,6185848014452775000,abe4a5512d8859ee,15
training,7102.0,160.0,priority_skewed,160,7705753799362033580,45aad3ec78b06cf4,15
training,7102.0,161.0,staggered_interactive,161,3261712033980239694,8ac8485abae59496,15
training,7102.0,162.0,short_jobs,162,6115739771942136342,c80c204d0ed5e26c,15
training,7102.0,163.0,long_jobs,163,3839833394705188722,086c5a85fa53146b,15
training,7102.0,164.0,mixed,164,2605212071472775818,e8bdcf8a4a86393a,15
training,7102.0,165.0,cpu_bursty,165,4311867625505736907,1589d4b71863ef17,15
training,7102.0,166.0,priority_skewed,166,2240681392374930194,9f248f5c7eadbc25,15
training,7102.0,167.0,staggered_interactive,167,7603988977779379499,6069ad5134572fa0,15
training,7102.0,168.0,short_jobs,168,2626742094486682132,8a927acc570d7d96,15
training,7102.0,169.0,long_jobs,169,9137964739072360044,6b00d76db757993b,15
training,7102.0,170.0,mixed,170,3309908960879972463,f3cd086bfb846247,15
training,7102.0,171.0,cpu_bursty,171,3711251613544762585,3bfd18b702480fd6,15
training,7102.0,172.0,priority_skewed,172,4793062617171004663,fcc7153c00143b09,15
training,7102.0,173.0,staggered_interactive,173,5315170378117071756,b8b82049f47cc099,15
training,7102.0,174.0,short_jobs,174,2338677575461315381,9de124701f146fcc,15
training,7102.0,175.0,long_jobs,175,5202570444196279227,cebb4db2603ee757,15
training,7102.0,176.0,mixed,176,7491350111437115848,58ea19a73834e808,15
training,7102.0,177.0,cpu_bursty,177,8834239157514914138,1b6c3b3e088b1f26,15
training,7102.0,178.0,priority_skewed,178,4658512936553943026,f9ed65accabbfc2d,15
training,7102.0,179.0,staggered_interactive,179,733274288456983231,600dcd90a804ace0,15
training,7102.0,180.0,short_jobs,180,9161586389486858314,486342a39769bf09,15
training,7102.0,181.0,long_jobs,181,3996238914290467437,6f5d7f16bd1aaf0b,15
training,7102.0,182.0,mixed,182,6358548508519988113,10ea309e1672b4ec,15
training,7102.0,183.0,cpu_bursty,183,2517728539678459443,f8e9829baf917e37,15
training,7102.0,184.0,priority_skewed,184,7229098385140031164,3e542830b22fe4e4,15
training,7102.0,185.0,staggered_interactive,185,9075843735708493371,350c111c3826eef0,15
training,7102.0,186.0,short_jobs,186,8159063124922208320,d41758ce7ecb68c9,15
training,7102.0,187.0,long_jobs,187,227668513047901771,177083c9ba8344b6,15
training,7102.0,188.0,mixed,188,7988212422570601961,6d74cf88dbacfe4d,15
training,7102.0,189.0,cpu_bursty,189,1686899113263159309,b2f4ead5d7b0ed91,15
training,7102.0,190.0,priority_skewed,190,5594907390679277235,1b564226bb0667dc,15
training,7102.0,191.0,staggered_interactive,191,4614036724604220857,e02409e22ff54105,15
training,7102.0,192.0,short_jobs,192,8252121897320044683,7726f0583517be1a,15
training,7102.0,193.0,long_jobs,193,3551304821046696553,b6f57e0a7331fb3a,15
training,7102.0,194.0,mixed,194,250720480406325832,2e869c77a08e225d,15
training,7102.0,195.0,cpu_bursty,195,9111913834879747077,97b03c6e224640e3,15
training,7102.0,196.0,priority_skewed,196,3800611668544643792,bdc31aff1fda4da3,15
training,7102.0,197.0,staggered_interactive,197,2045423472284381283,bdadf3fad8829153,15
training,7102.0,198.0,short_jobs,198,5562722650369547566,45051763110fcf35,15
training,7102.0,199.0,long_jobs,199,4643035727864317746,98695bcc201ab1ee,15
training,7102.0,200.0,mixed,200,975841587157611881,95644d936f62228d,15
training,7102.0,201.0,cpu_bursty,201,7892632941535476952,7d1427c369bed163,15
training,7102.0,202.0,priority_skewed,202,3768783319274223152,2edfdc8ca75d1d13,15
training,7102.0,203.0,staggered_interactive,203,977960563838446289,8999c2a6182bd8cc,15
training,7102.0,204.0,short_jobs,204,8674423933796256623,9825af2c57cb8db5,15
training,7102.0,205.0,long_jobs,205,1443588469884617934,09800dda71017a2a,15
training,7102.0,206.0,mixed,206,7980533734947517175,8b4ecca95af26f9b,15
training,7102.0,207.0,cpu_bursty,207,7018854667281915476,0f560888aa83641c,15
training,7102.0,208.0,priority_skewed,208,3321788777473838695,cdd959fc119a9a47,15
training,7102.0,209.0,staggered_interactive,209,4082778915075349874,32ed7545f67cd079,15
training,7102.0,210.0,short_jobs,210,1625222923962032054,e0b709569c819318,15
training,7102.0,211.0,long_jobs,211,795475705128272140,ac716c860b6e3e47,15
training,7102.0,212.0,mixed,212,4702373369784067178,bcbd9a611a9172cc,15
training,7102.0,213.0,cpu_bursty,213,2625191069878397314,4741da6439b740e0,15
training,7102.0,214.0,priority_skewed,214,8001138735831417884,996c6659601bf658,15
training,7102.0,215.0,staggered_interactive,215,1519875731649280082,e9fc7f74fa52a490,15
training,7102.0,216.0,short_jobs,216,4011675950849010304,6d07ed7e13cbdc3f,15
training,7102.0,217.0,long_jobs,217,3147832590399589365,3fc95cfdb6a0ccc3,15
training,7102.0,218.0,mixed,218,9035823635143778553,30fd968e0643f159,15
training,7102.0,219.0,cpu_bursty,219,3286161060469484034,a74bea5d284d79fe,15
training,7102.0,220.0,priority_skewed,220,6866860733781331881,c756f9641f9a866a,15
training,7102.0,221.0,staggered_interactive,221,764112142984435855,9cd012c62822bc52,15
training,7102.0,222.0,short_jobs,222,2734206470186911177,e970ceebc7debfca,15
training,7102.0,223.0,long_jobs,223,7800574878096943950,a7f22ae47d44f89a,15
training,7102.0,224.0,mixed,224,6846853499713136722,c50eb9c12ac35a4a,15
training,7102.0,225.0,cpu_bursty,225,6043319213772808669,79c34512b1bc368d,15
training,7102.0,226.0,priority_skewed,226,7934640924722438402,e863d96ccc6a4233,15
training,7102.0,227.0,staggered_interactive,227,7373589596001140345,ebab36eec0973873,15
training,7102.0,228.0,short_jobs,228,6086436902780955081,2804c16a0415ff78,15
training,7102.0,229.0,long_jobs,229,6956193040768056160,dc984b968e1d0be0,15
training,7102.0,230.0,mixed,230,8139807182716504634,a8693c97617fd690,15
training,7102.0,231.0,cpu_bursty,231,6677966526987247343,1c6d0a3fbe97667a,15
training,7102.0,232.0,priority_skewed,232,5408864025653726970,88c18a85c7da41f4,15
training,7102.0,233.0,staggered_interactive,233,4308917359053420122,f815e7165bd8ff4d,15
training,7102.0,234.0,short_jobs,234,7608046949791193315,073f8a643a009dfe,15
training,7102.0,235.0,long_jobs,235,6830515334127096133,6b070a71f7d87f2c,15
training,7102.0,236.0,mixed,236,4670721908403054621,27789652e08044eb,15
training,7102.0,237.0,cpu_bursty,237,6011020579680190661,ec95e57cded8bdb7,15
training,7102.0,238.0,priority_skewed,238,7415879738321470822,62887b58cd309cb2,15
training,7102.0,239.0,staggered_interactive,239,2759644818147197956,9c7f30e4c1bc21e4,15
training,7102.0,240.0,short_jobs,240,6570609947995996155,90d389def28c254b,15
training,7102.0,241.0,long_jobs,241,4172754694251193044,b3bf4344190ecb6a,15
training,7102.0,242.0,mixed,242,2151670803755754694,4b3f0d006a85656e,15
training,7102.0,243.0,cpu_bursty,243,2367063586946997597,9b6f674144851b02,15
training,7102.0,244.0,priority_skewed,244,980273046604358204,4a19f1436605b280,15
training,7102.0,245.0,staggered_interactive,245,4441681903701500416,ff28ddb118169143,15
training,7102.0,246.0,short_jobs,246,3938140188549074513,dcc1cd7e7b902693,15
training,7102.0,247.0,long_jobs,247,8349632071609369147,e4899f5751987c45,15
training,7102.0,248.0,mixed,248,8707643637626717467,4317bd71ce2bf01d,15
training,7102.0,249.0,cpu_bursty,249,8132596131049911062,252d626a28d10b12,15
training,7102.0,250.0,priority_skewed,250,6730781287862298106,c8a27339b9c819ec,15
training,7102.0,251.0,staggered_interactive,251,140051460142481891,3d12b3e2d10a4b55,15
training,7102.0,252.0,short_jobs,252,1447111562472599085,c47f831f5318c25e,15
training,7102.0,253.0,long_jobs,253,6839079671899753531,6e268bc1b4ec0bb0,15
training,7102.0,254.0,mixed,254,555587432318537972,70889d45c0a6e208,15
training,7102.0,255.0,cpu_bursty,255,5826539365481929625,077f83df836141d7,15
training,7102.0,256.0,priority_skewed,256,5252800966787674298,ec4e4a1420b998a8,15
training,7102.0,257.0,staggered_interactive,257,7201246422950232254,a57d7a7725be9c8c,15
training,7102.0,258.0,short_jobs,258,3105754267565604259,be43b5d2dc10927c,15
training,7102.0,259.0,long_jobs,259,6928878786645741536,69d26f37c7193734,15
training,7102.0,260.0,mixed,260,6329222122801681628,1b3751ef13dfc089,15
training,7102.0,261.0,cpu_bursty,261,3187157920075871079,196ecc46ecaa5e0f,15
training,7102.0,262.0,priority_skewed,262,2415599233818129279,64c2138d0464d649,15
training,7102.0,263.0,staggered_interactive,263,6355189075886131229,e8e84732553ee922,15
training,7102.0,264.0,short_jobs,264,4039298797591794074,4d95af64dc1a1b2f,15
training,7102.0,265.0,long_jobs,265,2820231017543159495,10a9b11f10acc49e,15
training,7102.0,266.0,mixed,266,3896101629838031288,0d78380baa8e8061,15
training,7102.0,267.0,cpu_bursty,267,6671246904732944008,61bba1fbe7d6a6a9,15
training,7102.0,268.0,priority_skewed,268,7651326811295808681,7660d3914aefb9c4,15
training,7102.0,269.0,staggered_interactive,269,510800249679504526,3086aa19a2ef521a,15
training,7102.0,270.0,short_jobs,270,1373598782169353729,b1736a427333030d,15
training,7102.0,271.0,long_jobs,271,5017230848848714314,7a757f99842c10ff,15
training,7102.0,272.0,mixed,272,6415042129671756486,2a97b0c502271282,15
training,7102.0,273.0,cpu_bursty,273,6025219170509203043,7813abb7caf0a56f,15
training,7102.0,274.0,priority_skewed,274,6568674064698226990,e06f0282caed6aa1,15
training,7102.0,275.0,staggered_interactive,275,8909875336940217050,1fc5ca856b6d7b5a,15
training,7102.0,276.0,short_jobs,276,3671708699126908515,0a57a8e9a92ee9ad,15
training,7102.0,277.0,long_jobs,277,8589251224411236465,78586528bc91a9a8,15
training,7102.0,278.0,mixed,278,3635211451922698415,08de971c6548de71,15
training,7102.0,279.0,cpu_bursty,279,1082451103122839953,f907cd872b67845d,15
training,7102.0,280.0,priority_skewed,280,6094151687567252831,de976013c7d4ba36,15
training,7102.0,281.0,staggered_interactive,281,8960665498118456245,ca0cdc03e13b2f53,15
training,7102.0,282.0,short_jobs,282,569372000489754189,07b86e01e1694422,15
training,7102.0,283.0,long_jobs,283,1320457349354276121,d7d0abaf34d2caad,15
training,7102.0,284.0,mixed,284,573632031805089084,d8c3a72c51f49e03,15
training,7102.0,285.0,cpu_bursty,285,6259509500554732707,62a16e61ac10b919,15
training,7102.0,286.0,priority_skewed,286,300926889911606017,e9caf190ce06f647,15
training,7102.0,287.0,staggered_interactive,287,5521117977529969782,8d68338ea2b224af,15
training,7102.0,288.0,short_jobs,288,9150192543283183007,598805abae6fee8e,15
training,7102.0,289.0,long_jobs,289,2175589339505984373,b8650a9052a583b4,15
training,7102.0,290.0,mixed,290,4108943564556429551,2de61b52ff09c816,15
training,7102.0,291.0,cpu_bursty,291,4031837084567258155,d0535025a07aef8f,15
training,7102.0,292.0,priority_skewed,292,7561311568400367415,2ac3c02ba6ad40e4,15
training,7102.0,293.0,staggered_interactive,293,258696236768907886,6148ef14fa00f386,15
training,7102.0,294.0,short_jobs,294,5075199185374066565,77f7d4befb0e23aa,15
training,7102.0,295.0,long_jobs,295,4658441236762176163,74779bd4e49097bb,15
training,7102.0,296.0,mixed,296,5452029620682487545,4fac605b5721bcbe,15
training,7102.0,297.0,cpu_bursty,297,6482864205659421371,fd29c7e52c6c8e79,15
training,7102.0,298.0,priority_skewed,298,4182513367997622561,3603f74ce990bbcc,15
training,7102.0,299.0,staggered_interactive,299,7122146003184093606,1fedf842983bd277,15
training,7102.0,300.0,short_jobs,300,5776581868982411210,f515f598e192daf3,15
training,7102.0,301.0,long_jobs,301,8417563309318630574,245e9ceea319502c,15
training,7102.0,302.0,mixed,302,5246445168457449907,5b647444ade4135c,15
training,7102.0,303.0,cpu_bursty,303,7264644795022362509,f09c38d4bdcdf9b7,15
training,7102.0,304.0,priority_skewed,304,6895988397108053473,505230a9f0faec18,15
training,7102.0,305.0,staggered_interactive,305,7374723914226095024,f4b09d862f3b5db3,15
training,7102.0,306.0,short_jobs,306,5920567437157770134,966ef3cafae2f296,15
training,7102.0,307.0,long_jobs,307,2877520936934735250,d087f44fd679fa95,15
training,7102.0,308.0,mixed,308,3153155890460047735,57f8ae72b951a0c1,15
training,7102.0,309.0,cpu_bursty,309,6334230435421122837,17a679eee24a4ba8,15
training,7102.0,310.0,priority_skewed,310,3555912417771688994,7585bebe818b365b,15
training,7102.0,311.0,staggered_interactive,311,5568954136190877631,437634296df730ca,15
training,7102.0,312.0,short_jobs,312,2121276232578691791,d8465d8e9555e4cf,15
training,7102.0,313.0,long_jobs,313,5576819136580471666,6fa1a1c2664565b6,15
training,7102.0,314.0,mixed,314,3367419678855436264,a7c3c548f77d2d01,15
training,7102.0,315.0,cpu_bursty,315,4325202071930057034,a962a5e0b7144953,15
training,7102.0,316.0,priority_skewed,316,4949755965204827911,162ac10f73d20f96,15
training,7102.0,317.0,staggered_interactive,317,550816193329523504,0c51ae6eee9bd879,15
training,7102.0,318.0,short_jobs,318,1804806305312524295,2aabd5fee1ad55c3,15
training,7102.0,319.0,long_jobs,319,299304988948558602,f0a03d415b5757db,15
training,7102.0,320.0,mixed,320,2270220550838553833,cc09712a77826a37,15
training,7102.0,321.0,cpu_bursty,321,1760335798704592300,5c74217fe6dda2b2,15
training,7102.0,322.0,priority_skewed,322,3455466459634542433,c1a91f0fb32a35ba,15
training,7102.0,323.0,staggered_interactive,323,9091407255587491680,82050c258a2322f8,15
training,7102.0,324.0,short_jobs,324,2464357788842079626,1c392772a87204d1,15
training,7102.0,325.0,long_jobs,325,7789667725048058216,bcad149f2b25a893,15
training,7102.0,326.0,mixed,326,1353772240978113452,d932262bc992ec6f,15
training,7102.0,327.0,cpu_bursty,327,1431256446037657601,2b8e2744000d6c7f,15
training,7102.0,328.0,priority_skewed,328,9193132874748336733,416163dfe1669381,15
training,7102.0,329.0,staggered_interactive,329,7702562114814036352,35b93ffa20b5bba3,15
training,7102.0,330.0,short_jobs,330,5362632181059201148,b1fee8137c11f8f2,15
training,7102.0,331.0,long_jobs,331,8520995334144862699,f3c1e23765a67b19,15
training,7102.0,332.0,mixed,332,5511516707738282847,65cd7dd98ab7b75a,15
training,7102.0,333.0,cpu_bursty,333,8465941590613364528,cd058ca2b17bac33,15
training,7102.0,334.0,priority_skewed,334,8362892938979532155,0acde38b6c50b14e,15
training,7102.0,335.0,staggered_interactive,335,3526037451980522552,394d18832f394dd2,15
training,7102.0,336.0,short_jobs,336,8855289963393172627,78c9b5bd013c974a,15
training,7102.0,337.0,long_jobs,337,1751853480010109448,7487f4b7cc48e974,15
training,7102.0,338.0,mixed,338,9149705323274135875,a69a7eb3e9c612cd,15
training,7102.0,339.0,cpu_bursty,339,5718622000481016147,734e860f4016b59d,15
training,7102.0,340.0,priority_skewed,340,814590624159347519,4926349ec887ec5b,15
training,7102.0,341.0,staggered_interactive,341,2675789206356589082,8d5df6349975f5c5,15
training,7102.0,342.0,short_jobs,342,5121163393427757880,4e592b8eaef326fb,15
training,7102.0,343.0,long_jobs,343,5642870196522025182,7a82f3bd509b43e3,15
training,7102.0,344.0,mixed,344,8123488475550861631,2e24c67b6c86b3f4,15
training,7102.0,345.0,cpu_bursty,345,4290116515529921295,e1c6ad403736b32d,15
training,7102.0,346.0,priority_skewed,346,1417684149536635487,e606ea5c77574596,15
training,7102.0,347.0,staggered_interactive,347,6353145305413147430,316130114750cc7c,15
training,7102.0,348.0,short_jobs,348,3063546933613937105,6a0d136d80b5ae0b,15
training,7102.0,349.0,long_jobs,349,1677503024371172196,59fb103138098905,15
training,7102.0,350.0,mixed,350,3718626266117835723,36c386202aa68707,15
training,7102.0,351.0,cpu_bursty,351,7197755918098121279,0d8351a9fc263120,15
training,7102.0,352.0,priority_skewed,352,3436674223390912354,d932b4c285a74e09,15
training,7102.0,353.0,staggered_interactive,353,94766698879083449,61e20a83eac9444a,15
training,7102.0,354.0,short_jobs,354,6942121145616656921,9a8fe3b86aa5e41d,15
training,7102.0,355.0,long_jobs,355,6108687241910368595,03e5b6790dd668ff,15
training,7102.0,356.0,mixed,356,8490515831320632347,0f2b39f715ab9ac5,15
training,7102.0,357.0,cpu_bursty,357,321371805717069885,cabb7112e580681a,15
training,7102.0,358.0,priority_skewed,358,264038624023419763,6c3a2918a5b01377,15
training,7102.0,359.0,staggered_interactive,359,538146067764724629,eafeb22ef5a4842c,15
training,7102.0,360.0,short_jobs,360,7113231776959627184,08ca814744b20807,15
training,7102.0,361.0,long_jobs,361,6445212322091004355,e30660f934363104,15
training,7102.0,362.0,mixed,362,6905957206824003393,afe2ae763d7f2778,15
training,7102.0,363.0,cpu_bursty,363,4421221133952048152,106862dff4eebb41,15
training,7102.0,364.0,priority_skewed,364,3732227480223944391,2dc4634041f5664e,15
training,7102.0,365.0,staggered_interactive,365,3462425069796293454,42101c2f27eb9f1e,15
training,7102.0,366.0,short_jobs,366,2662371584884455527,3d329c01a065728c,15
training,7102.0,367.0,long_jobs,367,6491707152730232415,5380737b95c07deb,15
training,7102.0,368.0,mixed,368,1850457859577797186,9431ab6448c99c69,15
training,7102.0,369.0,cpu_bursty,369,7440319147008469792,b69eaa3b8cf7bdcd,15
training,7102.0,370.0,priority_skewed,370,6571428289828002944,fd3c26e9c4c711e2,15
training,7102.0,371.0,staggered_interactive,371,2144860396248007675,fbf5eec7b83aa2bc,15
training,7102.0,372.0,short_jobs,372,8630846056359616610,cee05c3df6e0f5a6,15
training,7102.0,373.0,long_jobs,373,9095097597841090011,d8b4f95f75ce129a,15
training,7102.0,374.0,mixed,374,2053467777410516340,3af356702311da9d,15
training,7102.0,375.0,cpu_bursty,375,3640080071346104729,83f17d52c7e5a88c,15
training,7102.0,376.0,priority_skewed,376,1496473678481720432,4d4ed6589ec70bf3,15
training,7102.0,377.0,staggered_interactive,377,855123196140918775,dcaa68a19d5c0a64,15
training,7102.0,378.0,short_jobs,378,2360082369877410271,4c34714142c8b3c8,15
training,7102.0,379.0,long_jobs,379,4314391537172975019,afdc0d69f9b55d38,15
training,7102.0,380.0,mixed,380,4923211906065616496,8c273c81d61ce718,15
training,7102.0,381.0,cpu_bursty,381,1813182734327971310,186fddd3f1c1aaff,15
training,7102.0,382.0,priority_skewed,382,6168065895001614160,c0b14989653aabf8,15
training,7102.0,383.0,staggered_interactive,383,750126252726905641,f6b0fc27bf289c1a,15
training,7102.0,384.0,short_jobs,384,390129646954545297,5670d9969cfd68af,15
training,7102.0,385.0,long_jobs,385,7979301218716161197,cff9b9f1051f5dcd,15
training,7102.0,386.0,mixed,386,2268477014078541949,17091590a333eb86,15
training,7102.0,387.0,cpu_bursty,387,1261070211942309427,d284ceac46734c5f,15
training,7102.0,388.0,priority_skewed,388,4321849728085519376,7302894b3f0b73e7,15
training,7102.0,389.0,staggered_interactive,389,8352894613634408639,a879867eda74fe01,15
training,7102.0,390.0,short_jobs,390,9091425448331205272,23e7c8111d6d5fe6,15
training,7102.0,391.0,long_jobs,391,8255611206157949993,6ab36deda41e6e39,15
training,7102.0,392.0,mixed,392,6831697146808261321,c2b1cbb649ce8e59,15
training,7102.0,393.0,cpu_bursty,393,2138464517066076487,51baa0c4aaa09c17,15
training,7102.0,394.0,priority_skewed,394,6064819624826485406,4534d96f4eff9f88,15
training,7102.0,395.0,staggered_interactive,395,5511569151882743111,f6f741f82383f690,15
training,7102.0,396.0,short_jobs,396,3794674226772692582,648eb6df821598e3,15
training,7102.0,397.0,long_jobs,397,7893836508264378310,38e9ff10e607cc79,15
training,7102.0,398.0,mixed,398,2764675129085447658,45f250c36d0768b6,15
training,7102.0,399.0,cpu_bursty,399,8184958686924691990,f25f2590ec77b6e5,15
training,7102.0,400.0,priority_skewed,400,3575043940266601792,247873d9e62e3020,15
training,7102.0,401.0,staggered_interactive,401,7532169140291904578,2e838eb1292e779a,15
training,7102.0,402.0,short_jobs,402,4396242054503720528,63dc4989a1ea61ef,15
training,7102.0,403.0,long_jobs,403,824711682084044135,5b84855ea3d61335,15
training,7102.0,404.0,mixed,404,9137679972262430846,4166b68d060eb498,15
training,7102.0,405.0,cpu_bursty,405,3923377007472591989,ea65a0c4ce922b04,15
training,7102.0,406.0,priority_skewed,406,5343095994279075191,57a97610dc7c0401,15
training,7102.0,407.0,staggered_interactive,407,5451641403776763859,af1b959fdd791c82,15
training,7102.0,408.0,short_jobs,408,7431514767768768617,c3120bf1ef765508,15
training,7102.0,409.0,long_jobs,409,8503688468225029532,b82d0033f0fef313,15
training,7102.0,410.0,mixed,410,8790670596445831298,c5d6b5a4641a9fe6,15
training,7102.0,411.0,cpu_bursty,411,6448793651668242136,b92499861068c703,15
training,7102.0,412.0,priority_skewed,412,3233790217889348225,1326691f91ae098d,15
training,7102.0,413.0,staggered_interactive,413,2439920782517525505,edc84bf5e871727c,15
training,7102.0,414.0,short_jobs,414,5872806616746109351,fd1a68693e88e33c,15
training,7102.0,415.0,long_jobs,415,5188662040917197082,902ae24f73f2441d,15
training,7102.0,416.0,mixed,416,1814640075300869091,1947bee9a26c9602,15
training,7102.0,417.0,cpu_bursty,417,3047169924230408154,be692d537112ae59,15
training,7102.0,418.0,priority_skewed,418,466320991481626837,6f510d325c3baba1,15
training,7102.0,419.0,staggered_interactive,419,3393001858988223925,c35eaf82248d5388,15
training,7102.0,420.0,short_jobs,420,8253492826557883307,53085f040a737b9e,15
training,7102.0,421.0,long_jobs,421,2540539474753680650,3775c6bc96f5b52d,15
training,7102.0,422.0,mixed,422,5880158783041897594,1a28a84d696681fa,15
training,7102.0,423.0,cpu_bursty,423,5343039946938686911,8095e7d38215f192,15
training,7102.0,424.0,priority_skewed,424,5238464969864060587,b3c97dab87cbc6bb,15
training,7102.0,425.0,staggered_interactive,425,3999736999132910426,7d15aad69ec4d339,15
training,7102.0,426.0,short_jobs,426,910640779351122417,73fcb8e08eb79fd9,15
training,7102.0,427.0,long_jobs,427,5374951573554430000,8617f1fd73bc809d,15
training,7102.0,428.0,mixed,428,1947080326550078396,08c2e3e6e600656f,15
training,7102.0,429.0,cpu_bursty,429,1481796574180685687,496fa24c65881089,15
training,7102.0,430.0,priority_skewed,430,5496894113124854196,4269e2a02fb3b463,15
training,7102.0,431.0,staggered_interactive,431,8520698548419083751,58abcce007741a09,15
training,7102.0,432.0,short_jobs,432,2370001794177044968,2f8bddc63118bf93,15
training,7102.0,433.0,long_jobs,433,2931461435650990839,fa194468b5d61b79,15
training,7102.0,434.0,mixed,434,4632002399515000382,dd42c1a2dde97913,15
training,7102.0,435.0,cpu_bursty,435,5127736473447520895,7d3215c26d0f9e9a,15
training,7102.0,436.0,priority_skewed,436,3501026088339754420,8205665fa235b43d,15
training,7102.0,437.0,staggered_interactive,437,6832918428753529957,5c06aca832b5e2ec,15
training,7102.0,438.0,short_jobs,438,6184181096299598520,fb2a9102b02160e2,15
training,7102.0,439.0,long_jobs,439,2819439279438710774,4b8a13dbb9539614,15
training,7102.0,440.0,mixed,440,2539706946192080356,3b98d8ba0c2e7da1,15
training,7102.0,441.0,cpu_bursty,441,2924044342811963565,5cd515a975003d18,15
training,7102.0,442.0,priority_skewed,442,1877380859797883909,2035b0194845aef4,15
training,7102.0,443.0,staggered_interactive,443,8091474852673605174,05b63ecb3df73e33,15
training,7102.0,444.0,short_jobs,444,9218935255357607190,81c3f757e2b93893,15
training,7102.0,445.0,long_jobs,445,2298066221622725905,72b55beea50481c2,15
training,7102.0,446.0,mixed,446,2389542344317677935,b2a9f3a36ba45724,15
training,7102.0,447.0,cpu_bursty,447,2603573883902990220,f0d1f93d8015e895,15
training,7102.0,448.0,priority_skewed,448,2677579784587099228,177eab72501ea03f,15
training,7102.0,449.0,staggered_interactive,449,6819684680611907197,5ac66c2a6006d1db,15
training,7102.0,450.0,short_jobs,450,4277214445762048154,3aacd83b4223c1ed,15
training,7102.0,451.0,long_jobs,451,5368929701701160356,21d060f117feff65,15
training,7102.0,452.0,mixed,452,1614167273548842315,fd4eae36d3c72be2,15
training,7102.0,453.0,cpu_bursty,453,1480896888146905209,a4b2d96d9219aa97,15
training,7102.0,454.0,priority_skewed,454,9320713139281061,4f3f1e40da058c16,15
training,7102.0,455.0,staggered_interactive,455,4280553643616767078,76cbbe4001724417,15
training,7102.0,456.0,short_jobs,456,4129242337012258911,564cadcec840f8be,15
training,7102.0,457.0,long_jobs,457,2985272969159390182,6c1d93e8cd83e67e,15
training,7102.0,458.0,mixed,458,6331191636747459764,ff8c066237e71234,15
training,7102.0,459.0,cpu_bursty,459,581234424044033236,81e95cb136af8177,15
training,7102.0,460.0,priority_skewed,460,8823463240198927890,fbbdb1bd5f218f48,15
training,7102.0,461.0,staggered_interactive,461,6227351470536754068,417a6510f7ab89f1,15
training,7102.0,462.0,short_jobs,462,2952667013476630902,23f455bbdbb9457a,15
training,7102.0,463.0,long_jobs,463,5814332647235406054,b6bc531c6b20d4c5,15
training,7102.0,464.0,mixed,464,8872237464528192879,29810aaa1773e7b1,15
training,7102.0,465.0,cpu_bursty,465,5515159196846758568,7edcd5b3fde2e278,15
training,7102.0,466.0,priority_skewed,466,8204781644416864498,a06ef93988e8aa56,15
training,7102.0,467.0,staggered_interactive,467,2578118693581330929,2e7399f668f44def,15
training,7102.0,468.0,short_jobs,468,7407839153664421311,259e1ec23e014cad,15
training,7102.0,469.0,long_jobs,469,9161041384600197567,b2e4156160d5b071,15
training,7102.0,470.0,mixed,470,3335859923429457698,3aa870643502ace6,15
training,7102.0,471.0,cpu_bursty,471,4858627143608849294,c4fad5a4f0b2f7a0,15
training,7102.0,472.0,priority_skewed,472,4863468535750335293,2f811625e1c5bc93,15
training,7102.0,473.0,staggered_interactive,473,8131587974543596380,b2b1cb1bf64d4e13,15
training,7102.0,474.0,short_jobs,474,6634264999418019725,bb300c98cb8ee8dc,15
training,7102.0,475.0,long_jobs,475,7087121984516817029,4272e60b5e40b98f,15
training,7102.0,476.0,mixed,476,1574198876333925530,d598dd2d09423e85,15
training,7102.0,477.0,cpu_bursty,477,2101645058035549025,88dd255223c8a618,15
training,7102.0,478.0,priority_skewed,478,5113521397793948205,c574223adbcb5d5f,15
training,7102.0,479.0,staggered_interactive,479,1383273742619828924,45282b96f805c610,15
training,7102.0,480.0,short_jobs,480,205904743497880642,be67bcc313c5f466,15
training,7102.0,481.0,long_jobs,481,5126847682987586569,d0cd278120a4d219,15
training,7102.0,482.0,mixed,482,2965769186201813620,e5286f663c2d6a57,15
training,7102.0,483.0,cpu_bursty,483,6935124190828539786,11d2143dc6a8c324,15
training,7102.0,484.0,priority_skewed,484,1115211016110702508,820f86b869a14804,15
training,7102.0,485.0,staggered_interactive,485,2166408758436784451,8101b771563a6d59,15
training,7102.0,486.0,short_jobs,486,5691901578339378003,002476fee0c00a14,15
training,7102.0,487.0,long_jobs,487,8788201945970173613,426949ca8434e9e9,15
training,7102.0,488.0,mixed,488,8279850058535203513,563e2759c347ac08,15
training,7102.0,489.0,cpu_bursty,489,8720836950917927652,f4cb7aed8cec83e8,15
training,7102.0,490.0,priority_skewed,490,2830125095965365463,c549d56bcfd6e881,15
training,7102.0,491.0,staggered_interactive,491,6939428919869307293,4e582dc68c64b9b4,15
training,7102.0,492.0,short_jobs,492,5910189128786453919,db8b76ccd9826a7c,15
training,7102.0,493.0,long_jobs,493,2130830629734342364,ed4afe88ada7adb5,15
training,7102.0,494.0,mixed,494,4374692777727775894,48c66792c865a070,15
training,7102.0,495.0,cpu_bursty,495,74947375284819248,51b12623687cb884,15
training,7102.0,496.0,priority_skewed,496,1151159105160540549,20cc86f2d73238a0,15
training,7102.0,497.0,staggered_interactive,497,6959796010846055484,f206fb07593b65e2,15
training,7102.0,498.0,short_jobs,498,2507141117081824765,556d4319a5d63704,15
training,7102.0,499.0,long_jobs,499,4517202449979078021,77f02ae5c842fb60,15
training,7102.0,500.0,mixed,500,1210703989144182449,bdeb22e7d25e62ed,15
training,7102.0,501.0,cpu_bursty,501,4960425880704457870,f887292075113edb,15
training,7102.0,502.0,priority_skewed,502,4514065375969769609,2d2f5a30e14da665,15
training,7102.0,503.0,staggered_interactive,503,403003572641214123,dd31e298677adfa8,15
training,7102.0,504.0,short_jobs,504,2081179529387278000,5cbf37032a725c21,15
training,7102.0,505.0,long_jobs,505,2218838397984127200,9df4afa5daca3140,15
training,7102.0,506.0,mixed,506,4613690213847474118,014ce4d69962b6bd,15
training,7102.0,507.0,cpu_bursty,507,1632160628582122153,e8c0551f31eae67a,15
training,7102.0,508.0,priority_skewed,508,4007574026728456340,f003a085d6118bdf,15
training,7102.0,509.0,staggered_interactive,509,1530389793520090513,7e9eb6104e16206d,15
training,7102.0,510.0,short_jobs,510,926839444511455053,e23e86d8dcd61894,15
training,7102.0,511.0,long_jobs,511,7829250103055127502,bf8ae982aea30b4a,15
training,7102.0,512.0,mixed,512,7892515096452556995,a73e956d1b3ba0cc,15
training,7102.0,513.0,cpu_bursty,513,2506626642830606545,8f482a646d6ef0d4,15
training,7102.0,514.0,priority_skewed,514,865906143848798696,0ec45facdfa9443a,15
training,7102.0,515.0,staggered_interactive,515,3156626525950780152,cc5be7afc0631448,15
training,7102.0,516.0,short_jobs,516,7139017941498438491,6dc9044c2304dee5,15
training,7102.0,517.0,long_jobs,517,3573723290680252613,408ddc3c71642678,15
training,7102.0,518.0,mixed,518,3265756507130666258,2deace5541e3bd8e,15
training,7102.0,519.0,cpu_bursty,519,2491991467684771720,e00c1f1b65d4a8d9,15
training,7102.0,520.0,priority_skewed,520,2839753439589713915,eac533c101b5db81,15
training,7102.0,521.0,staggered_interactive,521,3748536435231138904,5088951374189a88,15
training,7102.0,522.0,short_jobs,522,5884447017516488691,a585201a2fc455c7,15
training,7102.0,523.0,long_jobs,523,1426697927289120991,ab4ba856d37d6c57,15
training,7102.0,524.0,mixed,524,1325253794399490683,12515c4ce55e3eb3,15
training,7102.0,525.0,cpu_bursty,525,8715053550586320035,41ea8c7a34859d7f,15
training,7102.0,526.0,priority_skewed,526,4678014979470451164,e227f797a7a0c7e3,15
training,7102.0,527.0,staggered_interactive,527,2821170102451906661,45c5c23ecdab6b10,15
training,7102.0,528.0,short_jobs,528,1290173433638453226,4554acf0298414dd,15
training,7102.0,529.0,long_jobs,529,8979943729682983413,771d7240f5e0003d,15
training,7102.0,530.0,mixed,530,5815006216484611006,bb48d58648fce447,15
training,7102.0,531.0,cpu_bursty,531,2264187246251650506,7dfb4cdcc924a920,15
training,7102.0,532.0,priority_skewed,532,8951287347185740886,e921abdc24dd815a,15
training,7102.0,533.0,staggered_interactive,533,6793125472709739178,985939023563df0e,15
training,7102.0,534.0,short_jobs,534,8550743556315965543,874dc7e6c3697b18,15
training,7102.0,535.0,long_jobs,535,7703581672475177413,2ca7e0390542d87a,15
training,7102.0,536.0,mixed,536,6177212002132647942,b9daff0d1609197d,15
training,7102.0,537.0,cpu_bursty,537,4145598897195938211,87be5d364231787e,15
training,7102.0,538.0,priority_skewed,538,8828122581534281430,1cec3700a5d82785,15
training,7102.0,539.0,staggered_interactive,539,3599945352558176478,e285eca7348c307b,15
training,7102.0,540.0,short_jobs,540,3775159624895244668,86b277a11dcf53f6,15
training,7102.0,541.0,long_jobs,541,1826417694310707479,abc987028182babf,15
training,7102.0,542.0,mixed,542,7090801694760050749,70b09e361759373c,15
training,7102.0,543.0,cpu_bursty,543,7263797577707367011,aaa8c0db9cbbfbec,15
training,7102.0,544.0,priority_skewed,544,3362663281233866212,1681583444c57cde,15
training,7102.0,545.0,staggered_interactive,545,4268405689297265132,a1c48d654c4caf10,15
training,7102.0,546.0,short_jobs,546,2040476660205978343,18a8f3e2c06bb649,15
training,7102.0,547.0,long_jobs,547,6504938714751749211,b7f41c41b70ac19a,15
training,7102.0,548.0,mixed,548,6065526786483991335,a2eb0c429299c54f,15
training,7102.0,549.0,cpu_bursty,549,1996463344352302190,d12c97e12169bf9b,15
training,7102.0,550.0,priority_skewed,550,2503208066406092785,f4e3e1291af32236,15
training,7102.0,551.0,staggered_interactive,551,1583251938030119705,4236fa9e3b0d50b7,15
training,7102.0,552.0,short_jobs,552,7614012494733948183,8c07663c845c6bd6,15
training,7102.0,553.0,long_jobs,553,1986173193506841251,04013b8b19810802,15
training,7102.0,554.0,mixed,554,7733879784273844201,5c6d392e264e835a,15
training,7102.0,555.0,cpu_bursty,555,5794933048929018433,4962755bd47fb40f,15
training,7102.0,556.0,priority_skewed,556,7008476792893283659,578a499d688d05c9,15
training,7102.0,557.0,staggered_interactive,557,1704662404017508508,3cec47d4e1f55a72,15
training,7102.0,558.0,short_jobs,558,5434536864542822229,619ab7dd6d55bdea,15
training,7102.0,559.0,long_jobs,559,7775343453759556353,e04e93f99fd76615,15
training,7102.0,560.0,mixed,560,8672041702829927046,8e85f57f38280e1a,15
training,7102.0,561.0,cpu_bursty,561,5356351052158794997,48c781045b5b8f62,15
training,7102.0,562.0,priority_skewed,562,6811638954711823033,221db1d965e17f1e,15
training,7102.0,563.0,staggered_interactive,563,2120032574006488913,fd652cdae59b5b66,15
training,7102.0,564.0,short_jobs,564,9112619109898253181,3ea380194e515190,15
training,7102.0,565.0,long_jobs,565,7181585816156998878,2c195b3e7c601729,15
training,7102.0,566.0,mixed,566,7863767930703647457,08c9e9d67ed7bbc1,15
training,7102.0,567.0,cpu_bursty,567,4792346860056758563,60f321bba0ef10d1,15
training,7102.0,568.0,priority_skewed,568,554828126287781547,d2c9ee249ace7b90,15
training,7102.0,569.0,staggered_interactive,569,8634607092486735818,5029e9b8a1ca17a5,15
training,7102.0,570.0,short_jobs,570,996716286344151261,ea79f4b081600d64,15
training,7102.0,571.0,long_jobs,571,6908287864226814719,29be6870e74d75b0,15
training,7102.0,572.0,mixed,572,2982839310562618419,824fe41ff06a42ae,15
training,7102.0,573.0,cpu_bursty,573,4911236131337898261,80a36fc7d7b2e03a,15
training,7102.0,574.0,priority_skewed,574,7904242088984060812,477a8e8310c93c4b,15
training,7102.0,575.0,staggered_interactive,575,7688328433365551025,0fe2f29e161e274b,15
training,7102.0,576.0,short_jobs,576,8249442112415318116,2c1ad353e19b1480,15
training,7102.0,577.0,long_jobs,577,5223649728462711870,f246f0cbb3ed8a55,15
training,7102.0,578.0,mixed,578,3491442222486499662,bfcd1b74037965b8,15
training,7102.0,579.0,cpu_bursty,579,9197221954703885845,03a6c472ed1e95eb,15
training,7102.0,580.0,priority_skewed,580,3338801648534461566,ac651a16647548a3,15
training,7102.0,581.0,staggered_interactive,581,1812966322783335159,f388a58c998b8345,15
training,7102.0,582.0,short_jobs,582,8436273320657393664,9dbc75e0076d3364,15
training,7102.0,583.0,long_jobs,583,7484160998573663292,c576b23ab9f84269,15
training,7102.0,584.0,mixed,584,1202285806919792662,87a8986098f7c148,15
training,7102.0,585.0,cpu_bursty,585,414154577980699524,4598dc7006383dbc,15
training,7102.0,586.0,priority_skewed,586,725934065371937870,6a6c143ae73b2803,15
training,7102.0,587.0,staggered_interactive,587,3845791558180720121,31be0f8e2c600f40,15
training,7102.0,588.0,short_jobs,588,4872283679747208108,a2568b3abe4e793d,15
training,7102.0,589.0,long_jobs,589,7586600282768029689,1896ebf8b38194e6,15
training,7102.0,590.0,mixed,590,74756999550729529,1a309084ef7b2256,15
training,7102.0,591.0,cpu_bursty,591,623644651618224710,6ee7075da83d985b,15
training,7102.0,592.0,priority_skewed,592,6625011256088252394,ffe0398169a42c62,15
training,7102.0,593.0,staggered_interactive,593,3402026814424021368,e657c3666fb7d64f,15
training,7102.0,594.0,short_jobs,594,7272577937692986722,1a8fb09df54cf492,15
training,7102.0,595.0,long_jobs,595,3650966212581551344,00734eb743d07895,15
training,7102.0,596.0,mixed,596,2452757552856562145,0e09453626ffc71c,15
training,7102.0,597.0,cpu_bursty,597,7739102865226100089,39a5666add2c31dd,15
training,7102.0,598.0,priority_skewed,598,2552702049438841577,5558aeaed36d228e,15
training,7102.0,599.0,staggered_interactive,599,6643141286581946105,d64b2271e4d87a67,15
training,7102.0,600.0,short_jobs,600,180644016907289095,087ddc9782ab0f4c,15
training,7102.0,601.0,long_jobs,601,181605332376147827,251d8814c1623292,15
training,7102.0,602.0,mixed,602,3517024293438019008,a85e7a7637652ee0,15
training,7102.0,603.0,cpu_bursty,603,3758452036641703661,f589e42caa85eb4d,15
training,7102.0,604.0,priority_skewed,604,256283310488859594,115c30c60a50883e,15
training,7102.0,605.0,staggered_interactive,605,5069835143016274951,a557c16b2f129273,15
training,7102.0,606.0,short_jobs,606,6647984007369383734,8f2a41826aca5e84,15
training,7102.0,607.0,long_jobs,607,1468140674251931803,6ce457f68796bc29,15
training,7102.0,608.0,mixed,608,8425119728125369003,5641e3b25dbe945e,15
training,7102.0,609.0,cpu_bursty,609,4783365011361050341,51b81ce9ba0d849d,15
training,7102.0,610.0,priority_skewed,610,7961346879854917809,9bdd555f94021a45,15
training,7102.0,611.0,staggered_interactive,611,2604189339332308491,61c5f5aa0740bebc,15
training,7102.0,612.0,short_jobs,612,6149797365003445435,574ba656ce8e0822,15
training,7102.0,613.0,long_jobs,613,8668424668716692904,e33789c2aacf5e70,15
training,7102.0,614.0,mixed,614,8450285414251724118,b2e1c579ccae4085,15
training,7102.0,615.0,cpu_bursty,615,8558823706636472008,bf573d2ebe7cecec,15
training,7102.0,616.0,priority_skewed,616,384253229821943830,5e4c990fb585b35d,15
training,7102.0,617.0,staggered_interactive,617,185498978656946642,fa4974449ff6a066,15
training,7102.0,618.0,short_jobs,618,5165487748203373839,b51b22a9a27e72d4,15
training,7102.0,619.0,long_jobs,619,8504944948814743347,67be659d5cb6a861,15
training,7102.0,620.0,mixed,620,3946098531410026639,8df92cf45eea0268,15
training,7102.0,621.0,cpu_bursty,621,6425587092677730061,651371f60502b4e3,15
training,7102.0,622.0,priority_skewed,622,2374049426598907821,52e0f20928c9bbbf,15
training,7102.0,623.0,staggered_interactive,623,4431470019421968489,44f5b9aa4fcf744a,15
training,7102.0,624.0,short_jobs,624,1472376978267473821,40e1ee1bd5f478df,15
training,7102.0,625.0,long_jobs,625,1806756944695339206,20f777db8c5c8d30,15
training,7102.0,626.0,mixed,626,8043931830972957037,fd08bba980c21b48,15
training,7102.0,627.0,cpu_bursty,627,979394503748413690,fb8041a0a121a117,15
training,7102.0,628.0,priority_skewed,628,8782485419512957096,c7bb63c8e799ac78,15
training,7102.0,629.0,staggered_interactive,629,3702883725913679641,aff2d0bb5feb2f75,15
training,7102.0,630.0,short_jobs,630,671887828353543437,d5154959dca5fe24,15
training,7102.0,631.0,long_jobs,631,6317418844934848864,883db9145e33e626,15
training,7102.0,632.0,mixed,632,6312414670274109083,3f8e5eb787b2e94f,15
training,7102.0,633.0,cpu_bursty,633,6622620511011404223,a59080ebebc460af,15
training,7102.0,634.0,priority_skewed,634,3382203346624806234,b637b51262da588b,15
training,7102.0,635.0,staggered_interactive,635,1974332873200788865,13702c4eb9f2e77f,15
training,7102.0,636.0,short_jobs,636,5714848779546863381,49f9cf0b0a95b98e,15
training,7102.0,637.0,long_jobs,637,5072731931128162215,922ef9edbd92574f,15
training,7102.0,638.0,mixed,638,5411388771981207950,d911facb9474566c,15
training,7102.0,639.0,cpu_bursty,639,372466292246837360,d452ec503a728902,15
training,7102.0,640.0,priority_skewed,640,1715655739870008824,2d5643f8e8a8f7f7,15
training,7102.0,641.0,staggered_interactive,641,6763473437772904984,3eea131583719cb8,15
training,7102.0,642.0,short_jobs,642,486378324840508795,90f6bbd0611b4fd6,15
training,7102.0,643.0,long_jobs,643,659638597064827599,cd86ec6e965d91d3,15
training,7102.0,644.0,mixed,644,6765109139436571264,66db850e198b5ffc,15
training,7102.0,645.0,cpu_bursty,645,7237136220085701824,656d1bb471297f1c,15
training,7102.0,646.0,priority_skewed,646,2316141089293360162,30bbd206bb96e40e,15
training,7102.0,647.0,staggered_interactive,647,950794381575837856,1077f095224a44c2,15
training,7102.0,648.0,short_jobs,648,7392046635931029630,08c25c7b91653041,15
training,7102.0,649.0,long_jobs,649,7472980584874490641,bdfb8f36b8c27f3f,15
training,7102.0,650.0,mixed,650,1832797129717930,22c8eb150cc154e0,15
training,7102.0,651.0,cpu_bursty,651,1953728161202614388,2b17697cb8b36a50,15
training,7102.0,652.0,priority_skewed,652,1462467442055929604,4df1c2557e9d8a38,15
training,7102.0,653.0,staggered_interactive,653,8856386499309024688,b1a99e84a896f5ca,15
training,7102.0,654.0,short_jobs,654,2053212758664144972,ae08c859ed6fde3c,15
training,7102.0,655.0,long_jobs,655,6204041583596621334,a1494cfad33ed545,15
training,7102.0,656.0,mixed,656,6330312320229385304,7706a0f54b141cec,15
training,7102.0,657.0,cpu_bursty,657,8422453403705568789,64b0fb6dcd46a6c7,15
training,7102.0,658.0,priority_skewed,658,4122548779354524948,f031bcbf81f52313,15
training,7102.0,659.0,staggered_interactive,659,2471483766541042106,728f152251c6d431,15
training,7102.0,660.0,short_jobs,660,6963598387631215088,35b1cffeabcb58c9,15
training,7102.0,661.0,long_jobs,661,7153278324654945899,9ed4d8ca7416e28f,15
training,7102.0,662.0,mixed,662,6195563136201579586,e2b6df43096c0c71,15
training,7102.0,663.0,cpu_bursty,663,8750183681506914859,9f11c0d5e20c3246,15
training,7102.0,664.0,priority_skewed,664,2770993752693493469,9d82169bfb7bd1cf,15
training,7102.0,665.0,staggered_interactive,665,5708811465015323134,e9e090c8beb7f690,15
training,7102.0,666.0,short_jobs,666,6997287732478606589,a8871d190f1467d4,15
training,7102.0,667.0,long_jobs,667,1334419178066572407,0ee3d9304c09bfa7,15
training,7102.0,668.0,mixed,668,7819758379437039215,59b8ff6d1c54f552,15
training,7102.0,669.0,cpu_bursty,669,490441894013374946,ecf432229789127c,15
training,7102.0,670.0,priority_skewed,670,3694715124780047455,bd59a9872a37c1bc,15
training,7102.0,671.0,staggered_interactive,671,521394768243170614,b2322ce28ec69763,15
training,7102.0,672.0,short_jobs,672,1441555068210401965,0eec86082cbb5b5e,15
training,7102.0,673.0,long_jobs,673,7156656352838004485,fda91381ae84568a,15
training,7102.0,674.0,mixed,674,4117402532250806337,d456ab64e588ff2b,15
training,7102.0,675.0,cpu_bursty,675,3057580481482592807,e9f5542791b8c2fb,15
training,7102.0,676.0,priority_skewed,676,5172661215266391415,5101dcaf12f67014,15
training,7102.0,677.0,staggered_interactive,677,8548600230144114312,ab1e8454248b38bf,15
training,7102.0,678.0,short_jobs,678,4048038353828785593,a795035214189270,15
training,7102.0,679.0,long_jobs,679,17704171230139698,fcd39657956f6b5c,15
training,7102.0,680.0,mixed,680,5653424012755098989,1fe0e07a3d4f8d51,15
training,7102.0,681.0,cpu_bursty,681,7184631208268337153,62c7241de4f0f4de,15
training,7102.0,682.0,priority_skewed,682,3773287744040106539,2a8ee0b2abfb8402,15
training,7102.0,683.0,staggered_interactive,683,2157391608102742117,75721fa060a9eac0,15
training,7102.0,684.0,short_jobs,684,3857046169104561722,57fed2cc26ccc48a,15
training,7102.0,685.0,long_jobs,685,1963005910007151174,42aedc2d1e1e8c75,15
training,7102.0,686.0,mixed,686,4097544761299502722,150eab6f92b0edb8,15
training,7102.0,687.0,cpu_bursty,687,4307808758985113441,2faaa51879d7c609,15
training,7102.0,688.0,priority_skewed,688,2088711060068110128,dd28be136fd218b5,15
training,7102.0,689.0,staggered_interactive,689,3674562399819247711,ae5180c482fc840e,15
training,7102.0,690.0,short_jobs,690,2454278151561854323,5f6ab75189014a07,15
training,7102.0,691.0,long_jobs,691,841193917622099936,d0a8472451b0648f,15
training,7102.0,692.0,mixed,692,4510918178986455790,330bccaeee207bfb,15
training,7102.0,693.0,cpu_bursty,693,5275827350702184290,546dee16d1d5168d,15
training,7102.0,694.0,priority_skewed,694,3370567970401320510,9b94faad0a2b53be,15
training,7102.0,695.0,staggered_interactive,695,7710207566940325477,88150615a4ba9695,15
training,7102.0,696.0,short_jobs,696,2617979787596275248,7c93c5642623c8f4,15
training,7102.0,697.0,long_jobs,697,3553592322466458980,f1c4d2b156c6ac46,15
training,7102.0,698.0,mixed,698,6561355356128343144,27950d668080abc8,15
training,7102.0,699.0,cpu_bursty,699,4281839027922617866,61093dd538805c98,15
training,7102.0,700.0,priority_skewed,700,4186181046390735936,4e6209fd200db0ff,15
training,7102.0,701.0,staggered_interactive,701,6790811878583927594,f539d94571da2835,15
training,7102.0,702.0,short_jobs,702,5714514323815700344,b22975a53dd5036a,15
training,7102.0,703.0,long_jobs,703,8108149296767735037,aa6ca57cd31f6096,15
training,7102.0,704.0,mixed,704,6611466393906070314,b7d9101c8b7a0358,15
training,7102.0,705.0,cpu_bursty,705,8940648276954271001,9a0f9e8c0f7c0d68,15
training,7102.0,706.0,priority_skewed,706,8900721210204407618,8cb1ef2088f463ea,15
training,7102.0,707.0,staggered_interactive,707,4328032328874042638,309c9e1f10239f45,15
training,7102.0,708.0,short_jobs,708,4283479083861290591,1dc9008cdb855536,15
training,7102.0,709.0,long_jobs,709,5636819041633285723,4b3f884e2394b939,15
training,7102.0,710.0,mixed,710,2640090953208179133,b5bdeef37572035e,15
training,7102.0,711.0,cpu_bursty,711,8831640418914337141,6e72db0717107fe9,15
training,7102.0,712.0,priority_skewed,712,402912367728987283,18f0a306a58afc69,15
training,7102.0,713.0,staggered_interactive,713,473611250954882596,e109b10ffc03d8eb,15
training,7102.0,714.0,short_jobs,714,5183385710318083891,7850e71289801625,15
training,7102.0,715.0,long_jobs,715,647021499224997700,06243e30d3b0e692,15
training,7102.0,716.0,mixed,716,4685096567830736515,a5b65b6150fa3f93,15
training,7102.0,717.0,cpu_bursty,717,8090115361273592329,92b66e8c9f63690a,15
training,7102.0,718.0,priority_skewed,718,5220460079288014678,83db709058eb2306,15
training,7102.0,719.0,staggered_interactive,719,7428919919538867395,ba39722158de466a,15
training,7102.0,720.0,short_jobs,720,1859489539766214134,7c8ef945eaf3c2ad,15
training,7102.0,721.0,long_jobs,721,1902919518731137091,08d762a1a141ccea,15
training,7102.0,722.0,mixed,722,189223343975464568,16193b31daf52727,15
training,7102.0,723.0,cpu_bursty,723,4303884552034905419,868eef371d05f673,15
training,7102.0,724.0,priority_skewed,724,9085762404145215843,4b066aae42912c47,15
training,7102.0,725.0,staggered_interactive,725,1312600593963010160,91d1026e743fd426,15
training,7102.0,726.0,short_jobs,726,9189826535146663464,5e5ebe58a7631fad,15
training,7102.0,727.0,long_jobs,727,6028560728973574640,cb18391c42f6608c,15
training,7102.0,728.0,mixed,728,3650153491753283139,ac744d1f22bc351e,15
training,7102.0,729.0,cpu_bursty,729,6228704138182797062,474b9495263fbe8d,15
training,7102.0,730.0,priority_skewed,730,3764525722415615344,bb3ff54e2e8d11b3,15
training,7102.0,731.0,staggered_interactive,731,6773971562252872520,ff66156b09ed791f,15
training,7102.0,732.0,short_jobs,732,3990838431388489610,752d89bf14d0ad18,15
training,7102.0,733.0,long_jobs,733,596530749199929045,d979bfdc301c69bc,15
training,7102.0,734.0,mixed,734,5220528489501770263,797f0164e12844bf,15
training,7102.0,735.0,cpu_bursty,735,8173844008528761809,689dedbd749f07c8,15
training,7102.0,736.0,priority_skewed,736,1895361009862281734,31bdc61d02a2211b,15
training,7102.0,737.0,staggered_interactive,737,8846190828976234969,01b3c55e4dcf9759,15
training,7102.0,738.0,short_jobs,738,1238415749449910893,3e69938b18601db1,15
training,7102.0,739.0,long_jobs,739,8991224247381105282,03b47d7afea1f881,15
training,7102.0,740.0,mixed,740,56591463327544557,e42c02c5eaa9d819,15
training,7102.0,741.0,cpu_bursty,741,6985863346719430560,4444121c483e7d78,15
training,7102.0,742.0,priority_skewed,742,4743652886947713685,8cf5c71b8060a6d4,15
training,7102.0,743.0,staggered_interactive,743,8671937572450656639,fc90fe872a4f43ec,15
training,7102.0,744.0,short_jobs,744,2695576403768941261,59724675518775c6,15
training,7102.0,745.0,long_jobs,745,1113296653062162668,41c2be4b2a56fc99,15
training,7102.0,746.0,mixed,746,2509053822275713956,6b71709f8d78e396,15
training,7102.0,747.0,cpu_bursty,747,8646937712206226259,ebd1ba455ba6b627,15
training,7102.0,748.0,priority_skewed,748,7412741932738660876,3b0c3615e469fc64,15
training,7102.0,749.0,staggered_interactive,749,6194180187614990720,2909fc94276db261,15
training,7102.0,750.0,short_jobs,750,1545288321583336871,4f5764ba6af24311,15
training,7102.0,751.0,long_jobs,751,656842981780545831,30976cf5d52715c3,15
training,7102.0,752.0,mixed,752,404297746721109978,bac421cdde4506e3,15
training,7102.0,753.0,cpu_bursty,753,7210146842886803430,37739fb41a5e9aba,15
training,7102.0,754.0,priority_skewed,754,7313875502505635213,b07cf389777d515d,15
training,7102.0,755.0,staggered_interactive,755,2146841723271000324,464a70211e958204,15
training,7102.0,756.0,short_jobs,756,7733594993257271524,a5caf063015c09b9,15
training,7102.0,757.0,long_jobs,757,3350983527282476706,95ea0004ff0719f6,15
training,7102.0,758.0,mixed,758,1882306615012817136,ee11ab57427df80c,15
training,7102.0,759.0,cpu_bursty,759,1162661362696056075,fddd1d5dc6e32e51,15
training,7102.0,760.0,priority_skewed,760,28392688712586057,6dd0b0124b868939,15
training,7102.0,761.0,staggered_interactive,761,8190313582150180419,0395e9bd31d7e83c,15
training,7102.0,762.0,short_jobs,762,5027357865046420027,8ce6ee68be381194,15
training,7102.0,763.0,long_jobs,763,966615655310884114,1edeb5ddacfcbfa2,15
training,7102.0,764.0,mixed,764,5019785802450966631,2f9fb35730ae57ae,15
training,7102.0,765.0,cpu_bursty,765,3440852131100569629,60acec38c7a238ce,15
training,7102.0,766.0,priority_skewed,766,8110878612013630144,2cf0de1c7c1df492,15
training,7102.0,767.0,staggered_interactive,767,2296067325380058544,0fd0e9631dd71465,15
training,7102.0,768.0,short_jobs,768,1677314682935387407,8b9ca973459a1bd7,15
training,7102.0,769.0,long_jobs,769,6783903767744234448,b00009a6843a115f,15
training,7102.0,770.0,mixed,770,3029476065539080596,70afe31b39f58bac,15
training,7102.0,771.0,cpu_bursty,771,7456439927046985426,c7d406a615442c37,15
training,7102.0,772.0,priority_skewed,772,1615121005242176922,26237fd08daaa4ab,15
training,7102.0,773.0,staggered_interactive,773,6239360859183029614,cff9cc6fffd8bd8d,15
training,7102.0,774.0,short_jobs,774,254913217347867831,70124a1a674f989b,15
training,7102.0,775.0,long_jobs,775,5523995381092487566,0f6c3bbd73e63af6,15
training,7102.0,776.0,mixed,776,2583522180954430286,093a51bf85186e5a,15
training,7102.0,777.0,cpu_bursty,777,5249050404200850246,cb511d7179801765,15
training,7102.0,778.0,priority_skewed,778,273318068382025811,581737c9a9812764,15
training,7102.0,779.0,staggered_interactive,779,7292139343539494490,300425c01f6497e4,15
training,7102.0,780.0,short_jobs,780,2492889544147794189,7cd69d05caa934b7,15
training,7102.0,781.0,long_jobs,781,8437401439604834105,63d643f01f622441,15
training,7102.0,782.0,mixed,782,2437199283965304887,30c2a9d583c849bb,15
training,7102.0,783.0,cpu_bursty,783,2575494826859706031,efabf94988f72493,15
training,7102.0,784.0,priority_skewed,784,8007954542575768561,763b9a6f0ddf9527,15
training,7102.0,785.0,staggered_interactive,785,4229814541583531455,d87cdfefc215c817,15
training,7102.0,786.0,short_jobs,786,1045550029730025361,0cfa0898ee6e3534,15
training,7102.0,787.0,long_jobs,787,6840443467607518920,ab20aa2d68dd95c1,15
training,7102.0,788.0,mixed,788,2229034975744558665,2038890311151e24,15
training,7102.0,789.0,cpu_bursty,789,5696895178087463983,ac9aaa2423ac09d3,15
training,7102.0,790.0,priority_skewed,790,5348664940891800881,79289efe74cd9bfb,15
training,7102.0,791.0,staggered_interactive,791,2886743497850974564,ec5ed8ed79fc15de,15
training,7102.0,792.0,short_jobs,792,1863970054583807903,3d8e6870750461aa,15
training,7102.0,793.0,long_jobs,793,6157251365300005630,1aba72736e72799d,15
training,7102.0,794.0,mixed,794,4215210556849927946,69600b4ff094d073,15
training,7102.0,795.0,cpu_bursty,795,2852720669608617754,caec3a876537908d,15
training,7102.0,796.0,priority_skewed,796,7838480305714104171,55c80131e9c5d758,15
training,7102.0,797.0,staggered_interactive,797,3090929217754640067,903c19131ddb109a,15
training,7102.0,798.0,short_jobs,798,8538769214559688708,8bc910a2db3d7050,15
training,7102.0,799.0,long_jobs,799,8406840334693648484,1145210695230e0a,15
training,7102.0,800.0,mixed,800,6789320894573010312,9fbfbae9511808c6,15
training,7102.0,801.0,cpu_bursty,801,5907002301191494671,bc331f551665eac2,15
training,7102.0,802.0,priority_skewed,802,5261955554590994358,d274f44f6d51da74,15
training,7102.0,803.0,staggered_interactive,803,8151175495712935327,96a9bcf7e0081b19,15
training,7102.0,804.0,short_jobs,804,3897219621594877321,a5e233c1fe711821,15
training,7102.0,805.0,long_jobs,805,9157716091034579899,cd257e5d3a720d77,15
training,7102.0,806.0,mixed,806,932618812970132667,f93a4392256f7ae3,15
training,7102.0,807.0,cpu_bursty,807,6068215380871536857,9d90fc4e2c464b86,15
training,7102.0,808.0,priority_skewed,808,7259730089083978877,7aae8e5a8f0960dd,15
training,7102.0,809.0,staggered_interactive,809,6955347189487109164,98e47df8db69ee36,15
training,7102.0,810.0,short_jobs,810,561295296269807078,a9cda4508308d886,15
training,7102.0,811.0,long_jobs,811,3138473090493502783,9850b64056849533,15
training,7102.0,812.0,mixed,812,7030571403027237802,6b1d8d6b663cf4e4,15
training,7102.0,813.0,cpu_bursty,813,5245054732172679487,01d3d6a3bdefa2e8,15
training,7102.0,814.0,priority_skewed,814,362549460761522222,0d05e0cbf85deee1,15
training,7102.0,815.0,staggered_interactive,815,1512630816914141107,5bcad3a14fe0a4a1,15
training,7102.0,816.0,short_jobs,816,3955378888945415022,da2755283f13cdc2,15
training,7102.0,817.0,long_jobs,817,8577346294918605690,e65058f0d99db514,15
training,7102.0,818.0,mixed,818,7800540295732057451,19bc432d12dfd39a,15
training,7102.0,819.0,cpu_bursty,819,2356847662235198611,70edf467c6cdefb5,15
training,7102.0,820.0,priority_skewed,820,5229889803929686467,7da7e65bb345cbae,15
training,7102.0,821.0,staggered_interactive,821,3506739360514401625,2c76d1c06acac6ca,15
training,7102.0,822.0,short_jobs,822,4681270165240960920,bc76bdac4a6cd8c1,15
training,7102.0,823.0,long_jobs,823,3919091394959806159,0badf5e1e80c1c5f,15
training,7102.0,824.0,mixed,824,2497301340563710577,5d12ae94a404bfaf,15
training,7102.0,825.0,cpu_bursty,825,700682705512334834,7b131460134ab73f,15
training,7102.0,826.0,priority_skewed,826,426854084730033718,4b161c5d15e48bb1,15
training,7102.0,827.0,staggered_interactive,827,5732617319696463837,4662c835726932f7,15
training,7102.0,828.0,short_jobs,828,8488265702533769573,ca4c3765c9434ac3,15
training,7102.0,829.0,long_jobs,829,208634466016809966,ce38c0bb5c76be1f,15
training,7102.0,830.0,mixed,830,4703649395182845272,bfa7f11220383e4b,15
training,7102.0,831.0,cpu_bursty,831,4721993053319352396,56c54d4aaf3714e1,15
training,7102.0,832.0,priority_skewed,832,4446109224050246052,06a14f33467900f0,15
training,7102.0,833.0,staggered_interactive,833,4772056502456429693,c79cad41d9bdab7d,15
training,7102.0,834.0,short_jobs,834,5319122027248848254,a08518601027cff9,15
training,7102.0,835.0,long_jobs,835,2512459444381958948,2659ee45b2a2ded1,15
training,7102.0,836.0,mixed,836,7312725432468039391,aef2da5f76222d3b,15
training,7102.0,837.0,cpu_bursty,837,6827216473153306702,84d70745d6330d15,15
training,7102.0,838.0,priority_skewed,838,3279911842535942190,b5ae36ae0612562b,15
training,7102.0,839.0,staggered_interactive,839,2064929298374103402,e07814bc22fb8aa3,15
training,7102.0,840.0,short_jobs,840,7881912556108320526,0b88ad86f06d8d99,15
training,7102.0,841.0,long_jobs,841,4013888810231763161,498b4f15baf9558a,15
training,7102.0,842.0,mixed,842,4564876416816094160,8e7c70f68c17963a,15
training,7102.0,843.0,cpu_bursty,843,241872948091943106,c3e2b4576d76a93d,15
training,7102.0,844.0,priority_skewed,844,1838757623952653695,3c5ed2a74e09dd77,15
training,7102.0,845.0,staggered_interactive,845,3584588001396714760,d469ae1bf19b95a8,15
training,7102.0,846.0,short_jobs,846,7592980073655852731,28b6e7a5be3cca89,15
training,7102.0,847.0,long_jobs,847,1877247198431962153,147e02bcec414e51,15
training,7102.0,848.0,mixed,848,431370985117991888,ed40b6870a7577a3,15
training,7102.0,849.0,cpu_bursty,849,1473440380894731865,6f023d2c8fc3ea59,15
training,7102.0,850.0,priority_skewed,850,4762279199380032295,424712b0b2960d6e,15
training,7102.0,851.0,staggered_interactive,851,8105612616610907247,b0ae3a41fc37433b,15
training,7102.0,852.0,short_jobs,852,5464412173822934910,2213384dfec871dc,15
training,7102.0,853.0,long_jobs,853,42262640684819587,344ebb8a222513c5,15
training,7102.0,854.0,mixed,854,8640421012195326855,71d3681473a6e1a0,15
training,7102.0,855.0,cpu_bursty,855,2006629493061943036,9d3f007604d91d41,15
training,7102.0,856.0,priority_skewed,856,6158169492673575627,a6d59b571a766c77,15
training,7102.0,857.0,staggered_interactive,857,112895921333234770,ebca6ee730c85a88,15
training,7102.0,858.0,short_jobs,858,4497746012245728882,c97b1e88481757a4,15
training,7102.0,859.0,long_jobs,859,7121587165964475640,e6c5d3b0e5561d85,15
training,7102.0,860.0,mixed,860,818438299006113881,62716f142f1bc2db,15
training,7102.0,861.0,cpu_bursty,861,784400796599343229,1acee7fac78a7b7b,15
training,7102.0,862.0,priority_skewed,862,5890137713136414092,d5ffd695685a5e59,15
training,7102.0,863.0,staggered_interactive,863,4172189964959659701,f6aad8e3adb71a11,15
training,7102.0,864.0,short_jobs,864,4644671332446390283,937ed27acbc1c0c0,15
training,7102.0,865.0,long_jobs,865,4159135987955333583,40f242d5634525d5,15
training,7102.0,866.0,mixed,866,1449860751995251212,a9c25d8a4f6db96c,15
training,7102.0,867.0,cpu_bursty,867,3994117630990028674,7cbd8f242d411872,15
training,7102.0,868.0,priority_skewed,868,6873617480972715226,2e24c6a6034996b7,15
training,7102.0,869.0,staggered_interactive,869,1665322901966897115,9b841d7aef6fb4cb,15
training,7102.0,870.0,short_jobs,870,6257975830090645140,bc203c2203818dad,15
training,7102.0,871.0,long_jobs,871,2313703608189891473,7b699843610f9418,15
training,7102.0,872.0,mixed,872,7530319298239174680,34e73644d7e61846,15
training,7102.0,873.0,cpu_bursty,873,4809361185003869248,4028de9951d19973,15
training,7102.0,874.0,priority_skewed,874,2073967844104026069,e0e5325640d0a80a,15
training,7102.0,875.0,staggered_interactive,875,7620437242734444642,7a8beb23bf2741e4,15
training,7102.0,876.0,short_jobs,876,6716365416541361714,cc5a81e494a1b5be,15
training,7102.0,877.0,long_jobs,877,7463283023738103935,2214fa8a68faa58c,15
training,7102.0,878.0,mixed,878,4301924901411088936,c107272c66de7d0a,15
training,7102.0,879.0,cpu_bursty,879,4793374913432577495,c502f954717598c8,15
training,7102.0,880.0,priority_skewed,880,4888950855054230351,ea59ae26257efec2,15
training,7102.0,881.0,staggered_interactive,881,5626748590538140938,42cbcfaa88060f18,15
training,7102.0,882.0,short_jobs,882,1687331508911256406,74da8966ebd7a633,15
training,7102.0,883.0,long_jobs,883,7434114823423455142,123f82802387fd59,15
training,7102.0,884.0,mixed,884,5545423313641289758,f15b628aa0867610,15
training,7102.0,885.0,cpu_bursty,885,4209525696604808481,e7d8173e9dbb110c,15
training,7102.0,886.0,priority_skewed,886,7252894420051876388,e06ba0a10c842714,15
training,7102.0,887.0,staggered_interactive,887,8869811100605514765,29c4dd1c31c7df03,15
training,7102.0,888.0,short_jobs,888,7168681210254032540,4b9046a83a16fa1b,15
training,7102.0,889.0,long_jobs,889,5720790657264292525,cc1e6f10a7323fc4,15
training,7102.0,890.0,mixed,890,8792541146927711549,478a6fcc549a4d09,15
training,7102.0,891.0,cpu_bursty,891,4959857497056077472,eeb53b850863dab4,15
training,7102.0,892.0,priority_skewed,892,8524013454744630210,9aeaad9ef1b03350,15
training,7102.0,893.0,staggered_interactive,893,4773096736774998114,5848efc8f76259b1,15
training,7102.0,894.0,short_jobs,894,1424701639923309884,0d95dbe1b9933b47,15
training,7102.0,895.0,long_jobs,895,4427889924187849932,3c393dc7b352641e,15
training,7102.0,896.0,mixed,896,8193075217148488683,d2e4e376366baa43,15
training,7102.0,897.0,cpu_bursty,897,6929003907651454320,afb4fa01c5cc4d4a,15
training,7102.0,898.0,priority_skewed,898,6845638452721847933,9fb03c2c2e4a4b3b,15
training,7102.0,899.0,staggered_interactive,899,3480766195559386926,771c15fbec5b079a,15
training,7102.0,900.0,short_jobs,900,4175944260292421936,8a9483509b2c61cd,15
training,7102.0,901.0,long_jobs,901,5700606353979466782,ab185bbfca25eba1,15
training,7102.0,902.0,mixed,902,6804661220163443190,89a21baaa39a8092,15
training,7102.0,903.0,cpu_bursty,903,8369569556122209735,a5e00c35fcae6e3f,15
training,7102.0,904.0,priority_skewed,904,1812406010526641885,c91766644f424771,15
training,7102.0,905.0,staggered_interactive,905,727620716485905917,1a947cea95304b93,15
training,7102.0,906.0,short_jobs,906,4450177896590647446,941e3e97c4029296,15
training,7102.0,907.0,long_jobs,907,458137732787785630,7bc1ce4b00747d5b,15
training,7102.0,908.0,mixed,908,7548199092880156103,ed95e952f9842b65,15
training,7102.0,909.0,cpu_bursty,909,6228731494484483497,2e417e5375fb3d55,15
training,7102.0,910.0,priority_skewed,910,3531968858875856415,f2745cef26b1d3c2,15
training,7102.0,911.0,staggered_interactive,911,7816578996715680603,aecdbf73a51febdd,15
training,7102.0,912.0,short_jobs,912,2122874770516327996,32b96d6f4730a00a,15
training,7102.0,913.0,long_jobs,913,4059072761814920053,f1c5c002cc32c6e8,15
training,7102.0,914.0,mixed,914,7132020138431397954,3010da34128d6488,15
training,7102.0,915.0,cpu_bursty,915,5620700112288627185,6475e02415f71f74,15
training,7102.0,916.0,priority_skewed,916,7718725254293438974,1f213e2b1f49a443,15
training,7102.0,917.0,staggered_interactive,917,2289064075289118062,5c0425f3b4cb349b,15
training,7102.0,918.0,short_jobs,918,5495993582864068742,73f551f165b812cd,15
training,7102.0,919.0,long_jobs,919,7738645280401436895,786cc19e3db6df26,15
training,7102.0,920.0,mixed,920,416998799345724918,64fbb300861f6637,15
training,7102.0,921.0,cpu_bursty,921,8733986391782350211,daadce05eb8501ee,15
training,7102.0,922.0,priority_skewed,922,4071636371587304364,3d2bdf4a88401709,15
training,7102.0,923.0,staggered_interactive,923,9042286303496584854,ade2677d2c72fd3a,15
training,7102.0,924.0,short_jobs,924,9209383458925355129,e535a67520153d95,15
training,7102.0,925.0,long_jobs,925,1056692709422884570,ea5b2fd674296bac,15
training,7102.0,926.0,mixed,926,7914477850263994796,515452549d16ed80,15
training,7102.0,927.0,cpu_bursty,927,4886576573644767215,a13c8d81e0ebefe0,15
training,7102.0,928.0,priority_skewed,928,2029328608943370388,2b16008f8b2b436e,15
training,7102.0,929.0,staggered_interactive,929,6383936919984453282,3ad8156678534f39,15
training,7102.0,930.0,short_jobs,930,2823170464160998883,db1916c9170cf33e,15
training,7102.0,931.0,long_jobs,931,6482654108409560045,c3c5a08dbae8bab6,15
training,7102.0,932.0,mixed,932,6095853552191076620,7d9f1ab3d014ecf7,15
training,7102.0,933.0,cpu_bursty,933,123144925175173033,cae8c7251a5aadd7,15
training,7102.0,934.0,priority_skewed,934,4419782603501756816,67c0e29ab94b29ac,15
training,7102.0,935.0,staggered_interactive,935,8811357496626109679,a0ab33cec29d4fbb,15
training,7102.0,936.0,short_jobs,936,6055695698994205594,5adee946a77208c7,15
training,7102.0,937.0,long_jobs,937,8258352856057103667,bba7b8fbd80d4c78,15
training,7102.0,938.0,mixed,938,7775496051989372689,e5601606fa0b5a29,15
training,7102.0,939.0,cpu_bursty,939,4189225106362576010,cdf0c1b091fded7f,15
training,7102.0,940.0,priority_skewed,940,7495513613958714144,d4f19d4e2daed366,15
training,7102.0,941.0,staggered_interactive,941,1971596870850517020,0fe159b1bb978ad8,15
training,7102.0,942.0,short_jobs,942,6739130317157657556,034047da5882241f,15
training,7102.0,943.0,long_jobs,943,8029484091620602788,0c51f13dd0f8241f,15
training,7102.0,944.0,mixed,944,5218564762889692803,2db05641bc2b8930,15
training,7102.0,945.0,cpu_bursty,945,944694730453175880,1b377adff5478cc4,15
training,7102.0,946.0,priority_skewed,946,1414407792821185023,f6d647c98247acd8,15
training,7102.0,947.0,staggered_interactive,947,3281562502326256495,c40a95bb92a9b45a,15
training,7102.0,948.0,short_jobs,948,7609705706497929094,f192a543582ef9e5,15
training,7102.0,949.0,long_jobs,949,6428700754085419488,f1c39fc9e237792e,15
training,7102.0,950.0,mixed,950,4047234397029746770,38c3205ada6d5999,15
training,7102.0,951.0,cpu_bursty,951,4802984456062062452,94d4edaa042b4ba1,15
training,7102.0,952.0,priority_skewed,952,6212851696569501496,512f453fe33b04b3,15
training,7102.0,953.0,staggered_interactive,953,2115314466848042188,fba2242fdf9bcaf4,15
training,7102.0,954.0,short_jobs,954,5667528012905325783,04e2feb5c9c04276,15
training,7102.0,955.0,long_jobs,955,218520140073118956,64d35123e5b90690,15
training,7102.0,956.0,mixed,956,2043361844145456720,1e0b44f112b074f9,15
training,7102.0,957.0,cpu_bursty,957,6271157566779980245,4fcf15c2654cb873,15
training,7102.0,958.0,priority_skewed,958,6388394902800087763,0f422672fa18c2c1,15
training,7102.0,959.0,staggered_interactive,959,4203879632276978364,dbfc2377abef3e49,15
training,7102.0,960.0,short_jobs,960,6139335728285090892,185a8f7ef44a82c3,15
training,7102.0,961.0,long_jobs,961,8591691662603061180,5fd265299d88a731,15
training,7102.0,962.0,mixed,962,4245742116242598766,cb340cd08d73e60a,15
training,7102.0,963.0,cpu_bursty,963,112737757680256742,d0022bb3be8adb03,15
training,7102.0,964.0,priority_skewed,964,7770733745322049098,52af28bed74080a5,15
training,7102.0,965.0,staggered_interactive,965,1545276558556312369,85c218a6133b640f,15
training,7102.0,966.0,short_jobs,966,8230248022212985201,cfef63e53ab62482,15
training,7102.0,967.0,long_jobs,967,6987781808214568415,0257eca3f4a96b9c,15
training,7102.0,968.0,mixed,968,1323704735844002663,9e9fb19931b47d5d,15
training,7102.0,969.0,cpu_bursty,969,3387999442192611255,c392ad48bf23a049,15
training,7102.0,970.0,priority_skewed,970,6039844815741631138,5c0b0bb556e053b1,15
training,7102.0,971.0,staggered_interactive,971,8628526791503419049,82d3577e004f33fc,15
training,7102.0,972.0,short_jobs,972,3468250190243094416,6eacb99552f253ed,15
training,7102.0,973.0,long_jobs,973,4597818154921371015,4220aa262e022fdf,15
training,7102.0,974.0,mixed,974,9182853430740733320,cc82e0f4f05327fe,15
training,7102.0,975.0,cpu_bursty,975,7613132527237617560,5251a391061c940d,15
training,7102.0,976.0,priority_skewed,976,7510533078300418186,74785d980d3d4898,15
training,7102.0,977.0,staggered_interactive,977,5372603357387976929,14b1d02f5a13196f,15
training,7102.0,978.0,short_jobs,978,1438754654839089732,8eb677ebb7570b2c,15
training,7102.0,979.0,long_jobs,979,1543308803359501984,ffe669a66007c5c6,15
training,7102.0,980.0,mixed,980,8479046378261374950,78e209910ba2bc2e,15
training,7102.0,981.0,cpu_bursty,981,2293906978139873203,b4d940596a2d37a3,15
training,7102.0,982.0,priority_skewed,982,8407089067983395371,879cdaac37c6ada3,15
training,7102.0,983.0,staggered_interactive,983,1095583768961418706,8cf113af3e634f89,15
training,7102.0,984.0,short_jobs,984,2718325557069525149,b6d05d68a78b5d7a,15
training,7102.0,985.0,long_jobs,985,2132052859345254186,d1cedea186929c69,15
training,7102.0,986.0,mixed,986,7407619881540170462,d11facc462889d23,15
training,7102.0,987.0,cpu_bursty,987,1492807571479953232,840e457d6edebefa,15
training,7102.0,988.0,priority_skewed,988,4946537808133351959,c21d0c5c6c21ad6a,15
training,7102.0,989.0,staggered_interactive,989,1330788141102696044,9209abe653d58c30,15
training,7102.0,990.0,short_jobs,990,1768030749564780201,2ad4542f9a756028,15
training,7102.0,991.0,long_jobs,991,4243977657855141609,c94b543ab5df5bbc,15
training,7102.0,992.0,mixed,992,3403798900264144195,ba65373a241d0756,15
training,7102.0,993.0,cpu_bursty,993,8238724531098290545,272b6deb431f70a3,15
training,7102.0,994.0,priority_skewed,994,3230079888320346091,daeb17635a8ca0a9,15
training,7102.0,995.0,staggered_interactive,995,5212680645419821451,24435c3aa28432ec,15
training,7102.0,996.0,short_jobs,996,7160478911988866541,c25f010e83554bf7,15
training,7102.0,997.0,long_jobs,997,770036891859565076,913c11a9481edca0,15
training,7102.0,998.0,mixed,998,5836261918450522574,d942c99c10e75135,15
training,7102.0,999.0,cpu_bursty,999,1191533561289583309,4d2f1a6d5cd1c49d,15
training,7102.0,1000.0,priority_skewed,1000,2763494401436830405,160f35015d07e52f,15
training,7102.0,1001.0,staggered_interactive,1001,7343894691757934459,3e925f8cfdc988be,15
training,7102.0,1002.0,short_jobs,1002,1724294522716834500,b781425630ff2eda,15
training,7102.0,1003.0,long_jobs,1003,4972447452265297771,2dd5d47f550d4228,15
training,7102.0,1004.0,mixed,1004,8884093797613753229,c56d3a402b94e313,15
training,7102.0,1005.0,cpu_bursty,1005,2211034652252172373,8d060bfccd9acf4a,15
training,7102.0,1006.0,priority_skewed,1006,8222931340005745935,feec0d7005d87200,15
training,7102.0,1007.0,staggered_interactive,1007,3449120112800145915,92881280321abc02,15
training,7102.0,1008.0,short_jobs,1008,3069410179697424693,533f6fb0705987fb,15
training,7102.0,1009.0,long_jobs,1009,542154000976746389,6452f3387845b4ac,15
training,7102.0,1010.0,mixed,1010,6819721566949701461,2f79c400f28fc479,15
training,7102.0,1011.0,cpu_bursty,1011,4618542851237676160,e73283cc5175d615,15
training,7102.0,1012.0,priority_skewed,1012,4418722325250406147,59d752f91f883c35,15
training,7102.0,1013.0,staggered_interactive,1013,8379003530430004670,b8c4a6e14895518f,15
training,7102.0,1014.0,short_jobs,1014,1671134372458034372,4f55fadae6fe516e,15
training,7102.0,1015.0,long_jobs,1015,7872663553210604876,766f1fb82ed84077,15
training,7102.0,1016.0,mixed,1016,6076773193659215442,0f3aeb58d11b296e,15
training,7102.0,1017.0,cpu_bursty,1017,7322404471319554949,cafbf86c47a8e534,15
training,7102.0,1018.0,priority_skewed,1018,8037164930029570373,48e3308de8f37f7d,15
training,7102.0,1019.0,staggered_interactive,1019,7128240676362891499,32b288ba485b363a,15
training,7102.0,1020.0,short_jobs,1020,5082183677495535689,8914908bda0a9e0d,15
training,7102.0,1021.0,long_jobs,1021,7684485312130133482,38d429b7c1e1749a,15
training,7102.0,1022.0,mixed,1022,7493253899082348086,d3b22e58789f7d13,15
training,7102.0,1023.0,cpu_bursty,1023,7072853816020600845,708ba2bbf7d1da52,15
training,7102.0,1024.0,priority_skewed,1024,3443557159229834073,89a63f13b62511a6,15
training,7102.0,1025.0,staggered_interactive,1025,5764926046662671985,68036f069d4adc38,15
training,7102.0,1026.0,short_jobs,1026,3314914267174506473,738a09449f7ade1a,15
training,7102.0,1027.0,long_jobs,1027,2570638656242963547,6919b33c5fbd48d2,15
training,7102.0,1028.0,mixed,1028,5599364134041539518,ce674acdb00509ed,15
training,7102.0,1029.0,cpu_bursty,1029,8012350391857051897,1b16b06eaf259906,15
training,7102.0,1030.0,priority_skewed,1030,4011369231877011551,add16c132ba490fb,15
training,7102.0,1031.0,staggered_interactive,1031,8049214281038302174,7f63ce496e3a63f1,15
training,7102.0,1032.0,short_jobs,1032,141458735586286982,e3ce418900c96918,15
training,7102.0,1033.0,long_jobs,1033,682826987432302403,b529199ee62a930b,15
training,7102.0,1034.0,mixed,1034,4489632289876289333,b4c494ed6fde5c07,15
training,7102.0,1035.0,cpu_bursty,1035,8980617686866753118,b3a80ea051c51e99,15
training,7102.0,1036.0,priority_skewed,1036,9053673434991555929,d5fa9432887da554,15
training,7102.0,1037.0,staggered_interactive,1037,3860308298655935199,985bb4e9a417c42e,15
training,7102.0,1038.0,short_jobs,1038,271415237492754383,5f44c1f4f49f373a,15
training,7102.0,1039.0,long_jobs,1039,6345553805957538603,6bddcbc39ba5d981,15
training,7102.0,1040.0,mixed,1040,6062455149040883369,07156e87e392ecdd,15
training,7102.0,1041.0,cpu_bursty,1041,765330488625694728,a43c801f00e18ecd,15
training,7102.0,1042.0,priority_skewed,1042,1628409826255619574,52542f4517a27579,15
training,7102.0,1043.0,staggered_interactive,1043,7674745246337197191,831fcf426f98cb90,15
training,7102.0,1044.0,short_jobs,1044,3491491874977789412,55fab22acb03b3a7,15
training,7102.0,1045.0,long_jobs,1045,9188570122555337912,22ee3be8f3f24950,15
training,7102.0,1046.0,mixed,1046,7265014816397540797,3f224d6d0db481ad,15
training,7102.0,1047.0,cpu_bursty,1047,6935294150504015775,dc46c150572b8996,15
training,7102.0,1048.0,priority_skewed,1048,7260413619478362351,34b6dcb0045a2ec2,15
training,7102.0,1049.0,staggered_interactive,1049,6164467809291566466,b65bf4804c72506f,15
training,7102.0,1050.0,short_jobs,1050,2029910143780540049,40a7b648f0d1eb42,15
training,7102.0,1051.0,long_jobs,1051,353030919402549224,1e178bfd7539cb2a,15
training,7102.0,1052.0,mixed,1052,1507116503963498015,e32100635936f211,15
training,7102.0,1053.0,cpu_bursty,1053,936016392375641146,f3d6d3fca62f9ca1,15
training,7102.0,1054.0,priority_skewed,1054,6876939498028327769,a014fa08405b5c72,15
training,7102.0,1055.0,staggered_interactive,1055,2978970325101648318,4ddef0f2921d3277,15
training,7102.0,1056.0,short_jobs,1056,796360464281346007,c44e5ef8b02f1db2,15
training,7102.0,1057.0,long_jobs,1057,9087175951868412144,ecb61affe1916a59,15
training,7102.0,1058.0,mixed,1058,6259831296457866706,3752db6addb727e2,15
training,7102.0,1059.0,cpu_bursty,1059,8623943393232382861,496f4c21b402205c,15
training,7102.0,1060.0,priority_skewed,1060,5480106330027613230,20640545cf7c4aa0,15
training,7102.0,1061.0,staggered_interactive,1061,57395275165270531,a9bae66ec82ce3e7,15
training,7102.0,1062.0,short_jobs,1062,4161355679582892905,f60b5614d1e15d2b,15
training,7102.0,1063.0,long_jobs,1063,3762501835544401760,4cfc4ea07d3feaa7,15
training,7102.0,1064.0,mixed,1064,3642357646063521525,41a4fd6b25017bf8,15
training,7102.0,1065.0,cpu_bursty,1065,2643875790071036938,e728df2849844a0d,15
training,7102.0,1066.0,priority_skewed,1066,4944090622990984202,e646fbbccc186adb,15
training,7102.0,1067.0,staggered_interactive,1067,4869465805072466281,278e00c7b948a409,15
training,7102.0,1068.0,short_jobs,1068,8528331648824688806,2156661f45f13613,15
training,7102.0,1069.0,long_jobs,1069,9171581749185917639,075825df92983968,15
training,7102.0,1070.0,mixed,1070,5281030120082042179,3da81d9a9dc7a416,15
training,7102.0,1071.0,cpu_bursty,1071,5897706269333444009,83840984980bb310,15
training,7102.0,1072.0,priority_skewed,1072,4924864490782447306,44eac7661f69edde,15
training,7102.0,1073.0,staggered_interactive,1073,6130726567874853297,f65e6d1e2865cecb,15
training,7102.0,1074.0,short_jobs,1074,8619137747187246055,bf3eaaa65e8c0897,15
training,7102.0,1075.0,long_jobs,1075,7416539578575867383,e098e09213d9d729,15
training,7102.0,1076.0,mixed,1076,6885327501020415409,4d146ef3bd0dc410,15
training,7102.0,1077.0,cpu_bursty,1077,4994417811932076653,4555e470fddf8549,15
training,7102.0,1078.0,priority_skewed,1078,8363582031700975882,43e7be266ed01f29,15
training,7102.0,1079.0,staggered_interactive,1079,7823428455591091965,cdd843e570fe8477,15
training,7102.0,1080.0,short_jobs,1080,9168389070378433486,ff22f7579cc0872e,15
training,7102.0,1081.0,long_jobs,1081,783810967930275285,f294344741a847ff,15
training,7102.0,1082.0,mixed,1082,6202196865477179004,1bb5c4461945761b,15
training,7102.0,1083.0,cpu_bursty,1083,2535768806680668557,292c00ecee0e2a3c,15
training,7102.0,1084.0,priority_skewed,1084,7816287904234024163,5a72c614558820c6,15
training,7102.0,1085.0,staggered_interactive,1085,6834770057274873470,dd5283d4c4a8d62d,15
training,7102.0,1086.0,short_jobs,1086,2474944001390186683,d8717ba84c47a411,15
training,7102.0,1087.0,long_jobs,1087,8199871059188274319,472c3704273bf465,15
training,7102.0,1088.0,mixed,1088,2704492262722262092,c60658987147dda5,15
training,7102.0,1089.0,cpu_bursty,1089,3029984711836832108,781bc3cad1331f5e,15
training,7102.0,1090.0,priority_skewed,1090,6936984838007979394,531ee503151c75bc,15
training,7102.0,1091.0,staggered_interactive,1091,4814251398650777866,2f90adeb2f207c88,15
training,7102.0,1092.0,short_jobs,1092,81543127945297663,0f9c2c79ed166f8f,15
training,7102.0,1093.0,long_jobs,1093,5668053440696502680,2a40cc09c44ec1d2,15
training,7102.0,1094.0,mixed,1094,451237047624070936,8b9c14b724028ae1,15
training,7102.0,1095.0,cpu_bursty,1095,9052651936945233551,caac859452733988,15
training,7102.0,1096.0,priority_skewed,1096,7606296908920878581,b1042a0f727b0774,15
training,7102.0,1097.0,staggered_interactive,1097,5263578629451701172,91b2e39bed6b150b,15
training,7102.0,1098.0,short_jobs,1098,8795251799566924506,c3619163b08287cc,15
training,7102.0,1099.0,long_jobs,1099,8764144377001188239,60a3f500d49e48ae,15
training,7102.0,1100.0,mixed,1100,8869923880154278945,f56e70ec68bea872,15
training,7102.0,1101.0,cpu_bursty,1101,3017478317211423827,69729a7ebf53b7c3,15
training,7102.0,1102.0,priority_skewed,1102,2831914270971062836,6fe00a2c5401b507,15
training,7102.0,1103.0,staggered_interactive,1103,5508473214493846402,0d10e4f3de9ffb16,15
training,7102.0,1104.0,short_jobs,1104,1130809885378375520,f2f4bbeb781d762f,15
training,7102.0,1105.0,long_jobs,1105,8463023093314132305,a17e4ff3becec841,15
training,7102.0,1106.0,mixed,1106,5892765039694512941,58a92cc6a7457867,15
training,7102.0,1107.0,cpu_bursty,1107,5680971546007638460,d92cf9196a10b748,15
training,7102.0,1108.0,priority_skewed,1108,7272827717403935726,442fd5bb7fdc2375,15
training,7102.0,1109.0,staggered_interactive,1109,7678495090934137398,7f9b00b6961f1ad9,15
training,7102.0,1110.0,short_jobs,1110,7483012708536105952,bed7a64ed9267024,15
training,7102.0,1111.0,long_jobs,1111,413035505215007691,78a889d657224079,15
training,7102.0,1112.0,mixed,1112,5243101495802420904,4dea52da4b2d61db,15
training,7102.0,1113.0,cpu_bursty,1113,5005510192730668106,ee0e14d10723f843,15
training,7102.0,1114.0,priority_skewed,1114,2240076214822844626,1a5df579f9e92538,15
training,7102.0,1115.0,staggered_interactive,1115,4666353473893310173,d854ec2cbb678c84,15
training,7102.0,1116.0,short_jobs,1116,5282355535560792853,76baab94ed45700b,15
training,7102.0,1117.0,long_jobs,1117,8018318569640342660,fc7d1222bf6016cf,15
training,7102.0,1118.0,mixed,1118,8363859323549587436,f1e76c785b32bfc2,15
training,7102.0,1119.0,cpu_bursty,1119,2287881676939170494,23fbba5f05944568,15
training,7102.0,1120.0,priority_skewed,1120,7623567252839085796,5cbe03c58f9388cc,15
training,7102.0,1121.0,staggered_interactive,1121,6218384271230419865,088e887e7bca492b,15
training,7102.0,1122.0,short_jobs,1122,1002622620753587526,8600e8e748419a13,15
training,7102.0,1123.0,long_jobs,1123,245378825582864166,07d3fa425e7e34ca,15
training,7102.0,1124.0,mixed,1124,3415022725263423560,b95bddacb45818ff,15
training,7102.0,1125.0,cpu_bursty,1125,8490965854615407698,beea09fd7ed260b0,15
training,7102.0,1126.0,priority_skewed,1126,3064244520635016246,61b81f1bddd7ef35,15
training,7102.0,1127.0,staggered_interactive,1127,3786265647167231151,8d3374056ff1d889,15
training,7102.0,1128.0,short_jobs,1128,6983706630101941622,6c644d3f6e99b100,15
training,7102.0,1129.0,long_jobs,1129,2030327817406870121,b444574211abd4cd,15
training,7102.0,1130.0,mixed,1130,3850952269019155332,86e91611cfb305ba,15
training,7102.0,1131.0,cpu_bursty,1131,1788048709860468581,a5e166a2adb47388,15
training,7102.0,1132.0,priority_skewed,1132,3069359144388726652,3c2a16f7c7f1670b,15
training,7102.0,1133.0,staggered_interactive,1133,546329700583994893,d1f7bf43358fbd68,15
training,7102.0,1134.0,short_jobs,1134,1759565329452295010,73a973e15781356c,15
training,7102.0,1135.0,long_jobs,1135,7711272605701477312,200a4ccd00d5317a,15
training,7102.0,1136.0,mixed,1136,2624076059201618079,c79955f00bd4e909,15
training,7102.0,1137.0,cpu_bursty,1137,21575551042020302,02138b2fe0260b75,15
training,7102.0,1138.0,priority_skewed,1138,6406960653670911922,6e556d3acb4b28e7,15
training,7102.0,1139.0,staggered_interactive,1139,5290666672662539514,b9833b6dedf8202f,15
training,7102.0,1140.0,short_jobs,1140,1018648757144275292,29d829e741a08fd9,15
training,7102.0,1141.0,long_jobs,1141,8161114486292630511,79fd88e41a84a51a,15
training,7102.0,1142.0,mixed,1142,7487795207689582485,d14749457aa7cb9c,15
training,7102.0,1143.0,cpu_bursty,1143,2422778647872062057,51f5ec129e050118,15
training,7102.0,1144.0,priority_skewed,1144,7715458958408667953,fa1fe757288ac2be,15
training,7102.0,1145.0,staggered_interactive,1145,959531303306607130,d3b055be3b2ef086,15
training,7102.0,1146.0,short_jobs,1146,3095256163356453931,afe9481a57d1f171,15
training,7102.0,1147.0,long_jobs,1147,5976702453949249629,29c113e0ca1519eb,15
training,7102.0,1148.0,mixed,1148,5095604896760964692,7d95ffbdc3d51ddd,15
training,7102.0,1149.0,cpu_bursty,1149,5606248182925013629,b91e64f450cfa2f9,15
training,7102.0,1150.0,priority_skewed,1150,5664032226144219806,f35e00be299c778a,15
training,7102.0,1151.0,staggered_interactive,1151,1319999855062906872,7953d256b5da296d,15
training,7102.0,1152.0,short_jobs,1152,6374148311173990564,5e4f7b2ecf8f9ad6,15
training,7102.0,1153.0,long_jobs,1153,5952437779170511429,fccbca48fe4821c5,15
training,7102.0,1154.0,mixed,1154,4889009030478052402,f8a48e9706d3bfcf,15
training,7102.0,1155.0,cpu_bursty,1155,6127232805300600238,90f4acdfe33096d3,15
training,7102.0,1156.0,priority_skewed,1156,8436112081923036985,2a32eac51cdde271,15
training,7102.0,1157.0,staggered_interactive,1157,2769270229958372168,78f49802655c9a32,15
training,7102.0,1158.0,short_jobs,1158,4936719171041409848,da1448df86c8c796,15
training,7102.0,1159.0,long_jobs,1159,1107520867381994898,22376a015dc1ea00,15
training,7102.0,1160.0,mixed,1160,8931048726630669232,dcf833d42515a12e,15
training,7102.0,1161.0,cpu_bursty,1161,5691144989087679326,50e0c1350d155d24,15
training,7102.0,1162.0,priority_skewed,1162,4710704838136518587,caf9391920d075e1,15
training,7102.0,1163.0,staggered_interactive,1163,2610981683229934429,8cafa6b641314e3d,15
training,7102.0,1164.0,short_jobs,1164,9102800910670731822,e4ccc8ac4e4e4ffb,15
training,7102.0,1165.0,long_jobs,1165,4365797120236938517,337a8e73c80e8588,15
training,7102.0,1166.0,mixed,1166,6150363525960972757,d075286a5c89bfa9,15
training,7102.0,1167.0,cpu_bursty,1167,8479838223057112529,497670d2df8f3bc3,15
training,7102.0,1168.0,priority_skewed,1168,3635370309086359374,3fb5041ec7623e6c,15
training,7102.0,1169.0,staggered_interactive,1169,7045426499036140927,7823674e1d538809,15
training,7102.0,1170.0,short_jobs,1170,4810543229415025855,174f37aa6c55b1c4,15
training,7102.0,1171.0,long_jobs,1171,2399880986330736222,18191a741dc0aed7,15
training,7102.0,1172.0,mixed,1172,2977648010440842163,5817f55bef846eac,15
training,7102.0,1173.0,cpu_bursty,1173,2960073721021213103,7b0b3b6cc4af3dbe,15
training,7102.0,1174.0,priority_skewed,1174,4058569738482411503,7de4fe38faebe8e9,15
training,7102.0,1175.0,staggered_interactive,1175,2476189442276026388,10a54ab8185efcbf,15
training,7102.0,1176.0,short_jobs,1176,6045550083829348778,c4f1d0c2f1cbdd0e,15
training,7102.0,1177.0,long_jobs,1177,8607258160475511033,dcc7ff44fab8e24b,15
training,7102.0,1178.0,mixed,1178,5840681135538731239,0bc959cfe986a2d3,15
training,7102.0,1179.0,cpu_bursty,1179,1245727445326232071,a189981bfdcd1201,15
training,7102.0,1180.0,priority_skewed,1180,8161003909623985534,2fff9d7ab92d924f,15
training,7102.0,1181.0,staggered_interactive,1181,2293861304297031321,dca834a65307568d,15
training,7102.0,1182.0,short_jobs,1182,6850894478030633030,7e588a60ce6de75a,15
training,7102.0,1183.0,long_jobs,1183,2421908922673169492,dda65825248bb70a,15
training,7102.0,1184.0,mixed,1184,8237457472742220358,9d6e5243d2f91787,15
training,7102.0,1185.0,cpu_bursty,1185,355165739737962552,d28499eed33c2278,15
training,7102.0,1186.0,priority_skewed,1186,8322423415180810885,ccd3494b4d79d7dc,15
training,7102.0,1187.0,staggered_interactive,1187,9097858931090882221,fe1be90d4339f804,15
training,7102.0,1188.0,short_jobs,1188,5497636873173520335,8d08195cfc8f57f5,15
training,7102.0,1189.0,long_jobs,1189,9169907622166344174,b272742949064045,15
training,7102.0,1190.0,mixed,1190,3081046805493618884,72720c647944eba1,15
training,7102.0,1191.0,cpu_bursty,1191,6252037265973320996,14d15f4c7db7556f,15
training,7102.0,1192.0,priority_skewed,1192,3564180535461073735,349407e96d952c0d,15
training,7102.0,1193.0,staggered_interactive,1193,7669773313735965627,34e2475fd100ca6f,15
training,7102.0,1194.0,short_jobs,1194,6445590431192785356,8b511b862917bde4,15
training,7102.0,1195.0,long_jobs,1195,1727192117652399612,cc879610badbbee0,15
training,7102.0,1196.0,mixed,1196,4737628481417665903,bb71a34a7a309e2a,15
training,7102.0,1197.0,cpu_bursty,1197,7051729615682807754,c678a52c20e361bb,15
training,7102.0,1198.0,priority_skewed,1198,8136566761579510562,1968e8c58ba0fb4e,15
training,7102.0,1199.0,staggered_interactive,1199,2986544998786357184,25b541b6e3afe52f,15
training,7103.0,0.0,short_jobs,0,1293513006047839810,b254ba3d256db149,15
training,7103.0,1.0,long_jobs,1,1146082665948228426,b6a7e2fa2ec173ea,15
training,7103.0,2.0,mixed,2,9080648042573742356,90f0b77bd5734c0e,15
training,7103.0,3.0,cpu_bursty,3,8730932023811231132,4a2b9cfc3c757426,15
training,7103.0,4.0,priority_skewed,4,4479077535575760030,79523ef7e8fbe37c,15
training,7103.0,5.0,staggered_interactive,5,1696774673088842396,392275fdfba48025,15
training,7103.0,6.0,short_jobs,6,8952352850202214036,fcfd172a86bae8ea,15
training,7103.0,7.0,long_jobs,7,2850129900668087070,d7386b2b18b03201,15
training,7103.0,8.0,mixed,8,1725493986742960369,8c8725f67db7edd5,15
training,7103.0,9.0,cpu_bursty,9,8729920423987225631,400c020b7f2b38f1,15
training,7103.0,10.0,priority_skewed,10,3885466831407615845,2b581e55d8001cfb,15
training,7103.0,11.0,staggered_interactive,11,6880374767910928846,f995206e67a5ddfe,15
training,7103.0,12.0,short_jobs,12,5381542154575085734,65cdff2506fd1a9c,15
training,7103.0,13.0,long_jobs,13,1957684290569832488,3b5e41f87f2f8980,15
training,7103.0,14.0,mixed,14,1991884936038495799,eb172043b9567eeb,15
training,7103.0,15.0,cpu_bursty,15,3840816344841048782,e746b78c5616075b,15
training,7103.0,16.0,priority_skewed,16,3570070627382558911,737fa27886e1f026,15
training,7103.0,17.0,staggered_interactive,17,7519810344459198681,5784bcb953557f04,15
training,7103.0,18.0,short_jobs,18,8962999652471075316,3d741fa9bf2d3169,15
training,7103.0,19.0,long_jobs,19,6413075168519251507,5a2d95242375e9db,15
training,7103.0,20.0,mixed,20,2310907034400322677,f62aac4c9ac9d7c3,15
training,7103.0,21.0,cpu_bursty,21,2825709235210547259,aa61e1d5b622afac,15
training,7103.0,22.0,priority_skewed,22,8453703837661043225,fad0457291126354,15
training,7103.0,23.0,staggered_interactive,23,242126101193682497,ca3cb7adddce987a,15
training,7103.0,24.0,short_jobs,24,7681486052121927647,5c401f5efe627b38,15
training,7103.0,25.0,long_jobs,25,1248705185311280015,a21056e5690c3e5e,15
training,7103.0,26.0,mixed,26,7657344358625571032,21c9581144b22ce1,15
training,7103.0,27.0,cpu_bursty,27,6848363873097833846,9aa47f5990839bee,15
training,7103.0,28.0,priority_skewed,28,8446444867497325074,7b5fdf3d3654ce71,15
training,7103.0,29.0,staggered_interactive,29,4222638436739964628,618ff130e594da65,15
training,7103.0,30.0,short_jobs,30,1371507956067892564,e213ca0785464b2d,15
training,7103.0,31.0,long_jobs,31,7074523006306439772,3fdf9c7f0881d51c,15
training,7103.0,32.0,mixed,32,7312497576120786207,94c6d50ba730ec55,15
training,7103.0,33.0,cpu_bursty,33,3764085679304914767,bc1d9f51eb053a42,15
training,7103.0,34.0,priority_skewed,34,4944818724753737492,4ab8be5fe40c5995,15
training,7103.0,35.0,staggered_interactive,35,3029113794973694647,281fccb25276411a,15
training,7103.0,36.0,short_jobs,36,2374960747659612737,1ecfe9cf224a5ed1,15
training,7103.0,37.0,long_jobs,37,4778090563350119158,183a3874e7225dcb,15
training,7103.0,38.0,mixed,38,6873969959491561737,117a5c80e9f24d16,15
training,7103.0,39.0,cpu_bursty,39,3412531886028317314,2eca173c1a09ec4c,15
training,7103.0,40.0,priority_skewed,40,6810406641320245055,da3b9ed895577a29,15
training,7103.0,41.0,staggered_interactive,41,6897521452513368531,d971eb5e71d20cf3,15
training,7103.0,42.0,short_jobs,42,4154100127202377589,51f039d7648e9ee9,15
training,7103.0,43.0,long_jobs,43,7876084251331818589,109727639b3edbca,15
training,7103.0,44.0,mixed,44,4598645797128330249,e8a74bc58974b69d,15
training,7103.0,45.0,cpu_bursty,45,6161086189031094084,ef471f2839af4e3c,15
training,7103.0,46.0,priority_skewed,46,2272919809636386592,0f22949ccfaefb4b,15
training,7103.0,47.0,staggered_interactive,47,3221543307938987361,d77d53b5aecd5ec4,15
training,7103.0,48.0,short_jobs,48,2993344937483271470,ad9e2b91a37965d8,15
training,7103.0,49.0,long_jobs,49,2570426595982785163,80ae4fab3eeab5c6,15
training,7103.0,50.0,mixed,50,4144511029376227920,aed6e03798d4b4ce,15
training,7103.0,51.0,cpu_bursty,51,8468394813143215349,6d49e891f26d98c7,15
training,7103.0,52.0,priority_skewed,52,3986271415497189307,da4159b4cd817874,15
training,7103.0,53.0,staggered_interactive,53,8235568103998809240,d5d08d47300d8e25,15
training,7103.0,54.0,short_jobs,54,8216871775109914782,e732f766429d73c7,15
training,7103.0,55.0,long_jobs,55,8468029586447382636,b628a3a7cbf74138,15
training,7103.0,56.0,mixed,56,6683262601478288282,cf2129f5641d7215,15
training,7103.0,57.0,cpu_bursty,57,7318656602957132331,1e0f425fa15b6d50,15
training,7103.0,58.0,priority_skewed,58,3312900698239484425,155f11b46f9bc40d,15
training,7103.0,59.0,staggered_interactive,59,3907885872882596779,e423984717110588,15
training,7103.0,60.0,short_jobs,60,4529955395050704960,d41b7a1d82a3d5bb,15
training,7103.0,61.0,long_jobs,61,5557408932859522285,7fc8cc75969a8b0b,15
training,7103.0,62.0,mixed,62,2150731327285566377,04b09edbb8290552,15
training,7103.0,63.0,cpu_bursty,63,5087091451092899242,05ffa15a87fbd073,15
training,7103.0,64.0,priority_skewed,64,1713652653135494552,35b9521a120767a8,15
training,7103.0,65.0,staggered_interactive,65,584487800199290477,fd7a31b251316b42,15
training,7103.0,66.0,short_jobs,66,887482723085659464,0bea340b703f4643,15
training,7103.0,67.0,long_jobs,67,5568818087451862816,6d8830e104dbe2cd,15
training,7103.0,68.0,mixed,68,2796109066851573561,cdcc4c57d21bbf17,15
training,7103.0,69.0,cpu_bursty,69,4826673612012205208,35c5ab565a707951,15
training,7103.0,70.0,priority_skewed,70,9095370096268107130,60536abd0a3a7384,15
training,7103.0,71.0,staggered_interactive,71,2956578531013978343,81920e6ce25dfe7c,15
training,7103.0,72.0,short_jobs,72,8939810774994479143,0015472f049af9d3,15
training,7103.0,73.0,long_jobs,73,8211375862952033906,19650fc6b0cd14c0,15
training,7103.0,74.0,mixed,74,8341325610172761983,78dfb8b5027a4673,15
training,7103.0,75.0,cpu_bursty,75,5006557409079967958,bb3bcd35b76ae594,15
training,7103.0,76.0,priority_skewed,76,1917913250044480496,3e258cfea030f8b5,15
training,7103.0,77.0,staggered_interactive,77,8894908567846643478,0b68b16f9e69cc25,15
training,7103.0,78.0,short_jobs,78,2969175072093149612,7de202a1706c25d4,15
training,7103.0,79.0,long_jobs,79,344083881651753958,0c871eaa79b1b7b5,15
training,7103.0,80.0,mixed,80,45706776597001752,e362e7a74ae789fb,15
training,7103.0,81.0,cpu_bursty,81,330007502566251403,41cf1355836a8859,15
training,7103.0,82.0,priority_skewed,82,4774816134035495612,c78534c2244f21d7,15
training,7103.0,83.0,staggered_interactive,83,3770352209779987148,40fee06602128c96,15
training,7103.0,84.0,short_jobs,84,8894713435475743292,0e4c2f1e164dc050,15
training,7103.0,85.0,long_jobs,85,3112923952573881565,6b286cf08490cc9a,15
training,7103.0,86.0,mixed,86,7712851123909355872,2f9cdc661e92a313,15
training,7103.0,87.0,cpu_bursty,87,8479015464265865351,2ab0db4d0948a801,15
training,7103.0,88.0,priority_skewed,88,7197277848149865755,6a8f30941b9db235,15
training,7103.0,89.0,staggered_interactive,89,3052247121881496386,7437f29fb8e8f192,15
training,7103.0,90.0,short_jobs,90,394224156361172046,705b439b498d8597,15
training,7103.0,91.0,long_jobs,91,6074092170520739933,47e2cca27f35d49e,15
training,7103.0,92.0,mixed,92,6842278753094454175,91c8658a2a62f3ce,15
training,7103.0,93.0,cpu_bursty,93,1488814144541269814,58ace8f93d828d99,15
training,7103.0,94.0,priority_skewed,94,6565464502243748920,a11ced37f6d55e59,15
training,7103.0,95.0,staggered_interactive,95,8008767328275925804,c3ecc10ae1b3fdf7,15
training,7103.0,96.0,short_jobs,96,5147601497786114149,6d9e0d7ceb792b11,15
training,7103.0,97.0,long_jobs,97,8756407872295228803,bfa03376255bd40a,15
training,7103.0,98.0,mixed,98,6260063597724641173,b20816a719173a00,15
training,7103.0,99.0,cpu_bursty,99,7007131611422365641,a3515c12096d45d8,15
training,7103.0,100.0,priority_skewed,100,2646779046379326197,cc0b4b2bb8bca7b0,15
training,7103.0,101.0,staggered_interactive,101,7630108986731990971,ce8e5096cd6476e9,15
training,7103.0,102.0,short_jobs,102,1727773451592397337,6a423fe6d6fd5058,15
training,7103.0,103.0,long_jobs,103,2278307302213906361,94197522e65a127f,15
training,7103.0,104.0,mixed,104,6794212327108631073,9ff523780926ac3d,15
training,7103.0,105.0,cpu_bursty,105,7474999539534027103,44773dcef799071b,15
training,7103.0,106.0,priority_skewed,106,2291345123861066653,810e86af8b5c54be,15
training,7103.0,107.0,staggered_interactive,107,3451469500683281850,540407d57b03303c,15
training,7103.0,108.0,short_jobs,108,7644133648547657654,1305877c73e3852f,15
training,7103.0,109.0,long_jobs,109,2240425075682195462,33da94f2ee08928a,15
training,7103.0,110.0,mixed,110,1015345912616022462,f9353849033e7191,15
training,7103.0,111.0,cpu_bursty,111,9161530859895357623,f3ac73b5b716ae7c,15
training,7103.0,112.0,priority_skewed,112,7087486965217603666,6a0134d67157a59c,15
training,7103.0,113.0,staggered_interactive,113,3800322356118908200,f26149e4ac4084fd,15
training,7103.0,114.0,short_jobs,114,3583537005264471928,152e5db4494fa3ce,15
training,7103.0,115.0,long_jobs,115,9010300995907831386,f7ce067238b8985f,15
training,7103.0,116.0,mixed,116,3951697105223433561,ebeb8157ddbbf6ba,15
training,7103.0,117.0,cpu_bursty,117,50083178670033468,d2047fe62eb5e541,15
training,7103.0,118.0,priority_skewed,118,2872925735234825064,173452cbc09b29f6,15
training,7103.0,119.0,staggered_interactive,119,7078040147008902285,f0f458b17a31a046,15
training,7103.0,120.0,short_jobs,120,2403534749633357482,2b44f63e75966056,15
training,7103.0,121.0,long_jobs,121,7866628443214077658,472d01d14c1f2931,15
training,7103.0,122.0,mixed,122,8711511403126279155,f1435425187d8567,15
training,7103.0,123.0,cpu_bursty,123,2886746815783811296,b165fde36b584e95,15
training,7103.0,124.0,priority_skewed,124,5559677053098340653,6363d3df033bb793,15
training,7103.0,125.0,staggered_interactive,125,6232203808985309556,75f54f5c11431646,15
training,7103.0,126.0,short_jobs,126,2370256804587707361,b97e06709fd32a35,15
training,7103.0,127.0,long_jobs,127,5861949253944720124,dbd69ea2db5d22fb,15
training,7103.0,128.0,mixed,128,3984399361066327564,4e8517d41a045c2e,15
training,7103.0,129.0,cpu_bursty,129,2218813133500292795,de5c09d237d5da5a,15
training,7103.0,130.0,priority_skewed,130,8663719909550809118,ebfc38b367ed3a4f,15
training,7103.0,131.0,staggered_interactive,131,2676105777048720545,2afc7b75db5dae4e,15
training,7103.0,132.0,short_jobs,132,4884471121944396293,770f785db5268ebe,15
training,7103.0,133.0,long_jobs,133,7786911000005328177,d43194255e4127af,15
training,7103.0,134.0,mixed,134,2162061492376840211,ad95aa0c6087b289,15
training,7103.0,135.0,cpu_bursty,135,7818247392321136678,46971a3457f41cb0,15
training,7103.0,136.0,priority_skewed,136,6852025466760801873,5b44d1157b264c91,15
training,7103.0,137.0,staggered_interactive,137,2854711821965900709,8a08b9a56f279376,15
training,7103.0,138.0,short_jobs,138,1746463158200391433,3c16820564c2f945,15
training,7103.0,139.0,long_jobs,139,4421821307556415939,2e381b3e49a78dfa,15
training,7103.0,140.0,mixed,140,5602064652077219706,c89cff600f1a6509,15
training,7103.0,141.0,cpu_bursty,141,2025770490384200703,226f04df85d38163,15
training,7103.0,142.0,priority_skewed,142,7893123169410301465,f41b7dc95a1c5bfa,15
training,7103.0,143.0,staggered_interactive,143,5930011581486149676,d7efc9b822c3a68e,15
training,7103.0,144.0,short_jobs,144,6893846177657186385,48e1b23d3177c883,15
training,7103.0,145.0,long_jobs,145,1418440705606652110,c58ae864c73fc259,15
training,7103.0,146.0,mixed,146,4654474615819055594,697c8ce71df5e4df,15
training,7103.0,147.0,cpu_bursty,147,6511795857767870224,10183cfcadfec4d4,15
training,7103.0,148.0,priority_skewed,148,2638760850415124881,7ac22ee9665bd111,15
training,7103.0,149.0,staggered_interactive,149,3020102770554649033,9d26aeec08d8b68b,15
training,7103.0,150.0,short_jobs,150,4759426676253338320,de6e4f96c6a290ea,15
training,7103.0,151.0,long_jobs,151,6641563057071504295,9812052b005bf947,15
training,7103.0,152.0,mixed,152,6784709112110803739,517389ca976dc5d5,15
training,7103.0,153.0,cpu_bursty,153,4284128327590778461,521a12e4c2f3faad,15
training,7103.0,154.0,priority_skewed,154,2608695444380266847,e20ac534ebc56497,15
training,7103.0,155.0,staggered_interactive,155,5394145634192395425,ce466d4e5c1e7c4c,15
training,7103.0,156.0,short_jobs,156,5651017148242751319,a008a68185faf370,15
training,7103.0,157.0,long_jobs,157,4896615163100801206,e52018d403d26456,15
training,7103.0,158.0,mixed,158,6783366105572297001,736cf486e70abfff,15
training,7103.0,159.0,cpu_bursty,159,4607652862936353011,0c05e0dd363e9ffc,15
training,7103.0,160.0,priority_skewed,160,8458319772997134214,7c10f9ee3bba3b7b,15
training,7103.0,161.0,staggered_interactive,161,8416855606997995639,f620a857177e96d0,15
training,7103.0,162.0,short_jobs,162,7683864053292763616,e7f493ca1ce4b11d,15
training,7103.0,163.0,long_jobs,163,7018312557636326917,8ca7558c72bdd16d,15
training,7103.0,164.0,mixed,164,6570345752566948183,1c76f0b29b4f7456,15
training,7103.0,165.0,cpu_bursty,165,3184494719877840667,7188b40b31d65293,15
training,7103.0,166.0,priority_skewed,166,7513408547231840258,8d9aa5e9d462ed30,15
training,7103.0,167.0,staggered_interactive,167,8883276119477623659,e113bd981973ef87,15
training,7103.0,168.0,short_jobs,168,5682053352234573838,c86b50e9dd68de2d,15
training,7103.0,169.0,long_jobs,169,6091559013831099749,40349be1c5d358ff,15
training,7103.0,170.0,mixed,170,7934209323885493515,82aa57120d6a11cc,15
training,7103.0,171.0,cpu_bursty,171,662136555728701704,e96b36fd585c16a7,15
training,7103.0,172.0,priority_skewed,172,5202477777083658249,a98700290bf22ccf,15
training,7103.0,173.0,staggered_interactive,173,7057341098425413087,3bd5408187b62e87,15
training,7103.0,174.0,short_jobs,174,7547055783109334312,b3bb1cf1d7141f8b,15
training,7103.0,175.0,long_jobs,175,7701336203404976425,19e5d07bd04e7bca,15
training,7103.0,176.0,mixed,176,5590048644026128756,be1a1e5e85d4d968,15
training,7103.0,177.0,cpu_bursty,177,1390211757981893545,8817cf85a39da370,15
training,7103.0,178.0,priority_skewed,178,3484816415102235168,26bd55328364f108,15
training,7103.0,179.0,staggered_interactive,179,3476922466546554235,73b3f7f1b7e95ed2,15
training,7103.0,180.0,short_jobs,180,5708772403225982025,77eaac7e5a25ec1f,15
training,7103.0,181.0,long_jobs,181,233007985209211906,919f34f1b0d4e6b3,15
training,7103.0,182.0,mixed,182,6336406812244401484,1695abf16207a265,15
training,7103.0,183.0,cpu_bursty,183,6949326938822371446,5b6c49a00865b724,15
training,7103.0,184.0,priority_skewed,184,4735377667929769909,12a37c2e4974b7d1,15
training,7103.0,185.0,staggered_interactive,185,4106496410523393818,13915bd8db8123c5,15
training,7103.0,186.0,short_jobs,186,6678432460971580105,0c65126dcf1942f9,15
training,7103.0,187.0,long_jobs,187,6785643470133476929,c2d3b6781f43a960,15
training,7103.0,188.0,mixed,188,7433412259821949104,e76455157c010478,15
training,7103.0,189.0,cpu_bursty,189,493492343004557740,75887b2504311111,15
training,7103.0,190.0,priority_skewed,190,6445556114073799907,538ca725a7766bf7,15
training,7103.0,191.0,staggered_interactive,191,4762669069711918691,5b536599853b4198,15
training,7103.0,192.0,short_jobs,192,1181475045116133777,f2bb2d37e744305a,15
training,7103.0,193.0,long_jobs,193,2765746776795010776,017efef1c184df70,15
training,7103.0,194.0,mixed,194,8432458800129643815,04c9be6b3f92abdd,15
training,7103.0,195.0,cpu_bursty,195,5595389302110946127,98b50312e379875a,15
training,7103.0,196.0,priority_skewed,196,6935412643607031725,ec72059c402a3841,15
training,7103.0,197.0,staggered_interactive,197,9121150907132400411,47f7355e57d44a6b,15
training,7103.0,198.0,short_jobs,198,2299254139684302626,466175190d4a9f18,15
training,7103.0,199.0,long_jobs,199,8030707269712949525,7a86a3cd56190a39,15
training,7103.0,200.0,mixed,200,7856117619148666927,fe2b2f02d52bfd5c,15
training,7103.0,201.0,cpu_bursty,201,6825461111515400361,8b84f2ba2d65fbd2,15
training,7103.0,202.0,priority_skewed,202,5162945869347752024,6f37826a6c328348,15
training,7103.0,203.0,staggered_interactive,203,7781187541138035148,b6e8eb208f900cae,15
training,7103.0,204.0,short_jobs,204,6213178665253754325,ff099db7affd66e6,15
training,7103.0,205.0,long_jobs,205,4209620341698480657,51677f0634255b5d,15
training,7103.0,206.0,mixed,206,8402582973684961238,af44710405b3669e,15
training,7103.0,207.0,cpu_bursty,207,9093987604528619836,9ace9bdfbd8360d0,15
training,7103.0,208.0,priority_skewed,208,4037336540542378606,89f2aaf929bd194d,15
training,7103.0,209.0,staggered_interactive,209,4551245198070654978,1d8865bf27ef5504,15
training,7103.0,210.0,short_jobs,210,1071431340097124694,1db6fa587c9329a1,15
training,7103.0,211.0,long_jobs,211,8584095711084822351,811df86f0352db63,15
training,7103.0,212.0,mixed,212,866911132176155065,8306b0c596b79b88,15
training,7103.0,213.0,cpu_bursty,213,6356865304230005398,dfeb6e8df8d42882,15
training,7103.0,214.0,priority_skewed,214,4310176246193527584,440d017abb2ff24d,15
training,7103.0,215.0,staggered_interactive,215,2324427578312549496,b0066f6a50dfebea,15
training,7103.0,216.0,short_jobs,216,8480393819130928871,de6fc921ba32abec,15
training,7103.0,217.0,long_jobs,217,2238661191079116717,7ee2543a162e714e,15
training,7103.0,218.0,mixed,218,8461949268134596275,04c1ccd35a31f61b,15
training,7103.0,219.0,cpu_bursty,219,1798219535069035433,3d74f87d53d69d19,15
training,7103.0,220.0,priority_skewed,220,2479112247597648642,65bbebd91369ef2c,15
training,7103.0,221.0,staggered_interactive,221,8137482180047949657,0ce90c2bc4584c11,15
training,7103.0,222.0,short_jobs,222,5847448029935105423,54ed76b837a9ab13,15
training,7103.0,223.0,long_jobs,223,5536069847827624299,e1a26f45fc20e924,15
training,7103.0,224.0,mixed,224,2987733809135030273,a5dab4d6d2f20488,15
training,7103.0,225.0,cpu_bursty,225,3292669800496997379,f226ffb306756d6f,15
training,7103.0,226.0,priority_skewed,226,1427192864498273250,1c9a78e52954e7ed,15
training,7103.0,227.0,staggered_interactive,227,2631609922572369778,cb8c8bd331570da8,15
training,7103.0,228.0,short_jobs,228,7250286534250947077,06402dfa54765cd5,15
training,7103.0,229.0,long_jobs,229,1230653415223128038,9ed3c6f42184f270,15
training,7103.0,230.0,mixed,230,3916754186524491929,49ea4bfb0ac2daa8,15
training,7103.0,231.0,cpu_bursty,231,5741167368596905961,ee9c983421a3c0cc,15
training,7103.0,232.0,priority_skewed,232,6808472493701513740,7351ec5fb4d5daac,15
training,7103.0,233.0,staggered_interactive,233,6356151540377042822,0078e06510615773,15
training,7103.0,234.0,short_jobs,234,4052247944801760047,7828ac810146e0a7,15
training,7103.0,235.0,long_jobs,235,2515498426454886510,50a0f832503180dc,15
training,7103.0,236.0,mixed,236,7085946785605495784,7516ab82051df865,15
training,7103.0,237.0,cpu_bursty,237,6242010981424686612,0f15c6bfdce62f89,15
training,7103.0,238.0,priority_skewed,238,5814708697882543904,83a0f42ad92040b8,15
training,7103.0,239.0,staggered_interactive,239,3643326256020792003,f8456af42afd5eac,15
training,7103.0,240.0,short_jobs,240,6477847722772679081,9350e8df62f23c20,15
training,7103.0,241.0,long_jobs,241,4438006273081816788,6f9f1bede465532b,15
training,7103.0,242.0,mixed,242,5533175574157921679,a162394fd15ab581,15
training,7103.0,243.0,cpu_bursty,243,2959327794302874638,61721545ea275a33,15
training,7103.0,244.0,priority_skewed,244,8336982793824472600,cca9870a934eaa83,15
training,7103.0,245.0,staggered_interactive,245,9038759548651598921,7aaa8f49bc893560,15
training,7103.0,246.0,short_jobs,246,4505247630118838253,01f1d71d35bc617f,15
training,7103.0,247.0,long_jobs,247,7364048529448860362,4e376b71c3ddc572,15
training,7103.0,248.0,mixed,248,7693738765247862316,cf5339aeceeea9f4,15
training,7103.0,249.0,cpu_bursty,249,6657775156999156028,5f2695a79fa9497f,15
training,7103.0,250.0,priority_skewed,250,1415598219100098440,16bfde7b2e36d1cb,15
training,7103.0,251.0,staggered_interactive,251,4060842719221905760,6120068200e732cd,15
training,7103.0,252.0,short_jobs,252,4839839190641397292,26ddf6054e21d655,15
training,7103.0,253.0,long_jobs,253,1227834837888214389,1e1c941f91aa92e2,15
training,7103.0,254.0,mixed,254,5569118098076059488,8cda17498fd02e9a,15
training,7103.0,255.0,cpu_bursty,255,1115488261827179699,b81cf930c55b0af5,15
training,7103.0,256.0,priority_skewed,256,8381348184126779991,909d24c0bc49969d,15
training,7103.0,257.0,staggered_interactive,257,1775336638360514421,d12afb680788d4ac,15
training,7103.0,258.0,short_jobs,258,7546210543239214627,7b88d685d0b6ea3c,15
training,7103.0,259.0,long_jobs,259,1041908841448338855,442259be6cec6bdd,15
training,7103.0,260.0,mixed,260,2559341873580409924,24ca6b9a5673750f,15
training,7103.0,261.0,cpu_bursty,261,2658888654398839624,aee77eb3e00a0325,15
training,7103.0,262.0,priority_skewed,262,2135190325546153204,9ea86b1534434f17,15
training,7103.0,263.0,staggered_interactive,263,6389365166848937837,6f4432b0a5ce5318,15
training,7103.0,264.0,short_jobs,264,5652697271263388637,5540f0f3bf456124,15
training,7103.0,265.0,long_jobs,265,5863410753485567215,241c84337401a522,15
training,7103.0,266.0,mixed,266,5551957199312506306,d16b0449246cc0ca,15
training,7103.0,267.0,cpu_bursty,267,3913367764589457698,22420acd40699a77,15
training,7103.0,268.0,priority_skewed,268,714038063290641818,ab49b2399a2e6e14,15
training,7103.0,269.0,staggered_interactive,269,1696004258836752101,d8a9abc2f321eaea,15
training,7103.0,270.0,short_jobs,270,3662274490270987027,5ab15f81f19ed800,15
training,7103.0,271.0,long_jobs,271,1412171974984419973,1db011846472b8e0,15
training,7103.0,272.0,mixed,272,854432546536269943,454e40736c9e3e64,15
training,7103.0,273.0,cpu_bursty,273,71658227207049681,f51c604b397b4d54,15
training,7103.0,274.0,priority_skewed,274,6736304602759889914,165bb2de17d07191,15
training,7103.0,275.0,staggered_interactive,275,7750642047325718619,7c993057083dfa05,15
training,7103.0,276.0,short_jobs,276,6081427628174224839,251a112fca18fb8e,15
training,7103.0,277.0,long_jobs,277,4832996417995643011,8f2c2b5cf54b156c,15
training,7103.0,278.0,mixed,278,2754258821076256989,f958b0f1a898bd89,15
training,7103.0,279.0,cpu_bursty,279,5122185613738022245,665a1962b0d13889,15
training,7103.0,280.0,priority_skewed,280,2591342499635143059,44246d538e9b23ce,15
training,7103.0,281.0,staggered_interactive,281,5302108964126164100,32ef7c2124768b5f,15
training,7103.0,282.0,short_jobs,282,5771945921532253865,c998638ed23c4122,15
training,7103.0,283.0,long_jobs,283,5357283223333547370,1df27d4b54ca801e,15
training,7103.0,284.0,mixed,284,2775804582289555623,5e9f03caf5134448,15
training,7103.0,285.0,cpu_bursty,285,63544830127097619,c89b392800046653,15
training,7103.0,286.0,priority_skewed,286,8123582422022405201,1265fa897b269b5c,15
training,7103.0,287.0,staggered_interactive,287,5479987285408787556,811867353b770214,15
training,7103.0,288.0,short_jobs,288,4059304762070003890,ad9a5528bf85499e,15
training,7103.0,289.0,long_jobs,289,195299211399261378,a1975626f3fe1931,15
training,7103.0,290.0,mixed,290,7627564771373726787,77bbf4024298ea53,15
training,7103.0,291.0,cpu_bursty,291,8105522725137007663,fa0fdee19f5f2fef,15
training,7103.0,292.0,priority_skewed,292,1923913472252592512,b0cf25a6871ce65f,15
training,7103.0,293.0,staggered_interactive,293,587591619176077590,7c0f53c8f6d7dddc,15
training,7103.0,294.0,short_jobs,294,2901291506694645311,1b39714c7f67938a,15
training,7103.0,295.0,long_jobs,295,7086478545165354556,c4bf61b60073c9a6,15
training,7103.0,296.0,mixed,296,5529645752140600380,f6e573430e3ee384,15
training,7103.0,297.0,cpu_bursty,297,6853949549024372156,a684574001685e2f,15
training,7103.0,298.0,priority_skewed,298,899292284020292934,1aef898a5c59078f,15
training,7103.0,299.0,staggered_interactive,299,3793364204873721485,037f750a57d82836,15
training,7103.0,300.0,short_jobs,300,3426263058183714613,dd3a6086bfa675ab,15
training,7103.0,301.0,long_jobs,301,8841826045976174905,72d807d92040310d,15
training,7103.0,302.0,mixed,302,4338519484554454413,6a6c6f08dbda9822,15
training,7103.0,303.0,cpu_bursty,303,1728415218258692692,cb37c25be8ae2014,15
training,7103.0,304.0,priority_skewed,304,1228674167063468358,00303c4209219a1e,15
training,7103.0,305.0,staggered_interactive,305,8365326724851532730,e64d477987f781b4,15
training,7103.0,306.0,short_jobs,306,637265143139254911,04a46aefa42adf4d,15
training,7103.0,307.0,long_jobs,307,1206845129353341425,13ec5d16e728c331,15
training,7103.0,308.0,mixed,308,3429284073967598629,7a157eec61286a70,15
training,7103.0,309.0,cpu_bursty,309,3202339904400093273,02fa030ba671eeed,15
training,7103.0,310.0,priority_skewed,310,4238257862645032604,92f6b4351b4d2403,15
training,7103.0,311.0,staggered_interactive,311,3656535805455168041,8411649ea256a09f,15
training,7103.0,312.0,short_jobs,312,8811191331645282750,53eafea468f0cf3d,15
training,7103.0,313.0,long_jobs,313,1270777591499669935,aabf8d2c8b65f765,15
training,7103.0,314.0,mixed,314,3116500222745402320,08105dcf88808775,15
training,7103.0,315.0,cpu_bursty,315,6171058240545755110,0ac07c33ea6dd155,15
training,7103.0,316.0,priority_skewed,316,7534292191129092771,a40b2eb3f278b142,15
training,7103.0,317.0,staggered_interactive,317,1640445192975788720,8402e7a5f276d9ef,15
training,7103.0,318.0,short_jobs,318,2972431799137544279,3198f52d171ad116,15
training,7103.0,319.0,long_jobs,319,9133305927729228412,0fc1aa72499609fd,15
training,7103.0,320.0,mixed,320,2800606410834287079,47908ab08a622d50,15
training,7103.0,321.0,cpu_bursty,321,8635880813108585936,03cf75eb82dea7da,15
training,7103.0,322.0,priority_skewed,322,6910636051762753286,0de493a00f92e6e9,15
training,7103.0,323.0,staggered_interactive,323,412747410479586584,a07ba1153b2c4dd2,15
training,7103.0,324.0,short_jobs,324,3569351564560315053,14289a74303e06fd,15
training,7103.0,325.0,long_jobs,325,5980299337322991759,0fe3dbd5555c2ed0,15
training,7103.0,326.0,mixed,326,625809321501869294,3185d3b426b4a870,15
training,7103.0,327.0,cpu_bursty,327,7081578028718202981,07ad02e4415af68e,15
training,7103.0,328.0,priority_skewed,328,4490449374843461673,3251e5af47dc43a0,15
training,7103.0,329.0,staggered_interactive,329,5641765037031722250,b6ac6359a15ab4e6,15
training,7103.0,330.0,short_jobs,330,7216948717385221918,35a57b7f50fe2873,15
training,7103.0,331.0,long_jobs,331,329501285035113997,6630fd9dca208b83,15
training,7103.0,332.0,mixed,332,5662299307251492131,55d6276af4a4b72d,15
training,7103.0,333.0,cpu_bursty,333,1534903918079141661,edafcd2b04fb6451,15
training,7103.0,334.0,priority_skewed,334,2568812173689002848,f1c19c4ec2817ba9,15
training,7103.0,335.0,staggered_interactive,335,7776494549749862277,67e0374bfe99021d,15
training,7103.0,336.0,short_jobs,336,806184221400825957,31921a69ef3a9171,15
training,7103.0,337.0,long_jobs,337,7591589274683309785,9ed973d825fcb5d7,15
training,7103.0,338.0,mixed,338,6828450336399475891,64625c54c2f3889e,15
training,7103.0,339.0,cpu_bursty,339,1258408505512510935,eb824873d4eee7fe,15
training,7103.0,340.0,priority_skewed,340,4953891649964569999,0aece9f57b8a9f88,15
training,7103.0,341.0,staggered_interactive,341,2116694710527980066,260bf2b9d63410da,15
training,7103.0,342.0,short_jobs,342,5701928459438926117,8b0554090b92a22a,15
training,7103.0,343.0,long_jobs,343,6175460376361725573,a7b8259fbf6e9e4d,15
training,7103.0,344.0,mixed,344,3864572850236912726,2f73a65a1db5c632,15
training,7103.0,345.0,cpu_bursty,345,4082241397410865965,d25dbeab22087b05,15
training,7103.0,346.0,priority_skewed,346,1765531589926967255,1712e9987de6b6b3,15
training,7103.0,347.0,staggered_interactive,347,7640529816079661504,93ed7bace5a81618,15
training,7103.0,348.0,short_jobs,348,2586721583239715151,8c89c39cdee1ca47,15
training,7103.0,349.0,long_jobs,349,4229843846605949210,bae704f336de15ea,15
training,7103.0,350.0,mixed,350,6229191602816616235,4d6bf873318cf700,15
training,7103.0,351.0,cpu_bursty,351,3191044530041087024,028822cd65ef4af5,15
training,7103.0,352.0,priority_skewed,352,7417697867848175546,50ad7ee1c2ffa914,15
training,7103.0,353.0,staggered_interactive,353,1234529656642507766,dfb2ddb1395e9134,15
training,7103.0,354.0,short_jobs,354,5928939774357511857,a6c1a1947a7e12d4,15
training,7103.0,355.0,long_jobs,355,4399314289763961777,dad92715264782b4,15
training,7103.0,356.0,mixed,356,930585660548924850,4e3f2c138a3af687,15
training,7103.0,357.0,cpu_bursty,357,201226871427754871,02459bf02ada07df,15
training,7103.0,358.0,priority_skewed,358,8895718024534990330,721e16141a18238c,15
training,7103.0,359.0,staggered_interactive,359,4653752544510655981,4790b4eaa81b8d16,15
training,7103.0,360.0,short_jobs,360,8348461118354768994,3fa3cb74c215c7bc,15
training,7103.0,361.0,long_jobs,361,7997964595358558627,9b44b16f6a83ab85,15
training,7103.0,362.0,mixed,362,511623386755127560,0a13bbcffdebe46e,15
training,7103.0,363.0,cpu_bursty,363,8880926465038869050,0ec9c97db03f3a97,15
training,7103.0,364.0,priority_skewed,364,9220267111685286852,0bb4dbeb54a569ca,15
training,7103.0,365.0,staggered_interactive,365,2527913086467183721,a3b836f421af3640,15
training,7103.0,366.0,short_jobs,366,5842352412715819571,1e7b2d695debd4bb,15
training,7103.0,367.0,long_jobs,367,4746669103891180864,01bda73de2828b07,15
training,7103.0,368.0,mixed,368,7458674749960833738,5dbe29993844c0dc,15
training,7103.0,369.0,cpu_bursty,369,5677865150947039184,7f29b93dc206a6ea,15
training,7103.0,370.0,priority_skewed,370,1178393494342971408,9753ec01d859ef06,15
training,7103.0,371.0,staggered_interactive,371,2045580400470679251,d7a4c8bbc37f8033,15
training,7103.0,372.0,short_jobs,372,7290783297682287772,0b80162918af4644,15
training,7103.0,373.0,long_jobs,373,7931965606346290674,652f022664305add,15
training,7103.0,374.0,mixed,374,7892552488980120336,008b66a239c237e1,15
training,7103.0,375.0,cpu_bursty,375,3844712661562353556,1aaa255ee46913e3,15
training,7103.0,376.0,priority_skewed,376,4772329435968951983,44bb3930f736fcc4,15
training,7103.0,377.0,staggered_interactive,377,758874066168344398,47c0a2be2489600a,15
training,7103.0,378.0,short_jobs,378,9019975959331155613,90db62aa9534375c,15
training,7103.0,379.0,long_jobs,379,2315554509164664412,6a998dbbf9b16a81,15
training,7103.0,380.0,mixed,380,2320158480044009080,4339fa84daa4c762,15
training,7103.0,381.0,cpu_bursty,381,8886931492642639234,f614ce9a97aa1655,15
training,7103.0,382.0,priority_skewed,382,2194946806840943562,a1421c833d96352e,15
training,7103.0,383.0,staggered_interactive,383,4146299897668391550,12e5fc41fd9f5b4c,15
training,7103.0,384.0,short_jobs,384,1033066649465868674,d5b66f383ae5c910,15
training,7103.0,385.0,long_jobs,385,6791516010225850930,98b7539aea15ea9e,15
training,7103.0,386.0,mixed,386,5296284297454178469,d61896d3575aa180,15
training,7103.0,387.0,cpu_bursty,387,8604571851160161468,45f41310c3abdd52,15
training,7103.0,388.0,priority_skewed,388,4649830366550063433,b90a804921d65c33,15
training,7103.0,389.0,staggered_interactive,389,3087081829218306776,f7cafa03ab8bfad1,15
training,7103.0,390.0,short_jobs,390,2012284287791757051,a4317f87517321c2,15
training,7103.0,391.0,long_jobs,391,969089542619742487,ac385f61210ed885,15
training,7103.0,392.0,mixed,392,5727560887731069047,15929b57630a3783,15
training,7103.0,393.0,cpu_bursty,393,8452843910995791564,303a1e6dbe027037,15
training,7103.0,394.0,priority_skewed,394,8945619447777904875,60ac8e6f7fa29b97,15
training,7103.0,395.0,staggered_interactive,395,7892929173863899782,d54edf2eed8f3d3f,15
training,7103.0,396.0,short_jobs,396,2326569943996854458,49d3ec365bc0e3c6,15
training,7103.0,397.0,long_jobs,397,428887196474638891,e651f9e2f1d888f1,15
training,7103.0,398.0,mixed,398,8223488737963210804,fa175eac07c33daa,15
training,7103.0,399.0,cpu_bursty,399,3571581236934510032,dbf7428ac2239771,15
training,7103.0,400.0,priority_skewed,400,7009549947127843382,ad877abc7c9cb258,15
training,7103.0,401.0,staggered_interactive,401,4774636494338183489,8f4ba6c0fc246fdb,15
training,7103.0,402.0,short_jobs,402,2432100950106464929,9d67c9d2de470e89,15
training,7103.0,403.0,long_jobs,403,7230376840245526046,66e3ef6cb91324cd,15
training,7103.0,404.0,mixed,404,8039543627276312713,62fee9acc2abc379,15
training,7103.0,405.0,cpu_bursty,405,3008217990105849242,d2092324a504ac1f,15
training,7103.0,406.0,priority_skewed,406,2203467339004654773,07d785ebfffe8b13,15
training,7103.0,407.0,staggered_interactive,407,4091190283196581717,fab3982cbb9b0b72,15
training,7103.0,408.0,short_jobs,408,8587081360161823724,a547c13deb40ab39,15
training,7103.0,409.0,long_jobs,409,99292995085451704,6c5e3e45ced1f8ea,15
training,7103.0,410.0,mixed,410,8940965522904633538,1e07a7377fcaabd8,15
training,7103.0,411.0,cpu_bursty,411,7320536030398281494,c7624b4fa0b080ad,15
training,7103.0,412.0,priority_skewed,412,4013379730429007192,10d721459bb786ba,15
training,7103.0,413.0,staggered_interactive,413,36023159116442909,06131d6c378df02d,15
training,7103.0,414.0,short_jobs,414,7642031020951619887,16a110b5ce507424,15
training,7103.0,415.0,long_jobs,415,5253053995722030495,ac837740e91dd905,15
training,7103.0,416.0,mixed,416,1108128356503403594,4f1812bcf20c5a9c,15
training,7103.0,417.0,cpu_bursty,417,8210936828749996295,ebc1782b70897800,15
training,7103.0,418.0,priority_skewed,418,1614253495602509708,784effe9b9e90bf0,15
training,7103.0,419.0,staggered_interactive,419,1058871564837540899,a450d7812dcd375f,15
training,7103.0,420.0,short_jobs,420,8881238008691551273,79bb48739d6bc0e9,15
training,7103.0,421.0,long_jobs,421,530931729147645162,d99d1597a04319e3,15
training,7103.0,422.0,mixed,422,5792325131254521550,baeb24017c373748,15
training,7103.0,423.0,cpu_bursty,423,7992333013945536509,e695fdc39758ffa0,15
training,7103.0,424.0,priority_skewed,424,3897058809490084132,2c77e5adb9227403,15
training,7103.0,425.0,staggered_interactive,425,7007178004105758851,ce25cae7168fb7e4,15
training,7103.0,426.0,short_jobs,426,8413205831175396019,e2b64edd16b793e3,15
training,7103.0,427.0,long_jobs,427,724313309496120583,3b1bf337b8ae8bc9,15
training,7103.0,428.0,mixed,428,726357832108428920,3f7ccdd61526b93b,15
training,7103.0,429.0,cpu_bursty,429,3549375246856099939,69d07b2f80548899,15
training,7103.0,430.0,priority_skewed,430,830219104141044351,e32fd2af6de2d228,15
training,7103.0,431.0,staggered_interactive,431,7988076242760570485,ce14fabdcc9a6f8e,15
training,7103.0,432.0,short_jobs,432,7131796202757069169,c3f11a94c46d6e64,15
training,7103.0,433.0,long_jobs,433,6285377307843259547,b4bbe655f984ec9c,15
training,7103.0,434.0,mixed,434,2798569676820672565,fdfdd7d760d2a7b9,15
training,7103.0,435.0,cpu_bursty,435,1169148848833915292,b71e1c4a0d205feb,15
training,7103.0,436.0,priority_skewed,436,7998500724812247685,17529805e9e238ce,15
training,7103.0,437.0,staggered_interactive,437,3355363388559481771,f5b52f71a0a87b2a,15
training,7103.0,438.0,short_jobs,438,5779578939410673092,61336a31e02399a4,15
training,7103.0,439.0,long_jobs,439,8149986294194258304,53bf65c3771e0062,15
training,7103.0,440.0,mixed,440,2979202371597168392,3be3c9a73af297e2,15
training,7103.0,441.0,cpu_bursty,441,4434026983083817761,0a18ab092d2cc731,15
training,7103.0,442.0,priority_skewed,442,5677067186029130548,3b1c1df76c37213b,15
training,7103.0,443.0,staggered_interactive,443,4501024581156505923,f6aeb8ab000d5cbf,15
training,7103.0,444.0,short_jobs,444,5698052074423197144,a5e7b99177b3ff2b,15
training,7103.0,445.0,long_jobs,445,2587682871128293837,4ed481302cbeca02,15
training,7103.0,446.0,mixed,446,21435408528201213,8bbd4f7ce9770981,15
training,7103.0,447.0,cpu_bursty,447,5740080920945478608,1c35d26223bef075,15
training,7103.0,448.0,priority_skewed,448,1182048354310755163,4637063dc601454e,15
training,7103.0,449.0,staggered_interactive,449,1322195958117792810,449c3bc2fe9b0979,15
training,7103.0,450.0,short_jobs,450,3331567199453357857,001f580a3b456e16,15
training,7103.0,451.0,long_jobs,451,6359381413471302219,21064a63a65fe14c,15
training,7103.0,452.0,mixed,452,6651618057228533277,d3323198c7d3c24e,15
training,7103.0,453.0,cpu_bursty,453,5043006245095475769,df6b48d15dcfe560,15
training,7103.0,454.0,priority_skewed,454,734508094173383402,e1aba5b2b30faa0c,15
training,7103.0,455.0,staggered_interactive,455,1426840248968504499,4a470ab4338c9009,15
training,7103.0,456.0,short_jobs,456,2329781260609686302,c08d1bcb73aca1c3,15
training,7103.0,457.0,long_jobs,457,2916641506172999258,47ae344056d183ef,15
training,7103.0,458.0,mixed,458,1977611046897803371,a9a12baee0724417,15
training,7103.0,459.0,cpu_bursty,459,8774863091374537368,0aba0b912ef7e6dd,15
training,7103.0,460.0,priority_skewed,460,3227877570537228486,d9f66a7b31082e2e,15
training,7103.0,461.0,staggered_interactive,461,6045829775271617253,3bb32adc7d0a4e66,15
training,7103.0,462.0,short_jobs,462,4212530593036709286,cc7a5964ff962016,15
training,7103.0,463.0,long_jobs,463,2973428440184400692,558b6da3cd3eb9ae,15
training,7103.0,464.0,mixed,464,3435506799508077606,119098a9ea05ccf2,15
training,7103.0,465.0,cpu_bursty,465,1920099892978056314,d8f064014785f28a,15
training,7103.0,466.0,priority_skewed,466,7753120279614861520,be8b26a97ad108de,15
training,7103.0,467.0,staggered_interactive,467,2865125984720769116,ea106485270049ee,15
training,7103.0,468.0,short_jobs,468,6776072829173007572,1d1cbb1f0a3b343f,15
training,7103.0,469.0,long_jobs,469,656845188936070304,19effb949a762c45,15
training,7103.0,470.0,mixed,470,702894935017535711,0520a9636b9ca6c9,15
training,7103.0,471.0,cpu_bursty,471,5530645267234452428,37d95eb620de3638,15
training,7103.0,472.0,priority_skewed,472,8769756111655656511,96103063fc5accc6,15
training,7103.0,473.0,staggered_interactive,473,730221893967125423,2685dd4f65942a42,15
training,7103.0,474.0,short_jobs,474,3343425304745792357,17913484197c5771,15
training,7103.0,475.0,long_jobs,475,5442863903848246322,9b770d745965dff1,15
training,7103.0,476.0,mixed,476,4352270877449965639,0788d864bb2cd066,15
training,7103.0,477.0,cpu_bursty,477,2399863956756416019,e19041bf1a86b0d0,15
training,7103.0,478.0,priority_skewed,478,3656672779319089465,a31387e2b96e786a,15
training,7103.0,479.0,staggered_interactive,479,8972666891430930588,7bc88f4ca514c8bc,15
training,7103.0,480.0,short_jobs,480,6367579686263031808,bac947e855aa29b2,15
training,7103.0,481.0,long_jobs,481,8791692086105169494,3945ffc739335b08,15
training,7103.0,482.0,mixed,482,7588270231381083691,2aaa7207b8ec77b4,15
training,7103.0,483.0,cpu_bursty,483,544268611184650386,bc5dd237d27360ef,15
training,7103.0,484.0,priority_skewed,484,2829768403223686286,8845ed32c7f95c96,15
training,7103.0,485.0,staggered_interactive,485,2147181972243594385,67c56fd58bd2ba26,15
training,7103.0,486.0,short_jobs,486,8333982527590724429,71c62747312c65e6,15
training,7103.0,487.0,long_jobs,487,1314586364692039523,7ad9505f346b178d,15
training,7103.0,488.0,mixed,488,4655765722620931509,738ea30fc8bab426,15
training,7103.0,489.0,cpu_bursty,489,195581210811971745,80083994f8413228,15
training,7103.0,490.0,priority_skewed,490,4562048301450131398,fc24756434e9e09d,15
training,7103.0,491.0,staggered_interactive,491,2816921465771371506,bdb901452deffa32,15
training,7103.0,492.0,short_jobs,492,3636847941835323647,ea67c396da01bdce,15
training,7103.0,493.0,long_jobs,493,1114722205064594636,a7c0f8835ad4ed7a,15
training,7103.0,494.0,mixed,494,2270833590045330238,1e6ac7e9fad55f2e,15
training,7103.0,495.0,cpu_bursty,495,4732573989301590756,d8fe056789f8bf28,15
training,7103.0,496.0,priority_skewed,496,5325334725330520547,1d87aaf647685a67,15
training,7103.0,497.0,staggered_interactive,497,5911269169962943656,5e7a2042e8988885,15
training,7103.0,498.0,short_jobs,498,5194709543528401480,09b52712618214f0,15
training,7103.0,499.0,long_jobs,499,7209443942224873779,9322191f4af5cbf7,15
training,7103.0,500.0,mixed,500,1806544400601800870,0b7cd540687dac70,15
training,7103.0,501.0,cpu_bursty,501,5677847998381724484,4acc6483644991f8,15
training,7103.0,502.0,priority_skewed,502,3178152609290653351,1c327e78c78c57bb,15
training,7103.0,503.0,staggered_interactive,503,8691666552465152161,7cb1bc3ae5e663a5,15
training,7103.0,504.0,short_jobs,504,5813814165754105639,edb4aaafab855e98,15
training,7103.0,505.0,long_jobs,505,2368482283938198222,c328831406887fe0,15
training,7103.0,506.0,mixed,506,4350695547014131332,520af58f00c9f9f3,15
training,7103.0,507.0,cpu_bursty,507,7618219384534419170,16fb62eb772413ad,15
training,7103.0,508.0,priority_skewed,508,8661602749568983850,a840dbd7c545cf83,15
training,7103.0,509.0,staggered_interactive,509,8121843047022552036,1fb472456888796d,15
training,7103.0,510.0,short_jobs,510,3766043769371017713,583f3206cd72e956,15
training,7103.0,511.0,long_jobs,511,7472658036577675387,70ba2993aebffd92,15
training,7103.0,512.0,mixed,512,5066467126430120258,fb934c23e6bde84e,15
training,7103.0,513.0,cpu_bursty,513,2225952607967073146,7ac7ffb1e19795d5,15
training,7103.0,514.0,priority_skewed,514,7526565280094035653,2199339405721375,15
training,7103.0,515.0,staggered_interactive,515,1717820438297831747,37c7d3c81b7d102a,15
training,7103.0,516.0,short_jobs,516,6805948192555283507,5be443967b2e62e9,15
training,7103.0,517.0,long_jobs,517,6481858743105449884,ed96ebc5a394ea15,15
training,7103.0,518.0,mixed,518,6375363285750917871,6cd46e85dc007f79,15
training,7103.0,519.0,cpu_bursty,519,9088546778833268779,3e5985585439cf35,15
training,7103.0,520.0,priority_skewed,520,4666510502959421852,7cfe52a2d59576fd,15
training,7103.0,521.0,staggered_interactive,521,3242532809432908027,bc38b2530663c968,15
training,7103.0,522.0,short_jobs,522,6678589439033872051,62a556fad1218ffb,15
training,7103.0,523.0,long_jobs,523,3978074610071518521,98ac4acc204f6c11,15
training,7103.0,524.0,mixed,524,4317328614762745168,2ef9a29f4f629edc,15
training,7103.0,525.0,cpu_bursty,525,94818735989059608,40f8718acf8ed24b,15
training,7103.0,526.0,priority_skewed,526,1078397042366949293,9a0044807e7702d7,15
training,7103.0,527.0,staggered_interactive,527,268182327461246275,e17891f5332e44c7,15
training,7103.0,528.0,short_jobs,528,6122198687458716363,2ac1d01156be257f,15
training,7103.0,529.0,long_jobs,529,7710943943635370974,9625181e14ddb765,15
training,7103.0,530.0,mixed,530,3702705752341668671,b60692423af3e425,15
training,7103.0,531.0,cpu_bursty,531,5096609777767324856,0587be046aa42397,15
training,7103.0,532.0,priority_skewed,532,6409833890897145050,1cb820393d5073dd,15
training,7103.0,533.0,staggered_interactive,533,3227228152758326824,834445d4017a18d4,15
training,7103.0,534.0,short_jobs,534,5321252436288756794,6d1309477e700b07,15
training,7103.0,535.0,long_jobs,535,3598704347939997857,257e168e8cff68f4,15
training,7103.0,536.0,mixed,536,1487363155981956363,e39aaf11d6393e1c,15
training,7103.0,537.0,cpu_bursty,537,4706598528570537934,47316e604680e06e,15
training,7103.0,538.0,priority_skewed,538,5336189477439563082,8497dd0317dd69d1,15
training,7103.0,539.0,staggered_interactive,539,6628212916217629032,10af95f181f0e357,15
training,7103.0,540.0,short_jobs,540,1657270696750850963,f729f71b886c2fa8,15
training,7103.0,541.0,long_jobs,541,8669005866391105271,3d7e9725cd4a5cb3,15
training,7103.0,542.0,mixed,542,5804207881156168815,42cf37a16799488c,15
training,7103.0,543.0,cpu_bursty,543,2704430487476830426,021eab48023390da,15
training,7103.0,544.0,priority_skewed,544,2016891694315771096,66bca6e7ab531e0d,15
training,7103.0,545.0,staggered_interactive,545,201418521081784607,d335e982ede017e1,15
training,7103.0,546.0,short_jobs,546,927885598460612438,1c72fd2b8c8ae0b3,15
training,7103.0,547.0,long_jobs,547,5932332346298066421,a3e7932515120336,15
training,7103.0,548.0,mixed,548,5972755911516554310,8c5e617d6862c830,15
training,7103.0,549.0,cpu_bursty,549,7369426851436503053,f841bab6d1f2c481,15
training,7103.0,550.0,priority_skewed,550,4205008922958250569,31289cd63ed84f58,15
training,7103.0,551.0,staggered_interactive,551,7464227334060694531,90bb6c14e3555dc6,15
training,7103.0,552.0,short_jobs,552,7822963640240345759,33034004e26dd286,15
training,7103.0,553.0,long_jobs,553,5001944195212088255,b7a607e0d258c9bb,15
training,7103.0,554.0,mixed,554,8546252449437887632,82c6da2c6de72e8a,15
training,7103.0,555.0,cpu_bursty,555,7625266061114635988,89c31854e0d951e9,15
training,7103.0,556.0,priority_skewed,556,5215668812690991722,80a96da5d669e754,15
training,7103.0,557.0,staggered_interactive,557,6361425308858306473,6faab4095159c5aa,15
training,7103.0,558.0,short_jobs,558,8795157562906362562,8ba650db1e336a0b,15
training,7103.0,559.0,long_jobs,559,8855178658359295689,52b37c441d1438a3,15
training,7103.0,560.0,mixed,560,9063274454487589021,034ac5a8fae7fa03,15
training,7103.0,561.0,cpu_bursty,561,415207563748013028,3ff7fb8bf6cbaae8,15
training,7103.0,562.0,priority_skewed,562,6698260410514762354,915f5087bd913ecd,15
training,7103.0,563.0,staggered_interactive,563,8194165630643971613,4acec94015454485,15
training,7103.0,564.0,short_jobs,564,6372389914650895858,ccde3ca4c9b2aae9,15
training,7103.0,565.0,long_jobs,565,2272337860871562044,14843ad48409fe5c,15
training,7103.0,566.0,mixed,566,7456247029549721466,d1823cb0a053510f,15
training,7103.0,567.0,cpu_bursty,567,653952170520715000,5fe64fe62fab97f0,15
training,7103.0,568.0,priority_skewed,568,8301109837355002407,ea542bd22e2e4a3f,15
training,7103.0,569.0,staggered_interactive,569,5121820493097569580,3e0472b40104ae1f,15
training,7103.0,570.0,short_jobs,570,7821667223535598929,4ceecca7e9842870,15
training,7103.0,571.0,long_jobs,571,3545753027509274688,b7a583bc476d9015,15
training,7103.0,572.0,mixed,572,4241688545121727258,e1b7c1f82c34cc35,15
training,7103.0,573.0,cpu_bursty,573,8047667182867859233,2a429784fcdcb5ef,15
training,7103.0,574.0,priority_skewed,574,2830104839195076173,49a99115e88a0a16,15
training,7103.0,575.0,staggered_interactive,575,2417545799384170550,cada5b624b045126,15
training,7103.0,576.0,short_jobs,576,796458201184607269,86cf40bafa1581d9,15
training,7103.0,577.0,long_jobs,577,6810313297033712926,3ff02d702219cbed,15
training,7103.0,578.0,mixed,578,8174136832735255954,f79472a797e63946,15
training,7103.0,579.0,cpu_bursty,579,3459809313436161356,84b59076422660e2,15
training,7103.0,580.0,priority_skewed,580,7252387392886312597,936537317ae4bfa8,15
training,7103.0,581.0,staggered_interactive,581,382589785777809634,8bf300cb9d0b715f,15
training,7103.0,582.0,short_jobs,582,268109874253208275,f8ad1b3db7a924a9,15
training,7103.0,583.0,long_jobs,583,845944731524953704,2510a0db9a54a7a8,15
training,7103.0,584.0,mixed,584,9002162394570331918,c5494dc0b18a57cb,15
training,7103.0,585.0,cpu_bursty,585,7764969500473160795,58de6ab2f1509ecb,15
training,7103.0,586.0,priority_skewed,586,7099769992514963996,9ca05ec34345edf2,15
training,7103.0,587.0,staggered_interactive,587,5008007606635648640,22aa17d9ab1fe1f4,15
training,7103.0,588.0,short_jobs,588,5444496220254339562,d7ee4d8bfc3f758f,15
training,7103.0,589.0,long_jobs,589,3199053417949655324,b3b7dc6cede05fb6,15
training,7103.0,590.0,mixed,590,4797932679644875377,9f47686a9e100355,15
training,7103.0,591.0,cpu_bursty,591,8293438153293097530,cfc3912b6b0f4751,15
training,7103.0,592.0,priority_skewed,592,8332544041682050634,4c6fe7622586da41,15
training,7103.0,593.0,staggered_interactive,593,6990630244613537961,5fe42b0bb2f9deec,15
training,7103.0,594.0,short_jobs,594,3304156256503506058,64e45c2d1d826f64,15
training,7103.0,595.0,long_jobs,595,5426849349328492352,5f3916cd1918adeb,15
training,7103.0,596.0,mixed,596,5962005826587898318,2167c9d131695b39,15
training,7103.0,597.0,cpu_bursty,597,5795514562674480317,c3b4c3331afeee8b,15
training,7103.0,598.0,priority_skewed,598,4912352622925175570,e8df528eeb0758dc,15
training,7103.0,599.0,staggered_interactive,599,9029831484495139142,c64073374814a308,15
training,7103.0,600.0,short_jobs,600,1553482033922066662,6da2dd9871bbb446,15
training,7103.0,601.0,long_jobs,601,1493655110895433429,bbed53dd6ddd6485,15
training,7103.0,602.0,mixed,602,521690159504675315,689fcc22b78fa2cc,15
training,7103.0,603.0,cpu_bursty,603,3360312123847290277,325c1bd2aca4e538,15
training,7103.0,604.0,priority_skewed,604,4508759331115589156,30b4a1d9cb27de3c,15
training,7103.0,605.0,staggered_interactive,605,746403011367697699,565b74a895d096e5,15
training,7103.0,606.0,short_jobs,606,5280763793663138580,32b54199542873c2,15
training,7103.0,607.0,long_jobs,607,4086945050621249358,e79ff4ad6fdb5d85,15
training,7103.0,608.0,mixed,608,5343572046757272122,d621729ea2e47d41,15
training,7103.0,609.0,cpu_bursty,609,3456803367680000726,6d229e7cd06b07a6,15
training,7103.0,610.0,priority_skewed,610,6059009560712503543,fb9c540c349c4c82,15
training,7103.0,611.0,staggered_interactive,611,1506665238939574067,2f2f68e797c1a000,15
training,7103.0,612.0,short_jobs,612,3527468325823697330,d7512b110aae4edb,15
training,7103.0,613.0,long_jobs,613,1691332990596804527,0878258a95d9e425,15
training,7103.0,614.0,mixed,614,9058098272019220678,b63b15209f785a90,15
training,7103.0,615.0,cpu_bursty,615,529335114777773254,67c7a699c02a64ef,15
training,7103.0,616.0,priority_skewed,616,7534490633853891163,c3c96b4d56554de0,15
training,7103.0,617.0,staggered_interactive,617,850308780890780330,79d0fa005eb0be3b,15
training,7103.0,618.0,short_jobs,618,7944860735072297954,e067246f7c0023f8,15
training,7103.0,619.0,long_jobs,619,1513563425405381101,5fa269658cea14a7,15
training,7103.0,620.0,mixed,620,6760237627249991218,c3d0a18efc98177a,15
training,7103.0,621.0,cpu_bursty,621,8431185135971484366,5be151008f02af3d,15
training,7103.0,622.0,priority_skewed,622,8958394521487984135,faf88ccabb46d405,15
training,7103.0,623.0,staggered_interactive,623,3874459135157983870,dee69d1ef5de8953,15
training,7103.0,624.0,short_jobs,624,5914817284180373748,26ac0d7c24ce904e,15
training,7103.0,625.0,long_jobs,625,2250806684430148406,dd58770ea6339579,15
training,7103.0,626.0,mixed,626,2773856689339681891,1a326c46d3c505b7,15
training,7103.0,627.0,cpu_bursty,627,1046013759553911371,639c6e5b6e2ec2ef,15
training,7103.0,628.0,priority_skewed,628,8587852880751858556,a9a3a04b0cbc795a,15
training,7103.0,629.0,staggered_interactive,629,8234997838474649419,f4ff76e8468c5e5c,15
training,7103.0,630.0,short_jobs,630,5799925623108032279,bece23711c569559,15
training,7103.0,631.0,long_jobs,631,6187703364048878702,29da95aa01f9b8d7,15
training,7103.0,632.0,mixed,632,8641424737183796938,2aab7d96324eb268,15
training,7103.0,633.0,cpu_bursty,633,7741859196592148041,b8924df8ca880b8b,15
training,7103.0,634.0,priority_skewed,634,6906921449571109769,04987db4ca7b6a1b,15
training,7103.0,635.0,staggered_interactive,635,336722180041786799,a52d5de2bbf6d780,15
training,7103.0,636.0,short_jobs,636,4957826435361552495,d9b25b34e9f68380,15
training,7103.0,637.0,long_jobs,637,7587802667232832294,285cfdd219d40c15,15
training,7103.0,638.0,mixed,638,5937475769940464519,7745ebf90e2264c0,15
training,7103.0,639.0,cpu_bursty,639,2497411036916759077,6213d28988e0fa5e,15
training,7103.0,640.0,priority_skewed,640,775697801688371348,1b69a4d9c92da3f4,15
training,7103.0,641.0,staggered_interactive,641,2864328900183563944,9d38ccd85a213fa3,15
training,7103.0,642.0,short_jobs,642,3965604082078072799,1d738e2e0aed29fa,15
training,7103.0,643.0,long_jobs,643,413333589094151340,47371823d95a0aed,15
training,7103.0,644.0,mixed,644,778987387063637224,3fcf15d56dbf0923,15
training,7103.0,645.0,cpu_bursty,645,2907482765311485782,206beac23237a93b,15
training,7103.0,646.0,priority_skewed,646,6364928662386394296,262b70d7da64c7fc,15
training,7103.0,647.0,staggered_interactive,647,6739774453928605329,3b4bf4ba21cd7ae4,15
training,7103.0,648.0,short_jobs,648,7975009374262481041,707f69d8316b368d,15
training,7103.0,649.0,long_jobs,649,2339778397324686988,e853b9cfffe47bcc,15
training,7103.0,650.0,mixed,650,2647958341701336135,26da788bd3ac6f4b,15
training,7103.0,651.0,cpu_bursty,651,3011557507789014539,abc4b568659e7da7,15
training,7103.0,652.0,priority_skewed,652,5220839251660952941,636a366609d10f8c,15
training,7103.0,653.0,staggered_interactive,653,9085026548715224156,03ef8f7f3689aee9,15
training,7103.0,654.0,short_jobs,654,1312402893432287784,78f9a6ac0a85e124,15
training,7103.0,655.0,long_jobs,655,4366643566986200969,bc1f88821cbe0c39,15
training,7103.0,656.0,mixed,656,4903466063374375244,ae29a9f676965867,15
training,7103.0,657.0,cpu_bursty,657,4124911049505552104,a4eb18b630331608,15
training,7103.0,658.0,priority_skewed,658,4425517839874281721,18d55b63b7221fc1,15
training,7103.0,659.0,staggered_interactive,659,3869401171501672000,bdfc3b388ccda5b0,15
training,7103.0,660.0,short_jobs,660,2985710135839906575,54aa8c51ec72dc6f,15
training,7103.0,661.0,long_jobs,661,1541390584964205032,af98d74c86427dee,15
training,7103.0,662.0,mixed,662,3159913289434396009,189348209ce10007,15
training,7103.0,663.0,cpu_bursty,663,7944212346779364720,4c63be8daa86de26,15
training,7103.0,664.0,priority_skewed,664,7124590557504976441,7418fd28b2ce6077,15
training,7103.0,665.0,staggered_interactive,665,4410431439423220050,d90d5faad2549049,15
training,7103.0,666.0,short_jobs,666,5490723211122188387,76dfd5c335d0bb45,15
training,7103.0,667.0,long_jobs,667,2361765628819764695,15dbbfccffc992d8,15
training,7103.0,668.0,mixed,668,8967686466866038488,b810a66ca889e28f,15
training,7103.0,669.0,cpu_bursty,669,6496004670089228715,55b122f28927bdfb,15
training,7103.0,670.0,priority_skewed,670,6845459234040826862,9c29a2e3494ffcc9,15
training,7103.0,671.0,staggered_interactive,671,8478612023359605426,b0086f8491816485,15
training,7103.0,672.0,short_jobs,672,2270810187672951662,32b9a9940a66856d,15
training,7103.0,673.0,long_jobs,673,2626688016675618809,e8b409dc916c507f,15
training,7103.0,674.0,mixed,674,5013738760767250412,e34626fe75e4fb5e,15
training,7103.0,675.0,cpu_bursty,675,6596243262399869380,7090c298740a5b89,15
training,7103.0,676.0,priority_skewed,676,1894067755986249668,4e55533642c25fa5,15
training,7103.0,677.0,staggered_interactive,677,7625733393659390310,734cb886a08913db,15
training,7103.0,678.0,short_jobs,678,1489662440888834687,bce345045040cade,15
training,7103.0,679.0,long_jobs,679,6809890718827298860,1ff9ed380616933e,15
training,7103.0,680.0,mixed,680,593849598068431020,3eb33939780c7c34,15
training,7103.0,681.0,cpu_bursty,681,2074670380133256394,c5bc2a8b3486e87f,15
training,7103.0,682.0,priority_skewed,682,6204293222153202447,a6de41578b96909f,15
training,7103.0,683.0,staggered_interactive,683,5133430569825761796,2edc760165973e8a,15
training,7103.0,684.0,short_jobs,684,4305874671901961431,22f90185073e4d12,15
training,7103.0,685.0,long_jobs,685,8971554158869228177,ba7ae78ac106e640,15
training,7103.0,686.0,mixed,686,3669123251531322344,76adfc8f14f051ee,15
training,7103.0,687.0,cpu_bursty,687,6092621798121364796,02ead726be2de251,15
training,7103.0,688.0,priority_skewed,688,1715549938828532911,62387851022a8fde,15
training,7103.0,689.0,staggered_interactive,689,7383870952372153470,ef953e0301e9869a,15
training,7103.0,690.0,short_jobs,690,4083233982131250248,26711a2e7118f06a,15
training,7103.0,691.0,long_jobs,691,4574990288515473679,f9bdf24a305fa043,15
training,7103.0,692.0,mixed,692,5649394656525413617,16195c3f518f87ac,15
training,7103.0,693.0,cpu_bursty,693,6925502546286971043,74bac018bb8920c4,15
training,7103.0,694.0,priority_skewed,694,694787660001734647,56fd8f12b53afb1d,15
training,7103.0,695.0,staggered_interactive,695,4193024142053030072,c6162dbc728c7e9d,15
training,7103.0,696.0,short_jobs,696,4074580158882887833,323fbb1b63d55589,15
training,7103.0,697.0,long_jobs,697,2523603873841159110,e405d566c0846e61,15
training,7103.0,698.0,mixed,698,3568795258489699267,0c21ab0145a63ca4,15
training,7103.0,699.0,cpu_bursty,699,615478254333553115,c8bf85ac5408eda9,15
training,7103.0,700.0,priority_skewed,700,7306537476948334066,659b1371742ce0ff,15
training,7103.0,701.0,staggered_interactive,701,2857798777191188918,ca668f0990256383,15
training,7103.0,702.0,short_jobs,702,5242915917247269107,11eb492129069b99,15
training,7103.0,703.0,long_jobs,703,8137340767321944608,412318a804de98b8,15
training,7103.0,704.0,mixed,704,4966892430762717937,ccd39fcbc73e0c48,15
training,7103.0,705.0,cpu_bursty,705,8179675391804149911,a935e4ba4f40fb21,15
training,7103.0,706.0,priority_skewed,706,8986589358107133694,6e5b5cd248d9497f,15
training,7103.0,707.0,staggered_interactive,707,5032060725616644702,e2d8abe7f7912c11,15
training,7103.0,708.0,short_jobs,708,6494000213660615154,3af192d2d3c0dd4e,15
training,7103.0,709.0,long_jobs,709,2987004645915742689,4bd2156dd5c9fb15,15
training,7103.0,710.0,mixed,710,8457586017119103795,7993df4717ca9e12,15
training,7103.0,711.0,cpu_bursty,711,6527121928209186603,648e4867e094c5df,15
training,7103.0,712.0,priority_skewed,712,6646780207268337325,7e33e92d9c3660ed,15
training,7103.0,713.0,staggered_interactive,713,3397457721121637872,dcf47cfd50e8d65d,15
training,7103.0,714.0,short_jobs,714,2564248070621465837,535657c674933ce3,15
training,7103.0,715.0,long_jobs,715,7934514577110880520,ac00a826019ed9f6,15
training,7103.0,716.0,mixed,716,4870755213595259495,5f16e939f9c2ad61,15
training,7103.0,717.0,cpu_bursty,717,1243170086187726212,259fb9c33cf9ba76,15
training,7103.0,718.0,priority_skewed,718,1722477682956239043,5e4b632e073adb40,15
training,7103.0,719.0,staggered_interactive,719,5701066261708371825,25135502ce6063ee,15
training,7103.0,720.0,short_jobs,720,8924422928629189118,da565244c44e2e1d,15
training,7103.0,721.0,long_jobs,721,8900435095313563587,dd0666558db6ea5e,15
training,7103.0,722.0,mixed,722,9032343121210148677,cfb14bb008de43dd,15
training,7103.0,723.0,cpu_bursty,723,375319733039616631,99550ab38069c1c5,15
training,7103.0,724.0,priority_skewed,724,5984488650556304572,23502d164e52db7c,15
training,7103.0,725.0,staggered_interactive,725,3410999987114708866,f4ab94370e1c6cf1,15
training,7103.0,726.0,short_jobs,726,493429228965739216,ff00c85c3769a513,15
training,7103.0,727.0,long_jobs,727,2199935531842359171,1dbf121766a71897,15
training,7103.0,728.0,mixed,728,1054110794510876506,18be8979fcb3a759,15
training,7103.0,729.0,cpu_bursty,729,949821381112776359,e10088410aef5e1b,15
training,7103.0,730.0,priority_skewed,730,227623411160573282,f6bea3d0ef44da46,15
training,7103.0,731.0,staggered_interactive,731,3151186130987961788,42b3ee3c83d34e63,15
training,7103.0,732.0,short_jobs,732,4541846668597546124,9bde2d2f422ea5e0,15
training,7103.0,733.0,long_jobs,733,1218360975040962898,202db6b4dd848e92,15
training,7103.0,734.0,mixed,734,5632415270126072426,90b6fbccbaea8186,15
training,7103.0,735.0,cpu_bursty,735,6653615864546163213,ef674132aee8b0ac,15
training,7103.0,736.0,priority_skewed,736,1237316926833721898,a87c5591f682a692,15
training,7103.0,737.0,staggered_interactive,737,8667213099579936201,4cb8de5e8bd93078,15
training,7103.0,738.0,short_jobs,738,4140171494533950256,44c19d432b0f5789,15
training,7103.0,739.0,long_jobs,739,4207535839858485566,ac0105ff13138ec3,15
training,7103.0,740.0,mixed,740,3198082084270448445,141d42629cc5afb6,15
training,7103.0,741.0,cpu_bursty,741,1226253070117548398,ffe82ef86d33d8ba,15
training,7103.0,742.0,priority_skewed,742,6218597095011310412,eace585408bd306b,15
training,7103.0,743.0,staggered_interactive,743,2107589928099450508,033a27f199a15a33,15
training,7103.0,744.0,short_jobs,744,4338579224294595119,b143d9fd58486ecf,15
training,7103.0,745.0,long_jobs,745,3898559616824865265,64eb0db6047c38b3,15
training,7103.0,746.0,mixed,746,1362540799577748035,291b81a90cf2823f,15
training,7103.0,747.0,cpu_bursty,747,3206598023764350432,e870787f53c99429,15
training,7103.0,748.0,priority_skewed,748,7357162622237391766,7f79d28d7a1d3c96,15
training,7103.0,749.0,staggered_interactive,749,4481689699197008914,376312633bf7f78c,15
training,7103.0,750.0,short_jobs,750,3558225310765507727,fd31bd5de1cdbe02,15
training,7103.0,751.0,long_jobs,751,5382667831923012757,da1dcc0dc64b9660,15
training,7103.0,752.0,mixed,752,2526323306519372904,dcdbc5a45144eab7,15
training,7103.0,753.0,cpu_bursty,753,6548865288444160909,2b254609794f0ff9,15
training,7103.0,754.0,priority_skewed,754,9117815268003787057,dac5aeadfc69a35f,15
training,7103.0,755.0,staggered_interactive,755,9200634212150539874,33bed390f5bb373c,15
training,7103.0,756.0,short_jobs,756,8191255316134232031,63a5ebf0fe384139,15
training,7103.0,757.0,long_jobs,757,5625369187632113107,a4f7879e621bbdba,15
training,7103.0,758.0,mixed,758,7859468964297135886,02a587c5b6e39a9a,15
training,7103.0,759.0,cpu_bursty,759,4506177997363384212,dc61f940b751441c,15
training,7103.0,760.0,priority_skewed,760,8253036078268240306,0d0e8c0147ba0fe7,15
training,7103.0,761.0,staggered_interactive,761,4122369267774178537,505db43b1605aa71,15
training,7103.0,762.0,short_jobs,762,8902051083869328043,267b37e1a270a807,15
training,7103.0,763.0,long_jobs,763,727823939197759262,4181fab94b47ef5a,15
training,7103.0,764.0,mixed,764,566925862072406512,3700f94c45914591,15
training,7103.0,765.0,cpu_bursty,765,8248410808083475529,a8e263e10a8ecb1e,15
training,7103.0,766.0,priority_skewed,766,7076711132265042067,195ec0e47b054b36,15
training,7103.0,767.0,staggered_interactive,767,3273531497759265889,e36441fba17828c3,15
training,7103.0,768.0,short_jobs,768,555006084523522278,d3b6612cf3ef9658,15
training,7103.0,769.0,long_jobs,769,43677880391357487,0263bd002c576883,15
training,7103.0,770.0,mixed,770,5687983350659553480,b16db4fe10652985,15
training,7103.0,771.0,cpu_bursty,771,2843544184197832110,aaf5e31a1fd7888d,15
training,7103.0,772.0,priority_skewed,772,3102939057363039993,c4f4320aae29010c,15
training,7103.0,773.0,staggered_interactive,773,4300504049553480879,c591e7d8497e5460,15
training,7103.0,774.0,short_jobs,774,6558111864825137253,8c50147cb1d3d265,15
training,7103.0,775.0,long_jobs,775,2430371696271512720,02fa1644f1eaf145,15
training,7103.0,776.0,mixed,776,7227944663060837684,4ae2a8ff5d4ed160,15
training,7103.0,777.0,cpu_bursty,777,2048535269224878013,b9fa0842fddc2985,15
training,7103.0,778.0,priority_skewed,778,2353546849882087729,f98b33b4a2ca5c22,15
training,7103.0,779.0,staggered_interactive,779,5321624021412983673,439af2e018868e81,15
training,7103.0,780.0,short_jobs,780,6178769466086136140,18d3ce20b1619645,15
training,7103.0,781.0,long_jobs,781,4853220611495543936,af59bfc3e15dcc0f,15
training,7103.0,782.0,mixed,782,3328725452500450756,932f196575078190,15
training,7103.0,783.0,cpu_bursty,783,6554596058166652881,f4cc727e1d2c5365,15
training,7103.0,784.0,priority_skewed,784,4167140216478436733,ed1b12f65f37e16f,15
training,7103.0,785.0,staggered_interactive,785,1287975860747531023,75dcf3bd7fad183e,15
training,7103.0,786.0,short_jobs,786,3249927642882090664,0a68841511fb6048,15
training,7103.0,787.0,long_jobs,787,5235481804390592373,849a1c41d56bd5a3,15
training,7103.0,788.0,mixed,788,2760276899614551617,610c64a806045b8d,15
training,7103.0,789.0,cpu_bursty,789,4060694262070800203,bf65032fcdb8b47b,15
training,7103.0,790.0,priority_skewed,790,8690319120616296092,816758dd6b5a79d6,15
training,7103.0,791.0,staggered_interactive,791,6172733830713371622,05dee8ef18b2c095,15
training,7103.0,792.0,short_jobs,792,4605107637817602630,81ca311d11bc3ba6,15
training,7103.0,793.0,long_jobs,793,370376053887957368,23d4ad6acf8660a3,15
training,7103.0,794.0,mixed,794,5035777862554102105,0275468f2d501e36,15
training,7103.0,795.0,cpu_bursty,795,1214057901402631001,94912dcff5a39e2f,15
training,7103.0,796.0,priority_skewed,796,477587618681238811,aa0f8cf16ff4931c,15
training,7103.0,797.0,staggered_interactive,797,3856720034295606773,5ed3c108e6257714,15
training,7103.0,798.0,short_jobs,798,4372699116054272513,5facc07cb8bdbdf1,15
training,7103.0,799.0,long_jobs,799,6091141521428872348,4c5cf7cd7430a490,15
training,7103.0,800.0,mixed,800,1864043483453049441,85977780fba908b9,15
training,7103.0,801.0,cpu_bursty,801,3447436191633577404,267f6d4404c038b0,15
training,7103.0,802.0,priority_skewed,802,2508620071078222256,88db1131f34cc2a7,15
training,7103.0,803.0,staggered_interactive,803,6346233112785388370,b2597eb41f16f68d,15
training,7103.0,804.0,short_jobs,804,8759322063641645592,1207fc1f6d8a38a7,15
training,7103.0,805.0,long_jobs,805,1812673110651676100,9567bf9de1bb19a0,15
training,7103.0,806.0,mixed,806,8782672651302620116,ce63a757e3d606ca,15
training,7103.0,807.0,cpu_bursty,807,1363423629299455330,940fbb87260d44b2,15
training,7103.0,808.0,priority_skewed,808,1440792638713381079,46d395a86f9049d2,15
training,7103.0,809.0,staggered_interactive,809,4008464664112839681,4b49660b0a841c78,15
training,7103.0,810.0,short_jobs,810,1433633904777448311,cb57b28d1442a938,15
training,7103.0,811.0,long_jobs,811,3078557113173721163,1897a1e2bbbbd2f9,15
training,7103.0,812.0,mixed,812,493046412695706094,20b7327ad44802d0,15
training,7103.0,813.0,cpu_bursty,813,7870320384131808909,24ecf2367e75d6d1,15
training,7103.0,814.0,priority_skewed,814,2381949585622917154,ac53b2a05e34176f,15
training,7103.0,815.0,staggered_interactive,815,2706814234151738263,5523a5a9d3e2c4f0,15
training,7103.0,816.0,short_jobs,816,6707965512812926934,fb0e210359c9e451,15
training,7103.0,817.0,long_jobs,817,4640111921810959526,c7fc958bbd7d6bc8,15
training,7103.0,818.0,mixed,818,5546350030925859628,661fc05a43d15994,15
training,7103.0,819.0,cpu_bursty,819,3916803625626265851,7b15571711f1b149,15
training,7103.0,820.0,priority_skewed,820,1842530090855648704,ca04dc56bf8be7a4,15
training,7103.0,821.0,staggered_interactive,821,6847092557936702549,39b2628fabcaf252,15
training,7103.0,822.0,short_jobs,822,3825500230952358418,be045dded620fcb3,15
training,7103.0,823.0,long_jobs,823,6261852949681003715,c7e2904801b3e095,15
training,7103.0,824.0,mixed,824,7772370704862530662,64b167b58a14f922,15
training,7103.0,825.0,cpu_bursty,825,1581883441451619144,88eb28b4d3021267,15
training,7103.0,826.0,priority_skewed,826,8899169253452894184,a4bd20dce2c7d4e3,15
training,7103.0,827.0,staggered_interactive,827,2328529484142244253,f5f1654efecd798c,15
training,7103.0,828.0,short_jobs,828,6980766287039368216,8472407eae7aad62,15
training,7103.0,829.0,long_jobs,829,5161911952170919154,90a85a16acc2dafe,15
training,7103.0,830.0,mixed,830,3229088407936268540,860134a0361e5db6,15
training,7103.0,831.0,cpu_bursty,831,7746865928354944412,90be1ae904662178,15
training,7103.0,832.0,priority_skewed,832,1010119728933096220,b7e99f8c81b9f6cf,15
training,7103.0,833.0,staggered_interactive,833,2216475197220451282,baa769867159740d,15
training,7103.0,834.0,short_jobs,834,4066582765742412762,9aad885d81f4c407,15
training,7103.0,835.0,long_jobs,835,1206532458118519097,8044352315482230,15
training,7103.0,836.0,mixed,836,395520367152665021,709f7d63d2f4cad1,15
training,7103.0,837.0,cpu_bursty,837,8280040793228846288,2bbf2ea84fb8304f,15
training,7103.0,838.0,priority_skewed,838,6639930042935585837,6d1dcdd871d76aab,15
training,7103.0,839.0,staggered_interactive,839,2900066600598236935,20000fcd15860f39,15
training,7103.0,840.0,short_jobs,840,8472785736574707554,45587e4b69a1dd16,15
training,7103.0,841.0,long_jobs,841,584605441282096596,2e7e7af470fad077,15
training,7103.0,842.0,mixed,842,173779033679374379,a81b8fa4cfda8816,15
training,7103.0,843.0,cpu_bursty,843,7762033573381806076,c01425394f380b61,15
training,7103.0,844.0,priority_skewed,844,7923169948190073187,01e7e8a7138cfe2f,15
training,7103.0,845.0,staggered_interactive,845,1025797878055514456,1288001171567c51,15
training,7103.0,846.0,short_jobs,846,3592721267393715938,9ce64b26f9b39199,15
training,7103.0,847.0,long_jobs,847,3519649913770024646,35bbdfaf10402899,15
training,7103.0,848.0,mixed,848,1476228025924372377,ff11165b5927d358,15
training,7103.0,849.0,cpu_bursty,849,3174756271566543377,9814458fffb6f0fa,15
training,7103.0,850.0,priority_skewed,850,6553860844114424692,207d5933a24ef856,15
training,7103.0,851.0,staggered_interactive,851,7867625204894978349,d58a39243dd08b51,15
training,7103.0,852.0,short_jobs,852,3438508233659979124,3b3ad6e832cd4dd0,15
training,7103.0,853.0,long_jobs,853,1868638093563358241,8046f98e85f2db28,15
training,7103.0,854.0,mixed,854,8594164333502437201,6922eca506b44602,15
training,7103.0,855.0,cpu_bursty,855,1386537184975146593,f46d94e2bca5c716,15
training,7103.0,856.0,priority_skewed,856,3933017852965673605,cb0f73e9cfbb4293,15
training,7103.0,857.0,staggered_interactive,857,2621716322449122166,bf30ac621c124cf2,15
training,7103.0,858.0,short_jobs,858,3548640586034008838,e9cb99249d2c1e33,15
training,7103.0,859.0,long_jobs,859,4698734854677799510,67bd6f7efa9ea015,15
training,7103.0,860.0,mixed,860,6027261635813545020,08d4261239c4d360,15
training,7103.0,861.0,cpu_bursty,861,5172491919503120881,c1c45385045fde15,15
training,7103.0,862.0,priority_skewed,862,6287928329414776878,9cff84c65669bf37,15
training,7103.0,863.0,staggered_interactive,863,8874052224455411392,335285317667a755,15
training,7103.0,864.0,short_jobs,864,2313078843375351994,ac527f50d4048a8e,15
training,7103.0,865.0,long_jobs,865,2710670472453095497,8a0af9ff0efbebe5,15
training,7103.0,866.0,mixed,866,4235504103254369480,0928d60b7b6834eb,15
training,7103.0,867.0,cpu_bursty,867,2359434992756724897,0150f0cc48c92ecc,15
training,7103.0,868.0,priority_skewed,868,3624416907764861033,336969b99b2df252,15
training,7103.0,869.0,staggered_interactive,869,938293233010870721,2b721601c291da64,15
training,7103.0,870.0,short_jobs,870,1030619185933572231,667720406c4da0b8,15
training,7103.0,871.0,long_jobs,871,5463536807102308333,8ff159ee587d9fd7,15
training,7103.0,872.0,mixed,872,6774384151478262952,0406e960292bdfc3,15
training,7103.0,873.0,cpu_bursty,873,5040034544039659796,598c1b836fbacf75,15
training,7103.0,874.0,priority_skewed,874,3320219372004551110,756ea804b44732a8,15
training,7103.0,875.0,staggered_interactive,875,5859818180386567361,627a444d969a7cd5,15
training,7103.0,876.0,short_jobs,876,2373548355179478081,5bc75bcd80b75cec,15
training,7103.0,877.0,long_jobs,877,717026318753852354,b3864648c3a59ce8,15
training,7103.0,878.0,mixed,878,2532905102369732981,e896f39ace2479ef,15
training,7103.0,879.0,cpu_bursty,879,3913999240465607927,2b48c3d10428ecae,15
training,7103.0,880.0,priority_skewed,880,8257646389240942487,d996d575ff097505,15
training,7103.0,881.0,staggered_interactive,881,7993165410411135230,f71c5fe8e4954b63,15
training,7103.0,882.0,short_jobs,882,6599804904986038209,5e59cc2732caceb4,15
training,7103.0,883.0,long_jobs,883,2370276807835388579,5262811340e9f65a,15
training,7103.0,884.0,mixed,884,5461149313969116486,99276a4fb7e6266a,15
training,7103.0,885.0,cpu_bursty,885,4629280450789541974,d731e3eb201ebfb9,15
training,7103.0,886.0,priority_skewed,886,1311370982763331362,0261ab3c10ec629b,15
training,7103.0,887.0,staggered_interactive,887,5910419641758362516,5c6d49574ba026e7,15
training,7103.0,888.0,short_jobs,888,7658863845808257409,b98f7d81212156c3,15
training,7103.0,889.0,long_jobs,889,8498405749910368527,69bc94a2c825ed8a,15
training,7103.0,890.0,mixed,890,7019805847721435766,0459cbac2f582dc0,15
training,7103.0,891.0,cpu_bursty,891,97816188762768410,39b4083a91ac1b73,15
training,7103.0,892.0,priority_skewed,892,6490187481046287477,0c9893809f45d1b5,15
training,7103.0,893.0,staggered_interactive,893,883480251246855840,a65bfde74343ebec,15
training,7103.0,894.0,short_jobs,894,8233036334006377616,9cee2377ab535c1f,15
training,7103.0,895.0,long_jobs,895,848974979044742736,afb13340556303a4,15
training,7103.0,896.0,mixed,896,8948636433377435116,aa54ae2203856c72,15
training,7103.0,897.0,cpu_bursty,897,4145232860168113772,f37b88d0bcd79ef0,15
training,7103.0,898.0,priority_skewed,898,3835684380699674755,2bcba766ba06b7d0,15
training,7103.0,899.0,staggered_interactive,899,1566890664062435757,baecf500e649d248,15
training,7103.0,900.0,short_jobs,900,6401323381357697313,f691c9938d824cfb,15
training,7103.0,901.0,long_jobs,901,8866808363953507776,d56fa1b1e74fd2b6,15
training,7103.0,902.0,mixed,902,2716413730518640954,00bd7d58bbcd8108,15
training,7103.0,903.0,cpu_bursty,903,137090016000474800,edf124e7ad0a11c2,15
training,7103.0,904.0,priority_skewed,904,323753950013458877,e79234fe01b997c7,15
training,7103.0,905.0,staggered_interactive,905,6720586872384641,db5b34c39d14375b,15
training,7103.0,906.0,short_jobs,906,3511172867998446731,77067084358c55d2,15
training,7103.0,907.0,long_jobs,907,2168158492147424949,f80eada87d2a4be9,15
training,7103.0,908.0,mixed,908,727350691323070117,e18f105c0cef9d27,15
training,7103.0,909.0,cpu_bursty,909,3274813824807529138,ec92efb25fee99c9,15
training,7103.0,910.0,priority_skewed,910,4560145385812406482,5d35577059cb29ba,15
training,7103.0,911.0,staggered_interactive,911,3271865112797176370,60d52112b96989c9,15
training,7103.0,912.0,short_jobs,912,6954869763121140028,a0a578f543094b7b,15
training,7103.0,913.0,long_jobs,913,2766624926544335514,ae41a08a61727da5,15
training,7103.0,914.0,mixed,914,3574037599084934136,b18f25f299a187c5,15
training,7103.0,915.0,cpu_bursty,915,7979181919431084551,9964f01e6beaffd4,15
training,7103.0,916.0,priority_skewed,916,8042006104302398460,30c6553db886d743,15
training,7103.0,917.0,staggered_interactive,917,5826398920621239730,9dbc7b5e410f3002,15
training,7103.0,918.0,short_jobs,918,7629052041404187320,1cf1ce907c14fe88,15
training,7103.0,919.0,long_jobs,919,7336844975734832851,173448e3d5211066,15
training,7103.0,920.0,mixed,920,6202601251522123311,16646a7ef6a7920f,15
training,7103.0,921.0,cpu_bursty,921,861980394593554598,bcda3d70d0eaa9b2,15
training,7103.0,922.0,priority_skewed,922,7223993955809800441,d428cd6adf585dde,15
training,7103.0,923.0,staggered_interactive,923,2239174121293656888,bab80c0dc88a1192,15
training,7103.0,924.0,short_jobs,924,2439360637220949224,afc18aa3eeeeb0da,15
training,7103.0,925.0,long_jobs,925,357653149963844466,8cb6a8c84225966c,15
training,7103.0,926.0,mixed,926,2261295109454862866,535d6fb0f6c38370,15
training,7103.0,927.0,cpu_bursty,927,7564098576732067104,a3f3358b1171bfd7,15
training,7103.0,928.0,priority_skewed,928,1220881941806363473,71f9410a894ef6fa,15
training,7103.0,929.0,staggered_interactive,929,4410159710945860489,db07eed71f198f2a,15
training,7103.0,930.0,short_jobs,930,365270437280993554,ae42ef5d08d98bd5,15
training,7103.0,931.0,long_jobs,931,4623364271760342960,a60a19c58a70b421,15
training,7103.0,932.0,mixed,932,3400041733797220971,5839bc0bc6fdf808,15
training,7103.0,933.0,cpu_bursty,933,9221970466069549605,71b357e620a0eec9,15
training,7103.0,934.0,priority_skewed,934,3175039846271571177,1a3c6e32e7079dbb,15
training,7103.0,935.0,staggered_interactive,935,5502332585573407864,ea02b656c2227953,15
training,7103.0,936.0,short_jobs,936,1677807234690083696,8ba2f1982171c5ed,15
training,7103.0,937.0,long_jobs,937,2185943148429021530,f1f42bb26d4c8078,15
training,7103.0,938.0,mixed,938,4046036790383598842,33f219c06eabbe33,15
training,7103.0,939.0,cpu_bursty,939,2960547261547503472,152477aa5489cc4f,15
training,7103.0,940.0,priority_skewed,940,5283121297418714626,ee97329cbe50c870,15
training,7103.0,941.0,staggered_interactive,941,5697922775565002820,cf9b6c00616bb8ad,15
training,7103.0,942.0,short_jobs,942,6196522724060744028,b4b9f2fda082825d,15
training,7103.0,943.0,long_jobs,943,1247533283990599742,026f907cebe7207c,15
training,7103.0,944.0,mixed,944,2497143168485511767,a4838119774bfb64,15
training,7103.0,945.0,cpu_bursty,945,2537589361513664183,f02d10a8b14272a7,15
training,7103.0,946.0,priority_skewed,946,8223893366263811473,a9a2e6f95b74933d,15
training,7103.0,947.0,staggered_interactive,947,418557772381859463,b5987a9a9e1733b7,15
training,7103.0,948.0,short_jobs,948,7499639531151503324,dcdb41f987448835,15
training,7103.0,949.0,long_jobs,949,9166294183194409729,1028831d3dc6d32c,15
training,7103.0,950.0,mixed,950,158683322333297605,eb0db21f1d82cfd6,15
training,7103.0,951.0,cpu_bursty,951,1102146024743457754,fc69db7dccb3ed53,15
training,7103.0,952.0,priority_skewed,952,3626229402903347432,2e7ea29b01329a85,15
training,7103.0,953.0,staggered_interactive,953,6240346326651769363,2fc632dfeefbc271,15
training,7103.0,954.0,short_jobs,954,823528295706898618,9c21b91710bdf545,15
training,7103.0,955.0,long_jobs,955,6194319233421331275,b701df4dacee7801,15
training,7103.0,956.0,mixed,956,2612250145211874412,f181c11c999ebc0d,15
training,7103.0,957.0,cpu_bursty,957,3524121668351199136,59f6b548cd143c5d,15
training,7103.0,958.0,priority_skewed,958,3266406973879294406,cbbeee35edfc393c,15
training,7103.0,959.0,staggered_interactive,959,2922821780605343609,95c23cc4bee79ceb,15
training,7103.0,960.0,short_jobs,960,1082459895740069303,79f2588d655d2075,15
training,7103.0,961.0,long_jobs,961,2031463648215316232,a3a7bba3b45b91dc,15
training,7103.0,962.0,mixed,962,8269911303047026670,9075c48c5220909c,15
training,7103.0,963.0,cpu_bursty,963,1015256842758422732,e4aee0d91ea0f66d,15
training,7103.0,964.0,priority_skewed,964,5319561341527100739,fa08fe9225b24804,15
training,7103.0,965.0,staggered_interactive,965,7308134092505852540,c3867c86b31d7ccf,15
training,7103.0,966.0,short_jobs,966,144119554638441485,b39446942fa173ee,15
training,7103.0,967.0,long_jobs,967,857701889149297582,963f781484a6ea0a,15
training,7103.0,968.0,mixed,968,7340700952704566339,90779eb8cdc462fd,15
training,7103.0,969.0,cpu_bursty,969,8415644672591956899,d7536113dbdebfee,15
training,7103.0,970.0,priority_skewed,970,8262703934968756478,7eeda5508f3d86fd,15
training,7103.0,971.0,staggered_interactive,971,3695135648702245341,29239487bd0d8680,15
training,7103.0,972.0,short_jobs,972,7552333753637224829,ddd8b17701a1d595,15
training,7103.0,973.0,long_jobs,973,8525569733287893051,8f736a31e51cbff9,15
training,7103.0,974.0,mixed,974,8898523844377996106,99fea1f6a20698af,15
training,7103.0,975.0,cpu_bursty,975,6530906099040667041,6970f1d1092b9c28,15
training,7103.0,976.0,priority_skewed,976,3821240014867077557,8f64b8a6d5348648,15
training,7103.0,977.0,staggered_interactive,977,7375098152006176568,d7f2f62ce6586e14,15
training,7103.0,978.0,short_jobs,978,3685285957136360928,e33b33ec3e1571c4,15
training,7103.0,979.0,long_jobs,979,2619098020897604269,0cc0ac041f181b90,15
training,7103.0,980.0,mixed,980,8675698397772450816,759547b489122901,15
training,7103.0,981.0,cpu_bursty,981,6753338964869478009,389c209a177082da,15
training,7103.0,982.0,priority_skewed,982,5265518708289220004,caf692efad0adecc,15
training,7103.0,983.0,staggered_interactive,983,5230501488116086723,8f32053f54f9c36a,15
training,7103.0,984.0,short_jobs,984,5001877485940914558,f83446a40e9e2e99,15
training,7103.0,985.0,long_jobs,985,8096671191639222539,4d039922d5ea4bf2,15
training,7103.0,986.0,mixed,986,2119823038589714293,b8f5efb46a0bae73,15
training,7103.0,987.0,cpu_bursty,987,8938257032843915240,4215b3f4e25a8353,15
training,7103.0,988.0,priority_skewed,988,4809549762512554230,55317925ea6392a8,15
training,7103.0,989.0,staggered_interactive,989,8412930941001740668,9e5d93b3596fd6a9,15
training,7103.0,990.0,short_jobs,990,4054091433086693719,1e87d2e68d9d7d9a,15
training,7103.0,991.0,long_jobs,991,7419956750912799320,f0b7829bafe4df0f,15
training,7103.0,992.0,mixed,992,2513000529384172133,dca018835a0b2888,15
training,7103.0,993.0,cpu_bursty,993,5507921682565248070,03ffd6b16becf688,15
training,7103.0,994.0,priority_skewed,994,7097175425985743761,3857ed0ade128e36,15
training,7103.0,995.0,staggered_interactive,995,6889429970977744765,f38608ab65b36405,15
training,7103.0,996.0,short_jobs,996,7325808723468782641,7d35ca56058ecf78,15
training,7103.0,997.0,long_jobs,997,3964407138565576765,d0b9301ab4945b0f,15
training,7103.0,998.0,mixed,998,6025844936098087329,3cd6cc3e817e4f49,15
training,7103.0,999.0,cpu_bursty,999,8751396474268370463,c0fd0626638818aa,15
training,7103.0,1000.0,priority_skewed,1000,3004027251444066939,163c70efefa37ee4,15
training,7103.0,1001.0,staggered_interactive,1001,2362556324738496815,194b5c2ee1f50885,15
training,7103.0,1002.0,short_jobs,1002,7786912132702275437,ef46b853fd054d6b,15
training,7103.0,1003.0,long_jobs,1003,6995060105457124631,9e1b1a750fb617de,15
training,7103.0,1004.0,mixed,1004,4073912579774414410,da798be6227c0ea9,15
training,7103.0,1005.0,cpu_bursty,1005,7425580204393098545,e36b3943b8e41089,15
training,7103.0,1006.0,priority_skewed,1006,2238637499742612838,f5d1bd4b6bc63c3d,15
training,7103.0,1007.0,staggered_interactive,1007,4406531599991059104,045b973768bbe878,15
training,7103.0,1008.0,short_jobs,1008,2223414126513242386,b1aa0f7f92b1f010,15
training,7103.0,1009.0,long_jobs,1009,4803954343373567115,f4df8b25e4c96a92,15
training,7103.0,1010.0,mixed,1010,3372293602318648472,ffb83ae2d0897d75,15
training,7103.0,1011.0,cpu_bursty,1011,4416812915040250594,856b84251ccf3970,15
training,7103.0,1012.0,priority_skewed,1012,7181454514609732333,9dd05995207e2e26,15
training,7103.0,1013.0,staggered_interactive,1013,2108886857273561230,c77881db06498d75,15
training,7103.0,1014.0,short_jobs,1014,2108828202629035395,75240bb48ecd338f,15
training,7103.0,1015.0,long_jobs,1015,4502542356849146987,b3b9f66c7389ca0d,15
training,7103.0,1016.0,mixed,1016,2328176178371376496,58c112fd7531b905,15
training,7103.0,1017.0,cpu_bursty,1017,3229602153729572357,b33d8d61a80c09fb,15
training,7103.0,1018.0,priority_skewed,1018,6396420612889499013,9e8ce0d1a14fa04b,15
training,7103.0,1019.0,staggered_interactive,1019,1274996242015378475,435b5307faa1b5df,15
training,7103.0,1020.0,short_jobs,1020,1271326851891381101,d7499c2d7c737d55,15
training,7103.0,1021.0,long_jobs,1021,8494087099442072762,ef236f3225fab718,15
training,7103.0,1022.0,mixed,1022,1905952741820058619,d840bceaf5d4abdd,15
training,7103.0,1023.0,cpu_bursty,1023,9034530813637399996,decf3df96a649b8f,15
training,7103.0,1024.0,priority_skewed,1024,6991205121101535315,d3488f1833199ed3,15
training,7103.0,1025.0,staggered_interactive,1025,3116291171887266510,251b72fea4cdec86,15
training,7103.0,1026.0,short_jobs,1026,624307795877109814,22f70895a857db46,15
training,7103.0,1027.0,long_jobs,1027,5345795149851295652,f59d844fe8b713b0,15
training,7103.0,1028.0,mixed,1028,3098470641478247401,49d75adf4576481d,15
training,7103.0,1029.0,cpu_bursty,1029,404817697281564735,ff344a0f0f73ae30,15
training,7103.0,1030.0,priority_skewed,1030,3963253407066730421,7323503e113b6ed1,15
training,7103.0,1031.0,staggered_interactive,1031,5318247006496085957,5bea979041984436,15
training,7103.0,1032.0,short_jobs,1032,8782854990048150624,73b62f784e000607,15
training,7103.0,1033.0,long_jobs,1033,9027563521389269077,5eba5c2464b689d1,15
training,7103.0,1034.0,mixed,1034,2828250316989380311,3db67d324e6e6065,15
training,7103.0,1035.0,cpu_bursty,1035,1619308432609807837,946f57d8bae2464f,15
training,7103.0,1036.0,priority_skewed,1036,3185439903365601487,3c6977051f3c85b0,15
training,7103.0,1037.0,staggered_interactive,1037,7012121468778589858,52b0850fe8fc2ba1,15
training,7103.0,1038.0,short_jobs,1038,7866879787738178876,00f861f2343d6f03,15
training,7103.0,1039.0,long_jobs,1039,8514562138567789547,d81705be1c45d9dd,15
training,7103.0,1040.0,mixed,1040,5994712091976692314,e2543b8396749d67,15
training,7103.0,1041.0,cpu_bursty,1041,6808889016589389279,343cbc1d1a9a2dc8,15
training,7103.0,1042.0,priority_skewed,1042,7075179814276782883,e25f9d3263a934d0,15
training,7103.0,1043.0,staggered_interactive,1043,4094965766783529821,771aee2b0d956634,15
training,7103.0,1044.0,short_jobs,1044,7532314094163666193,4b52de9f4dae4fcf,15
training,7103.0,1045.0,long_jobs,1045,3575212534582789510,4e93383e745af8ae,15
training,7103.0,1046.0,mixed,1046,1451456050543951156,8edf8038e71bc48d,15
training,7103.0,1047.0,cpu_bursty,1047,7258554321780265661,7a88a30c9582fc43,15
training,7103.0,1048.0,priority_skewed,1048,276659476026672101,0764df35736b44ae,15
training,7103.0,1049.0,staggered_interactive,1049,5421287953029819967,f7cea3a2498d0dff,15
training,7103.0,1050.0,short_jobs,1050,6198410596818764742,74b690546c0d71a1,15
training,7103.0,1051.0,long_jobs,1051,8548155793798605110,75209c57ccb03e7a,15
training,7103.0,1052.0,mixed,1052,6181112532053712742,8da44d8c0ec0969d,15
training,7103.0,1053.0,cpu_bursty,1053,5607078151599628422,ec61f764263ec8b6,15
training,7103.0,1054.0,priority_skewed,1054,6877925168294253787,8db68c443139ef06,15
training,7103.0,1055.0,staggered_interactive,1055,556387417462647095,edd2ac975bd9a8de,15
training,7103.0,1056.0,short_jobs,1056,6656854561932118530,1375326b1bf196b9,15
training,7103.0,1057.0,long_jobs,1057,8529978702869977293,74add589f77e3945,15
training,7103.0,1058.0,mixed,1058,1021347488363860570,46fba7d58736c251,15
training,7103.0,1059.0,cpu_bursty,1059,9110872720834027123,553edcd8b5c52889,15
training,7103.0,1060.0,priority_skewed,1060,7862780691154282252,bd74c89abfa88994,15
training,7103.0,1061.0,staggered_interactive,1061,5101182068006468474,0c875a8f2489549f,15
training,7103.0,1062.0,short_jobs,1062,3566879156677943017,ab5185e834410f8f,15
training,7103.0,1063.0,long_jobs,1063,2265562171489872005,7040db568ddbf50a,15
training,7103.0,1064.0,mixed,1064,5303525478471663051,8badf6272eaaec20,15
training,7103.0,1065.0,cpu_bursty,1065,6796032321893663673,40118fb88fdac14e,15
training,7103.0,1066.0,priority_skewed,1066,7873480377491588972,f1bf7cf05cb9fff8,15
training,7103.0,1067.0,staggered_interactive,1067,5689671471443516799,f2f0c9322c616d6e,15
training,7103.0,1068.0,short_jobs,1068,1946207813209841039,3321edd699f3fe1b,15
training,7103.0,1069.0,long_jobs,1069,2058649828663542521,b170392bf69e70c3,15
training,7103.0,1070.0,mixed,1070,6182414057886421087,c6e3593d5f5d9d01,15
training,7103.0,1071.0,cpu_bursty,1071,1088426802695674962,f65f998f432843e5,15
training,7103.0,1072.0,priority_skewed,1072,5574588719543749162,db3beb948d9c4123,15
training,7103.0,1073.0,staggered_interactive,1073,8879210848062241308,0fa40daaebc7ab8a,15
training,7103.0,1074.0,short_jobs,1074,7617277279276706761,2cf168ba1677a5ff,15
training,7103.0,1075.0,long_jobs,1075,3344242048035663978,aad3b9e4b8c5c51e,15
training,7103.0,1076.0,mixed,1076,4143878566146795975,bf8f42caed4f7e05,15
training,7103.0,1077.0,cpu_bursty,1077,5540764578273988207,fd31cbb6c5d72a1b,15
training,7103.0,1078.0,priority_skewed,1078,5848309960964043722,9db747470d0112c5,15
training,7103.0,1079.0,staggered_interactive,1079,9050440269532979852,8a3d7aa7c979ef1c,15
training,7103.0,1080.0,short_jobs,1080,5285637188944028076,2aaf35a432b71e6e,15
training,7103.0,1081.0,long_jobs,1081,8080141125140864933,6433caacfe580d2e,15
training,7103.0,1082.0,mixed,1082,426150955724249086,6ace3e28c9669bc6,15
training,7103.0,1083.0,cpu_bursty,1083,9110038956234140209,473fd58ca60d36be,15
training,7103.0,1084.0,priority_skewed,1084,7046129876270021807,e95a330942cb5940,15
training,7103.0,1085.0,staggered_interactive,1085,5774653055550033833,4066ea4b0a44cf24,15
training,7103.0,1086.0,short_jobs,1086,6518364701667020854,8d8b6fbf134e195b,15
training,7103.0,1087.0,long_jobs,1087,547792029512121144,9ef92135182f9bff,15
training,7103.0,1088.0,mixed,1088,6621525357429170164,aa3b671afb476357,15
training,7103.0,1089.0,cpu_bursty,1089,8733447115809377811,3a8e93b78beb3673,15
training,7103.0,1090.0,priority_skewed,1090,8673653037424608165,7a2e56093a49ab25,15
training,7103.0,1091.0,staggered_interactive,1091,7142580385735641467,d6dd4ffb346381fe,15
training,7103.0,1092.0,short_jobs,1092,5828865494016920428,8178dcc222572e20,15
training,7103.0,1093.0,long_jobs,1093,7875656864435362173,97ae333176447ad6,15
training,7103.0,1094.0,mixed,1094,7351370937266618957,1b005caec788ed35,15
training,7103.0,1095.0,cpu_bursty,1095,361247138885567035,918e1989bc0422ff,15
training,7103.0,1096.0,priority_skewed,1096,4153875936419068800,6ab18683fc5546bd,15
training,7103.0,1097.0,staggered_interactive,1097,8342659874736164128,ed94844b7e5207c6,15
training,7103.0,1098.0,short_jobs,1098,3025934487014608268,43d5c4dc3935059c,15
training,7103.0,1099.0,long_jobs,1099,7669537440863435956,0630a20840f93e50,15
training,7103.0,1100.0,mixed,1100,6627750199797701602,a3472ccef4166b3d,15
training,7103.0,1101.0,cpu_bursty,1101,3912831699217063275,cb5ae4971a2fce18,15
training,7103.0,1102.0,priority_skewed,1102,3241455283929382774,26b7b60fe2e2f31b,15
training,7103.0,1103.0,staggered_interactive,1103,8351881455529686459,291e32c6233f93b0,15
training,7103.0,1104.0,short_jobs,1104,5525815666836875515,6457e1c99bf425b6,15
training,7103.0,1105.0,long_jobs,1105,2982063769602199401,aa0b46c91f138cab,15
training,7103.0,1106.0,mixed,1106,6610291904788765615,0197dbdcc8aa1bf4,15
training,7103.0,1107.0,cpu_bursty,1107,3878175444869816051,98fb32738a62e9c7,15
training,7103.0,1108.0,priority_skewed,1108,7828164745466584442,382dbc89aad5b62c,15
training,7103.0,1109.0,staggered_interactive,1109,4098465102346547305,e74ebe60d819ccab,15
training,7103.0,1110.0,short_jobs,1110,8987520941733263748,45620cb07953012a,15
training,7103.0,1111.0,long_jobs,1111,4942129948105154851,54a1d8d5e93e5197,15
training,7103.0,1112.0,mixed,1112,1467928696756813184,fc86371f2a2f4327,15
training,7103.0,1113.0,cpu_bursty,1113,9029873335048012020,8e28899d139cddac,15
training,7103.0,1114.0,priority_skewed,1114,3738766382905131125,553c2eb738c52a5f,15
training,7103.0,1115.0,staggered_interactive,1115,2257922884613623144,7e913f06437ae72d,15
training,7103.0,1116.0,short_jobs,1116,7371653814084322741,c34535d62c364e23,15
training,7103.0,1117.0,long_jobs,1117,2958413211157248087,6c32567c49704676,15
training,7103.0,1118.0,mixed,1118,3280608573360414141,b777e879ba3fb3f0,15
training,7103.0,1119.0,cpu_bursty,1119,4256489921382930958,f1e416d8e1f2ed0f,15
training,7103.0,1120.0,priority_skewed,1120,1461665388511308262,5ca28b7a85953952,15
training,7103.0,1121.0,staggered_interactive,1121,8921577148430075199,d386208caf453297,15
training,7103.0,1122.0,short_jobs,1122,2692870192888376536,f0c6ec052326f943,15
training,7103.0,1123.0,long_jobs,1123,5549528349612594490,dcc8d46d173bf1bd,15
training,7103.0,1124.0,mixed,1124,7702886967762553871,dc4fa6b467b0a40a,15
training,7103.0,1125.0,cpu_bursty,1125,6002873633151121770,01a874d62ca934d2,15
training,7103.0,1126.0,priority_skewed,1126,8797850020488090775,a789135350815037,15
training,7103.0,1127.0,staggered_interactive,1127,6757871345800260543,d9a88d58a02bb109,15
training,7103.0,1128.0,short_jobs,1128,7376791232044969069,91044abd2449f3c3,15
training,7103.0,1129.0,long_jobs,1129,5812086344147726795,11b659e9f7beb036,15
training,7103.0,1130.0,mixed,1130,5258377493436099854,5b58f37919023ac6,15
training,7103.0,1131.0,cpu_bursty,1131,8768089392462008570,13bc2ec80d753316,15
training,7103.0,1132.0,priority_skewed,1132,146354620441311817,56771cf9c27078bb,15
training,7103.0,1133.0,staggered_interactive,1133,3616529698357842718,da63ec93d6b162d9,15
training,7103.0,1134.0,short_jobs,1134,8373873568633579687,f9d349fbd7469021,15
training,7103.0,1135.0,long_jobs,1135,7775012042402849646,21344d87a5c83ae2,15
training,7103.0,1136.0,mixed,1136,1507102934348844602,628511e4c676485f,15
training,7103.0,1137.0,cpu_bursty,1137,727909916324030887,29c4bea349d0a76f,15
training,7103.0,1138.0,priority_skewed,1138,4090718525524890942,7dc58cb6a2c8e9bd,15
training,7103.0,1139.0,staggered_interactive,1139,2020396961786573973,3a6010e5a9b9aca8,15
training,7103.0,1140.0,short_jobs,1140,1797233730693891545,116da6f6a5d25929,15
training,7103.0,1141.0,long_jobs,1141,1005213391760543866,38cd8e57d04593cd,15
training,7103.0,1142.0,mixed,1142,7241281778122159980,fba89ec7d625710e,15
training,7103.0,1143.0,cpu_bursty,1143,7667372947433792026,fd68ffa649d86fc0,15
training,7103.0,1144.0,priority_skewed,1144,2979352522279905286,9614b0bb5a957bdb,15
training,7103.0,1145.0,staggered_interactive,1145,3269368552072474556,8b4730eeae506267,15
training,7103.0,1146.0,short_jobs,1146,6798759331125754066,7d17b88f0dfa3efa,15
training,7103.0,1147.0,long_jobs,1147,5781450295132492675,b96d89bf23547780,15
training,7103.0,1148.0,mixed,1148,7290520738041517177,5db7afe13fa8745c,15
training,7103.0,1149.0,cpu_bursty,1149,1785484157157455832,821001d2276c7bc8,15
training,7103.0,1150.0,priority_skewed,1150,8354400241501121618,d70e244003b87894,15
training,7103.0,1151.0,staggered_interactive,1151,6505940768697177658,f9bf77e5c17b656a,15
training,7103.0,1152.0,short_jobs,1152,2744885863845133424,5f658b782ae5f9ec,15
training,7103.0,1153.0,long_jobs,1153,8531948963543252282,5d76e96bec48f4ca,15
training,7103.0,1154.0,mixed,1154,3177047993797551342,744ead73739d4c01,15
training,7103.0,1155.0,cpu_bursty,1155,7735374372993944013,e1d401751443a147,15
training,7103.0,1156.0,priority_skewed,1156,3953999331834104561,e27a1af8d1fc34ae,15
training,7103.0,1157.0,staggered_interactive,1157,4385081956607870002,a50152a57a3ee0b9,15
training,7103.0,1158.0,short_jobs,1158,1815890866407798980,5116dbc501160ebc,15
training,7103.0,1159.0,long_jobs,1159,5470971841524543657,ffa5f383be39634a,15
training,7103.0,1160.0,mixed,1160,7292250698157716950,270166d3bf527cc4,15
training,7103.0,1161.0,cpu_bursty,1161,427818868044348748,276d1b6534aaae11,15
training,7103.0,1162.0,priority_skewed,1162,7372825207213658523,f9c4d97f09c81491,15
training,7103.0,1163.0,staggered_interactive,1163,2024408482722731405,d37b3bfd2d460cdc,15
training,7103.0,1164.0,short_jobs,1164,4417270799095991192,c13a80ab144b9e0f,15
training,7103.0,1165.0,long_jobs,1165,9157412698897673412,c60f03e164ad24de,15
training,7103.0,1166.0,mixed,1166,8678984520283483604,5dfea18d436b3770,15
training,7103.0,1167.0,cpu_bursty,1167,8840810355153242604,6211f0014c783592,15
training,7103.0,1168.0,priority_skewed,1168,3855374351989526143,180a8df00dee8658,15
training,7103.0,1169.0,staggered_interactive,1169,4568339221512353871,dd480646c0acefe8,15
training,7103.0,1170.0,short_jobs,1170,8708486825824747682,6f32e46c653bcbe6,15
training,7103.0,1171.0,long_jobs,1171,6051208798386503312,5379e677e279f468,15
training,7103.0,1172.0,mixed,1172,68326647440385531,44d8b1722f316e73,15
training,7103.0,1173.0,cpu_bursty,1173,6588266262340402426,a6e82e9d3de1d4ed,15
training,7103.0,1174.0,priority_skewed,1174,4574216862372488907,f33963b314410176,15
training,7103.0,1175.0,staggered_interactive,1175,7925953113641467762,f7ccacffdcdd17c8,15
training,7103.0,1176.0,short_jobs,1176,3499606628406837425,dd42a47754a2ce07,15
training,7103.0,1177.0,long_jobs,1177,3584600763918814086,f8cf6890004288e1,15
training,7103.0,1178.0,mixed,1178,3972352303420751101,f793be1a00a6ab21,15
training,7103.0,1179.0,cpu_bursty,1179,7201405145914942829,6d9f085da78c2c77,15
training,7103.0,1180.0,priority_skewed,1180,9051354858986915136,1c0f522a6fe827b7,15
training,7103.0,1181.0,staggered_interactive,1181,1445856298492186999,2917bcd2087486c2,15
training,7103.0,1182.0,short_jobs,1182,2673382672562371138,7f9a82cb3347b279,15
training,7103.0,1183.0,long_jobs,1183,5860260450954751138,ab62928e2cba3015,15
training,7103.0,1184.0,mixed,1184,2144991970482044260,a1b9ee5e63f295d5,15
training,7103.0,1185.0,cpu_bursty,1185,7357012108498508465,bfe0204552c27774,15
training,7103.0,1186.0,priority_skewed,1186,1316983342931887760,8776e0c00ab9559f,15
training,7103.0,1187.0,staggered_interactive,1187,6132734068308626049,1c0614f630e0ce14,15
training,7103.0,1188.0,short_jobs,1188,5212800780089797341,6929c20feff80267,15
training,7103.0,1189.0,long_jobs,1189,7710133027520914113,adcb7f3b78fe7660,15
training,7103.0,1190.0,mixed,1190,7482564491705620218,8ebee40a0e95eaa7,15
training,7103.0,1191.0,cpu_bursty,1191,1253774770983852540,28b3cb617dbd3462,15
training,7103.0,1192.0,priority_skewed,1192,2227708302598526437,c36e360743e70194,15
training,7103.0,1193.0,staggered_interactive,1193,4859133470014709425,0e5068b75ce5e643,15
training,7103.0,1194.0,short_jobs,1194,3134096094819610524,903bdaf088d174e9,15
training,7103.0,1195.0,long_jobs,1195,6409582668810362908,dfe15b4d8b5432d8,15
training,7103.0,1196.0,mixed,1196,1997692610731539200,dc4691ff8b2789e6,15
training,7103.0,1197.0,cpu_bursty,1197,6698972269747638021,6033031d95d478a4,15
training,7103.0,1198.0,priority_skewed,1198,1352295735405649679,e6d47883b0d2287d,15
training,7103.0,1199.0,staggered_interactive,1199,4398038184177933085,82db783ee35305a3,15
training,7104.0,0.0,short_jobs,0,4462253366437554255,d1736a8cd398b26a,15
training,7104.0,1.0,long_jobs,1,4601008601688191213,08831a9d8319fb23,15
training,7104.0,2.0,mixed,2,6731887755907664573,631b15fa7f5818b1,15
training,7104.0,3.0,cpu_bursty,3,1439480008930318229,3602ccdfa38bef28,15
training,7104.0,4.0,priority_skewed,4,5150346493438568802,7a800296ae3fb0a4,15
training,7104.0,5.0,staggered_interactive,5,7545214139203085314,4f8b9a86cde3058f,15
training,7104.0,6.0,short_jobs,6,4551727790541275781,0250ef8b110d0f0c,15
training,7104.0,7.0,long_jobs,7,3714579106353740907,89cb62843096ec5d,15
training,7104.0,8.0,mixed,8,2236665181999501164,0e0b09206f7ed0e5,15
training,7104.0,9.0,cpu_bursty,9,8728819870103737022,d76836d2630a43de,15
training,7104.0,10.0,priority_skewed,10,4604598255196671769,522695c65bbb2a58,15
training,7104.0,11.0,staggered_interactive,11,4790672375254900362,80379b333a0e718c,15
training,7104.0,12.0,short_jobs,12,5454859236127262654,76236a658fc632cc,15
training,7104.0,13.0,long_jobs,13,8062159749343652542,8f29b73d1a0768a1,15
training,7104.0,14.0,mixed,14,6744780213642560746,f29f56df63bf0ec8,15
training,7104.0,15.0,cpu_bursty,15,7863753635446318670,a57559aab718e244,15
training,7104.0,16.0,priority_skewed,16,2326025416285090841,4e3cb814a0853276,15
training,7104.0,17.0,staggered_interactive,17,2211469630619137764,4a59a2b8bde6d83a,15
training,7104.0,18.0,short_jobs,18,4941952407962178756,5d3bff5334458b96,15
training,7104.0,19.0,long_jobs,19,90108955081950406,566da37cedf761ff,15
training,7104.0,20.0,mixed,20,4805557275409192383,9d17abf9820be6f4,15
training,7104.0,21.0,cpu_bursty,21,5182221988848853604,9bb540505ac5cd73,15
training,7104.0,22.0,priority_skewed,22,1719942973329316519,451f20b53fc41df1,15
training,7104.0,23.0,staggered_interactive,23,8640278139189921665,7e4b5505919bf514,15
training,7104.0,24.0,short_jobs,24,8426512433917614701,4410b55632fe9d56,15
training,7104.0,25.0,long_jobs,25,1189421307514818155,55811d9872f46cec,15
training,7104.0,26.0,mixed,26,115832893029691261,a4f9746db3bad597,15
training,7104.0,27.0,cpu_bursty,27,8871526569858812402,2df1deb3e12dac8f,15
training,7104.0,28.0,priority_skewed,28,5020573695432897751,f1929d75f1b958ed,15
training,7104.0,29.0,staggered_interactive,29,3036443824552381231,ca1b5a49833e1cb3,15
training,7104.0,30.0,short_jobs,30,5832370409888257976,7a838bb3c2e5b7d6,15
training,7104.0,31.0,long_jobs,31,355404101767234608,97785d524b279572,15
training,7104.0,32.0,mixed,32,5835772670195331414,c3c475aa75ae0dba,15
training,7104.0,33.0,cpu_bursty,33,490740853815519576,8b51b2e6bb314036,15
training,7104.0,34.0,priority_skewed,34,7240307401564961830,1285b1ae2daa9861,15
training,7104.0,35.0,staggered_interactive,35,3541006843882941572,b5a2335de01a13f4,15
training,7104.0,36.0,short_jobs,36,1134206378741714052,0c5bc33cadbea50a,15
training,7104.0,37.0,long_jobs,37,9090714733212991058,1cbed2641463d696,15
training,7104.0,38.0,mixed,38,2257237646614521711,bcde91cd7ab054b6,15
training,7104.0,39.0,cpu_bursty,39,5827972477063888939,f69ddc1162db6d57,15
training,7104.0,40.0,priority_skewed,40,8995312330621978407,192e78aa7f7a718a,15
training,7104.0,41.0,staggered_interactive,41,7050692865163126827,1a956e55d544e75f,15
training,7104.0,42.0,short_jobs,42,6063377506585532138,209844ad9bb4e2ae,15
training,7104.0,43.0,long_jobs,43,1088565324031604499,1cf0702fb98b9656,15
training,7104.0,44.0,mixed,44,8602706530631941485,1756b0427f2423b3,15
training,7104.0,45.0,cpu_bursty,45,5656050989217593562,77f4f2ff9a3a184b,15
training,7104.0,46.0,priority_skewed,46,2547750925956233724,aaa8a2deb4e4395e,15
training,7104.0,47.0,staggered_interactive,47,7813470075121981449,bea0b6a4a4fc47f6,15
training,7104.0,48.0,short_jobs,48,4708569247971883555,a9b4889d279cb3f0,15
training,7104.0,49.0,long_jobs,49,3403315608708052413,87bf2da95576a263,15
training,7104.0,50.0,mixed,50,6710670484938870811,6d2c8319815a54c4,15
training,7104.0,51.0,cpu_bursty,51,7455431216361320302,03d0e4cfe2a85c21,15
training,7104.0,52.0,priority_skewed,52,5861773090551378332,c6fd2bf6518d376b,15
training,7104.0,53.0,staggered_interactive,53,6150589230126902724,951e4e182c265c97,15
training,7104.0,54.0,short_jobs,54,9111761870071153118,2ce4755b76a100cd,15
training,7104.0,55.0,long_jobs,55,2399001845232355660,d55fa575ff099ef2,15
training,7104.0,56.0,mixed,56,8041308506443376641,cc9a0bedc6105734,15
training,7104.0,57.0,cpu_bursty,57,3874062530606290081,9da4155f79ab1238,15
training,7104.0,58.0,priority_skewed,58,182434345975953709,b7871f57cbbb3839,15
training,7104.0,59.0,staggered_interactive,59,7786936959911723769,1bbf0fc4eb91aff6,15
training,7104.0,60.0,short_jobs,60,5283010070613579214,8421722dcee88db9,15
training,7104.0,61.0,long_jobs,61,8493194668543132851,f77f7a467d05f1ee,15
training,7104.0,62.0,mixed,62,3827330194342218144,49d3119aefdd1565,15
training,7104.0,63.0,cpu_bursty,63,2381919274035166858,b561d6954379d060,15
training,7104.0,64.0,priority_skewed,64,3880389314249016523,a95a689ad96d8b63,15
training,7104.0,65.0,staggered_interactive,65,3915542186137509567,77da7c6410ea8e1e,15
training,7104.0,66.0,short_jobs,66,4703530629515892668,6941527bf2cf05a6,15
training,7104.0,67.0,long_jobs,67,3428712544062192919,5d851e1f9e6006bc,15
training,7104.0,68.0,mixed,68,4228765846698930588,4bac3561bf272283,15
training,7104.0,69.0,cpu_bursty,69,819975492957570232,e7e73d59af530754,15
training,7104.0,70.0,priority_skewed,70,2096809056113364321,1cd37200ea06e0fe,15
training,7104.0,71.0,staggered_interactive,71,6925669044183118779,8e41771c5f70cbb1,15
training,7104.0,72.0,short_jobs,72,7750064302448969514,95a44cf8ce3cb458,15
training,7104.0,73.0,long_jobs,73,6090768568756460914,0480277051b341a8,15
training,7104.0,74.0,mixed,74,6420428485613449565,f9c991476d5e0ee9,15
training,7104.0,75.0,cpu_bursty,75,6103338708144041253,401006decc2bb66c,15
training,7104.0,76.0,priority_skewed,76,3022839375537562623,4e94c4b6f0b38335,15
training,7104.0,77.0,staggered_interactive,77,4524420035819146606,d1833b24236b8e2f,15
training,7104.0,78.0,short_jobs,78,5803612207509763945,adf2ac959c7873c7,15
training,7104.0,79.0,long_jobs,79,675248843207085700,2eac84fb2e29cf21,15
training,7104.0,80.0,mixed,80,8445613710098000674,927af7a22a1ef755,15
training,7104.0,81.0,cpu_bursty,81,6408387347982815062,5ce540caea156b6b,15
training,7104.0,82.0,priority_skewed,82,3178094037176397811,ffef15a962cf8e06,15
training,7104.0,83.0,staggered_interactive,83,7560982949743709714,938a48c198afdbf5,15
training,7104.0,84.0,short_jobs,84,9059628975160596175,3e3b288aa34c0ca6,15
training,7104.0,85.0,long_jobs,85,4323285258063162555,9a60247e07ac629b,15
training,7104.0,86.0,mixed,86,92193860884177910,f27f8de475fe6042,15
training,7104.0,87.0,cpu_bursty,87,2950600483373376076,37badc159a2ac115,15
training,7104.0,88.0,priority_skewed,88,8127999455011100444,fa4ab4247cebc645,15
training,7104.0,89.0,staggered_interactive,89,7617631199538082795,9696cbe59aaf08eb,15
training,7104.0,90.0,short_jobs,90,2585761136694931752,2525c187268f3d8e,15
training,7104.0,91.0,long_jobs,91,1333637238066420671,a86de87937d6f10c,15
training,7104.0,92.0,mixed,92,2375108588456526649,6bf8e89def276371,15
training,7104.0,93.0,cpu_bursty,93,4876317653253180586,e4fc74d8d3394d30,15
training,7104.0,94.0,priority_skewed,94,1178175894577280970,7940fb1f964def9d,15
training,7104.0,95.0,staggered_interactive,95,4621712403390844078,9787eb866ea930eb,15
training,7104.0,96.0,short_jobs,96,1670992220763818966,551012d38904d3a6,15
training,7104.0,97.0,long_jobs,97,6194838880087042494,8bf226462710e485,15
training,7104.0,98.0,mixed,98,4577056625553941736,33defb5958e8a64b,15
training,7104.0,99.0,cpu_bursty,99,6862595985186360548,92ee3c64fa57d1f9,15
training,7104.0,100.0,priority_skewed,100,306659060339353010,81dd7373a85dca8c,15
training,7104.0,101.0,staggered_interactive,101,7911941835553544911,92eab3a00cbbcc71,15
training,7104.0,102.0,short_jobs,102,4666958692457831031,aed5ef3b80aa5fca,15
training,7104.0,103.0,long_jobs,103,2173304771847258985,b55fcebe73a1f885,15
training,7104.0,104.0,mixed,104,8356624091881400192,3659ed6ff7a94078,15
training,7104.0,105.0,cpu_bursty,105,6585605655714884078,73ca8faae9ccd13c,15
training,7104.0,106.0,priority_skewed,106,7804905288431495619,ab4419f55b65290e,15
training,7104.0,107.0,staggered_interactive,107,4100388034280039837,fb8fcc54c8a8af7e,15
training,7104.0,108.0,short_jobs,108,2799204740040915599,eea2d60020b13813,15
training,7104.0,109.0,long_jobs,109,8011179931854124479,cdc664b3c7657e30,15
training,7104.0,110.0,mixed,110,4705413224911538350,8d3e01f7702ecb7e,15
training,7104.0,111.0,cpu_bursty,111,3471983998313383449,aa3772ba9f663e14,15
training,7104.0,112.0,priority_skewed,112,543161147626703184,15055bff2dab9582,15
training,7104.0,113.0,staggered_interactive,113,6492371651753700579,13816b93c571878a,15
training,7104.0,114.0,short_jobs,114,7172365402457856384,feecf5ebda848384,15
training,7104.0,115.0,long_jobs,115,2625590206633660152,ce8ca3b34581b620,15
training,7104.0,116.0,mixed,116,7559017792645054162,0f938dcfe5cd4b59,15
training,7104.0,117.0,cpu_bursty,117,1324333442796153013,e0268cb6f2a349a4,15
training,7104.0,118.0,priority_skewed,118,1986868424249478586,aed13d1626495e57,15
training,7104.0,119.0,staggered_interactive,119,4143440822901294108,e4b43de8a16cc622,15
training,7104.0,120.0,short_jobs,120,4247422313393166012,5f4c66a7679db2f9,15
training,7104.0,121.0,long_jobs,121,4419597388497863388,b12fbeecb7a0e443,15
training,7104.0,122.0,mixed,122,539274614026108513,fd0ee29fc0382ed0,15
training,7104.0,123.0,cpu_bursty,123,5378079077327596127,c025782e7cc84f4e,15
training,7104.0,124.0,priority_skewed,124,5262273178421410681,b978f9ab914611b1,15
training,7104.0,125.0,staggered_interactive,125,1708641591427903160,c75584dc720f0105,15
training,7104.0,126.0,short_jobs,126,6301124081282751462,b32f75c47cf2d152,15
training,7104.0,127.0,long_jobs,127,1527011030866556887,d34c8e6df39ab8ec,15
training,7104.0,128.0,mixed,128,4248813261581374483,1ac20eb94db57aa4,15
training,7104.0,129.0,cpu_bursty,129,5386659509780409287,d3f1a6aeae36f847,15
training,7104.0,130.0,priority_skewed,130,8489917282080129613,4cd5a145e73797f8,15
training,7104.0,131.0,staggered_interactive,131,6431385489985542101,8488858db6791f42,15
training,7104.0,132.0,short_jobs,132,4831522802016632835,16613a26dcca1e24,15
training,7104.0,133.0,long_jobs,133,6054566033716757491,9f3699622233d837,15
training,7104.0,134.0,mixed,134,6256617266338268867,87e5c6247138c3bb,15
training,7104.0,135.0,cpu_bursty,135,6877730563638048486,3ffd5ba3e38a5c88,15
training,7104.0,136.0,priority_skewed,136,2048743847387160592,17c4a4e8f7b113da,15
training,7104.0,137.0,staggered_interactive,137,7639201786001622789,65e31707194a4b3d,15
training,7104.0,138.0,short_jobs,138,8801801752559393181,4d5127514aec755d,15
training,7104.0,139.0,long_jobs,139,4133088294369840049,ba33dcf2d8d0a6f9,15
training,7104.0,140.0,mixed,140,5090066148613700045,bb7acf2f6284c2ba,15
training,7104.0,141.0,cpu_bursty,141,1959663970700377889,0434b2d2b7f15c1b,15
training,7104.0,142.0,priority_skewed,142,7057524108535157940,601770f03fda93d8,15
training,7104.0,143.0,staggered_interactive,143,2598663826903175921,6a287203a9785443,15
training,7104.0,144.0,short_jobs,144,2192725957756792778,6ab871bcdbc29d9b,15
training,7104.0,145.0,long_jobs,145,2400918895623541464,af2b590a4b74d117,15
training,7104.0,146.0,mixed,146,8416568215830668613,eacea6b3d6f110c1,15
training,7104.0,147.0,cpu_bursty,147,3623104912960199575,2c61307b6c612277,15
training,7104.0,148.0,priority_skewed,148,6162770802808691292,78e16cdff20d7f51,15
training,7104.0,149.0,staggered_interactive,149,8509418876565325616,ca29cd4497e40cf7,15
training,7104.0,150.0,short_jobs,150,1700514958523067275,49976d34e9a699cc,15
training,7104.0,151.0,long_jobs,151,113335747830835843,4de9cf289e246b6e,15
training,7104.0,152.0,mixed,152,1121775829823193695,2948037bce3cb945,15
training,7104.0,153.0,cpu_bursty,153,4863960001034368304,72e0da25bfc9b85e,15
training,7104.0,154.0,priority_skewed,154,4739003857947055832,baac8a290eb8f6d0,15
training,7104.0,155.0,staggered_interactive,155,5240378307901140125,6e7252fc23c9d945,15
training,7104.0,156.0,short_jobs,156,5032970800719533709,9a254991fdf09af8,15
training,7104.0,157.0,long_jobs,157,6280015339886078519,a6744893d7886797,15
training,7104.0,158.0,mixed,158,3530474734934083761,c472d4954fd963c7,15
training,7104.0,159.0,cpu_bursty,159,3062149699490223896,fa2b9395dbf4673a,15
training,7104.0,160.0,priority_skewed,160,5415730235210496470,617e8167cf4e27fa,15
training,7104.0,161.0,staggered_interactive,161,4438191723479088298,0d36206c2b1959c9,15
training,7104.0,162.0,short_jobs,162,2124513473111355311,759bd3154ccd9cff,15
training,7104.0,163.0,long_jobs,163,4465610587092996404,b602abfa0b7c4817,15
training,7104.0,164.0,mixed,164,8485774093623270344,109c3e25b8f90fc3,15
training,7104.0,165.0,cpu_bursty,165,4823667023596749504,8a3fde63efe185ae,15
training,7104.0,166.0,priority_skewed,166,1987813654447207588,cede803d72e31611,15
training,7104.0,167.0,staggered_interactive,167,3714691764093731882,94adb09802c687f3,15
training,7104.0,168.0,short_jobs,168,1403228428603680954,32a08c880d70e259,15
training,7104.0,169.0,long_jobs,169,7037946892679865170,5cd637f530206aa0,15
training,7104.0,170.0,mixed,170,9127779590884092925,71dd5f37b2a781ae,15
training,7104.0,171.0,cpu_bursty,171,1199325183465252376,c189630acb2f4754,15
training,7104.0,172.0,priority_skewed,172,970662079920428915,9dcdf52d4fb29f16,15
training,7104.0,173.0,staggered_interactive,173,2846004443231800153,ba5e6c8349815ed5,15
training,7104.0,174.0,short_jobs,174,8112596436172157067,d660a1efd11577ec,15
training,7104.0,175.0,long_jobs,175,8287630338824927844,9ee8f7028ac8a13b,15
training,7104.0,176.0,mixed,176,655390504305219824,11577140f747ef79,15
training,7104.0,177.0,cpu_bursty,177,8002341961278375651,497e6bff8781d659,15
training,7104.0,178.0,priority_skewed,178,4374713867372326747,3147abb0d87974c3,15
training,7104.0,179.0,staggered_interactive,179,7900479437152783689,0e11e727d76a1471,15
training,7104.0,180.0,short_jobs,180,1253038397217434858,9e110ab0a9437954,15
training,7104.0,181.0,long_jobs,181,7237993370166355434,4754058ede9d0f7e,15
training,7104.0,182.0,mixed,182,3288361767608863512,961fc2b750427182,15
training,7104.0,183.0,cpu_bursty,183,1691247515216315576,018815ac8094ce50,15
training,7104.0,184.0,priority_skewed,184,2256978629250202696,fd3c15b45c865d1d,15
training,7104.0,185.0,staggered_interactive,185,2682452979048813694,7c393c311b31b6c0,15
training,7104.0,186.0,short_jobs,186,5535569058693516091,cea2b29ac38f5046,15
training,7104.0,187.0,long_jobs,187,1005163358346035645,f7f8f1d8a9604efa,15
training,7104.0,188.0,mixed,188,1272596550639037651,5de549147d58d93c,15
training,7104.0,189.0,cpu_bursty,189,824280545858996204,29cb1f14693fec9c,15
training,7104.0,190.0,priority_skewed,190,1245560442322884196,76301e2e4d2560c0,15
training,7104.0,191.0,staggered_interactive,191,1667608148964435165,51303ebb4cd5dbad,15
training,7104.0,192.0,short_jobs,192,5235387553069081424,fb6196c416e5119a,15
training,7104.0,193.0,long_jobs,193,1913995360807482586,820e46735faf2814,15
training,7104.0,194.0,mixed,194,4692168414270694546,e8bcd50b3760145d,15
training,7104.0,195.0,cpu_bursty,195,8895710078904536168,79f9f04cfec78369,15
training,7104.0,196.0,priority_skewed,196,732521579559772582,06beddaeccaf2a3a,15
training,7104.0,197.0,staggered_interactive,197,7235925405740633407,955ac23ceb7f110c,15
training,7104.0,198.0,short_jobs,198,6757838528477495538,df79c5eb5ebc7cb4,15
training,7104.0,199.0,long_jobs,199,427174960489351485,164f8fd1b4b72cb7,15
training,7104.0,200.0,mixed,200,5022895927722943735,f5689df67d8c989c,15
training,7104.0,201.0,cpu_bursty,201,1274572384761219793,1e863d286655adf4,15
training,7104.0,202.0,priority_skewed,202,1438655311466291573,8e9edd25fcce2221,15
training,7104.0,203.0,staggered_interactive,203,3548710226906569996,7132042ef023277b,15
training,7104.0,204.0,short_jobs,204,2615102855424891170,bd3c373ef12b9cb7,15
training,7104.0,205.0,long_jobs,205,8872241355256312714,7db63c3620664a8d,15
training,7104.0,206.0,mixed,206,3744981526634295041,6d40dc6240fde108,15
training,7104.0,207.0,cpu_bursty,207,9182397114597275741,222626016a9ab706,15
training,7104.0,208.0,priority_skewed,208,3545879918304113042,2cd44c97de49c1b1,15
training,7104.0,209.0,staggered_interactive,209,676101484894153396,8ff6d08d3be00413,15
training,7104.0,210.0,short_jobs,210,9081596707123320400,4c6a9f5edb4fb491,15
training,7104.0,211.0,long_jobs,211,7332901852936172679,92c0373152160911,15
training,7104.0,212.0,mixed,212,3777993270878120212,22ee1fb7509965de,15
training,7104.0,213.0,cpu_bursty,213,3415673666285279585,99bbea33278afbf1,15
training,7104.0,214.0,priority_skewed,214,7891475319555705371,b8c6247ac5482ad3,15
training,7104.0,215.0,staggered_interactive,215,655682379835122904,d5fcc922ccbe0637,15
training,7104.0,216.0,short_jobs,216,4088182012260171305,f64bb634a1b5c200,15
training,7104.0,217.0,long_jobs,217,7564578199135877131,94ed356ba647fc42,15
training,7104.0,218.0,mixed,218,3657461556221904263,4c3cfb4109f1f333,15
training,7104.0,219.0,cpu_bursty,219,5792057719769257733,8ba71ad003a78a7c,15
training,7104.0,220.0,priority_skewed,220,91045277622402046,8937d1fedd10e7dc,15
training,7104.0,221.0,staggered_interactive,221,1752116492965767492,9cf5d1ab7a86b7bb,15
training,7104.0,222.0,short_jobs,222,2868066781887112747,0e9f955b91d31888,15
training,7104.0,223.0,long_jobs,223,7539421425098048891,afe22d335fdb8d83,15
training,7104.0,224.0,mixed,224,6204945391625944826,43289fa277a526bd,15
training,7104.0,225.0,cpu_bursty,225,84675741921041081,aea4433d9d465377,15
training,7104.0,226.0,priority_skewed,226,837261244275574491,0d85c220bdb1822c,15
training,7104.0,227.0,staggered_interactive,227,396575359081911917,0a37559a4e95c0e8,15
training,7104.0,228.0,short_jobs,228,2380943884471705200,87a341e5149d8312,15
training,7104.0,229.0,long_jobs,229,6432611865951150922,7f861e780fb2f51d,15
training,7104.0,230.0,mixed,230,1682171217589760997,37af60df675ee091,15
training,7104.0,231.0,cpu_bursty,231,3126745448140641173,575ef407dd400d85,15
training,7104.0,232.0,priority_skewed,232,8865642257967422846,4b575ef80bfe2c5a,15
training,7104.0,233.0,staggered_interactive,233,2794383711779269627,89e35c3767fcd393,15
training,7104.0,234.0,short_jobs,234,7709625863172539848,96b2d53dfaef044c,15
training,7104.0,235.0,long_jobs,235,4308173227224608627,79d2f9a67631cf2f,15
training,7104.0,236.0,mixed,236,1978536336355623026,30099630bcd56f1f,15
training,7104.0,237.0,cpu_bursty,237,6475534283410314957,319b1cbad3d932b7,15
training,7104.0,238.0,priority_skewed,238,524173758252848971,7523a8714d3fa4fb,15
training,7104.0,239.0,staggered_interactive,239,376852343262482975,630737620177444b,15
training,7104.0,240.0,short_jobs,240,8863750018348008838,47915dd0026abe8b,15
training,7104.0,241.0,long_jobs,241,5326023230645495203,eea2980ba1eb3bac,15
training,7104.0,242.0,mixed,242,7100280547378781487,0dbf9d75518874f9,15
training,7104.0,243.0,cpu_bursty,243,3385750674299844192,68a220c5408de3f2,15
training,7104.0,244.0,priority_skewed,244,1502585491245627573,a27d70cfbcb07942,15
training,7104.0,245.0,staggered_interactive,245,6192422174854183727,4e626d7736084043,15
training,7104.0,246.0,short_jobs,246,340702795211327707,fd1f893c896780d2,15
training,7104.0,247.0,long_jobs,247,6645909402410136982,a033ae2a6c797e9a,15
training,7104.0,248.0,mixed,248,5721662569087242047,78cdd2b446496647,15
training,7104.0,249.0,cpu_bursty,249,7184248191912036578,45328ca6aad33da3,15
training,7104.0,250.0,priority_skewed,250,4969010769083130032,e6a4a98cc3f5546b,15
training,7104.0,251.0,staggered_interactive,251,1310487356123722222,f254622f03ed95d5,15
training,7104.0,252.0,short_jobs,252,6276009197726203510,e2b1678dd106faa5,15
training,7104.0,253.0,long_jobs,253,3029216579841612184,333c98c24f12712e,15
training,7104.0,254.0,mixed,254,403731398436717373,642c338beb2c30d5,15
training,7104.0,255.0,cpu_bursty,255,2493561886175503525,0de37fdecf346c08,15
training,7104.0,256.0,priority_skewed,256,6029231298182228407,6b9a56f49215c602,15
training,7104.0,257.0,staggered_interactive,257,2496574940571432976,d83a165f45123d3c,15
training,7104.0,258.0,short_jobs,258,5425721242593166822,c5fddb5ff403d709,15
training,7104.0,259.0,long_jobs,259,1096294219789094891,50c255435f6e7308,15
training,7104.0,260.0,mixed,260,2283738058936923730,cd3318bc00f9a45d,15
training,7104.0,261.0,cpu_bursty,261,5736712502917483862,a1c050d2cb7959d7,15
training,7104.0,262.0,priority_skewed,262,6992257960980151573,1050c3722d948ade,15
training,7104.0,263.0,staggered_interactive,263,3455975383706247922,22d1394c51344ec2,15
training,7104.0,264.0,short_jobs,264,4010241010271706764,fc539e76ef9b5639,15
training,7104.0,265.0,long_jobs,265,2884781152675072491,8c51c5797d48cdf8,15
training,7104.0,266.0,mixed,266,7875831587673694344,90ccae3702bf3806,15
training,7104.0,267.0,cpu_bursty,267,5863537796863887649,26e7f4e7cd4a63d4,15
training,7104.0,268.0,priority_skewed,268,571891922869753993,931319e64f020d70,15
training,7104.0,269.0,staggered_interactive,269,3074998701728444751,8a0ec97a269b10fc,15
training,7104.0,270.0,short_jobs,270,7948542277421906249,6bbf61ceabc5cce7,15
training,7104.0,271.0,long_jobs,271,3756791228017304561,56838e63b78d3d1d,15
training,7104.0,272.0,mixed,272,7396235814470686406,cfa1a6607da09752,15
training,7104.0,273.0,cpu_bursty,273,136874416967182219,c95fd639aee44408,15
training,7104.0,274.0,priority_skewed,274,4221497066140464198,3bb6b459ac4bdfc5,15
training,7104.0,275.0,staggered_interactive,275,5609110892089956484,4d9b61a2e42957c0,15
training,7104.0,276.0,short_jobs,276,2836268050550161803,507e3fc495ee1a1d,15
training,7104.0,277.0,long_jobs,277,4715767819743089434,d3a638758c706eb2,15
training,7104.0,278.0,mixed,278,796683878419447546,6d2511766c40d03b,15
training,7104.0,279.0,cpu_bursty,279,6973759209673170097,3239acc1b4a6d6fc,15
training,7104.0,280.0,priority_skewed,280,1621055305538135902,012b65f11c54186d,15
training,7104.0,281.0,staggered_interactive,281,7037581526472699061,4637a59e7371b520,15
training,7104.0,282.0,short_jobs,282,2237686943943176527,e656951cc2f848b3,15
training,7104.0,283.0,long_jobs,283,6676513903888634638,f1481c4a6e5dc22a,15
training,7104.0,284.0,mixed,284,8075924946416437145,492f69b0d359b339,15
training,7104.0,285.0,cpu_bursty,285,8387188478579875759,522454a192465935,15
training,7104.0,286.0,priority_skewed,286,348495892557268615,b60656f807f5cb7c,15
training,7104.0,287.0,staggered_interactive,287,5890853194630625175,73adfc92b34967a7,15
training,7104.0,288.0,short_jobs,288,6625611241874849763,39a47cbb3a091734,15
training,7104.0,289.0,long_jobs,289,2691247838027857441,c09da28c4731e9fc,15
training,7104.0,290.0,mixed,290,7046064014507978339,edd5129cc2e249ee,15
training,7104.0,291.0,cpu_bursty,291,2501318524775937031,60e33bc53d06b3f8,15
training,7104.0,292.0,priority_skewed,292,3261370150790292623,95d30fbeeb8e2cdd,15
training,7104.0,293.0,staggered_interactive,293,6131088268546185272,bd8540539f87c549,15
training,7104.0,294.0,short_jobs,294,2592489343099961462,99fa1d6ba056ac44,15
training,7104.0,295.0,long_jobs,295,3219485229375914148,12a59796eb00dc13,15
training,7104.0,296.0,mixed,296,7096053131718780405,edfd2f98d5c71572,15
training,7104.0,297.0,cpu_bursty,297,1533449802868462168,2e53a20b40afd592,15
training,7104.0,298.0,priority_skewed,298,8831688863471480510,4389439636422ebf,15
training,7104.0,299.0,staggered_interactive,299,8792259696281637719,487c7ffa0c6b09ff,15
training,7104.0,300.0,short_jobs,300,667379811875768948,3af4e35a83d1318b,15
training,7104.0,301.0,long_jobs,301,2955176833399343855,f0d50758ad3fdef2,15
training,7104.0,302.0,mixed,302,1416983123590818022,54c946bb6e9f594a,15
training,7104.0,303.0,cpu_bursty,303,1533318123858970732,86be5c3c0465ea05,15
training,7104.0,304.0,priority_skewed,304,3584049750641229998,c8d64d6c48386202,15
training,7104.0,305.0,staggered_interactive,305,8384824039752496348,f49cdf97253cdcb1,15
training,7104.0,306.0,short_jobs,306,8150356917118720457,afe1f3980b60088d,15
training,7104.0,307.0,long_jobs,307,7829686904162099750,45d5946c10b94caf,15
training,7104.0,308.0,mixed,308,4494815917434539699,dc863edd7e8f4597,15
training,7104.0,309.0,cpu_bursty,309,7147479512354445317,079f8efd32a5ac28,15
training,7104.0,310.0,priority_skewed,310,42676826993910095,f5e5350175059ca5,15
training,7104.0,311.0,staggered_interactive,311,3873818808041747333,faec385b86b0a738,15
training,7104.0,312.0,short_jobs,312,3338241794144697169,97fcb802ebe289de,15
training,7104.0,313.0,long_jobs,313,8584216742061719787,ea163b92294af443,15
training,7104.0,314.0,mixed,314,7222461012045577840,b505bc748cc9315a,15
training,7104.0,315.0,cpu_bursty,315,4220175422244756906,2dc2fbb2ef9169bf,15
training,7104.0,316.0,priority_skewed,316,149106541260860376,50af90d44bf2c79d,15
training,7104.0,317.0,staggered_interactive,317,5975126088033565868,320da671f8ccf6f3,15
training,7104.0,318.0,short_jobs,318,1945686721388870843,46d9456751346693,15
training,7104.0,319.0,long_jobs,319,4351135323818651509,652cfa893a9f6ce1,15
training,7104.0,320.0,mixed,320,3112620594276701160,ba90495bd98f34b7,15
training,7104.0,321.0,cpu_bursty,321,2810330416712205385,db966b0410637a44,15
training,7104.0,322.0,priority_skewed,322,2107790010912380123,aaeb149e7a506a7c,15
training,7104.0,323.0,staggered_interactive,323,767661141356969718,95917f69960fe3eb,15
training,7104.0,324.0,short_jobs,324,7500528457843942074,f4258e097643c896,15
training,7104.0,325.0,long_jobs,325,4979349250612634956,655de8ee679a70eb,15
training,7104.0,326.0,mixed,326,4940773044404842170,21ec67bc9d631c1c,15
training,7104.0,327.0,cpu_bursty,327,431938629454149067,aff9e31c08bd9cc2,15
training,7104.0,328.0,priority_skewed,328,6549204078933391988,734c1b550a5d3947,15
training,7104.0,329.0,staggered_interactive,329,8500860270878893301,6e15c3a7ed26da9c,15
training,7104.0,330.0,short_jobs,330,701429790602408172,294abe9d190482dd,15
training,7104.0,331.0,long_jobs,331,4755451879865688198,277af28903d72990,15
training,7104.0,332.0,mixed,332,2351415931461959586,59029df4e2dfd412,15
training,7104.0,333.0,cpu_bursty,333,2897665420402410174,ae36c75eecae4e53,15
training,7104.0,334.0,priority_skewed,334,2999556630876954892,5fa9f261fe8a003c,15
training,7104.0,335.0,staggered_interactive,335,6401157137471789162,d240e5b5c24985a9,15
training,7104.0,336.0,short_jobs,336,3237712807057105096,a987240cd8e1af4d,15
training,7104.0,337.0,long_jobs,337,4946453201081532978,0f45dd3302458cb1,15
training,7104.0,338.0,mixed,338,6549045716778668140,7fe6eeb4b2016fb5,15
training,7104.0,339.0,cpu_bursty,339,7784523049947906894,07d1df0080a609ff,15
training,7104.0,340.0,priority_skewed,340,7255922271911324335,0399a7a21f30ff92,15
training,7104.0,341.0,staggered_interactive,341,8167473157106039725,276e3b42606388e7,15
training,7104.0,342.0,short_jobs,342,4537208353982529918,15eb9a7eaa8661e6,15
training,7104.0,343.0,long_jobs,343,8990493207048148404,155ebbe7dbfccb3a,15
training,7104.0,344.0,mixed,344,6767470356684277892,b884437cf1e8d2a3,15
training,7104.0,345.0,cpu_bursty,345,5844357022116177490,e372f19a90e1d3be,15
training,7104.0,346.0,priority_skewed,346,5183444610661971247,8bed80efc85e6786,15
training,7104.0,347.0,staggered_interactive,347,8738766403121132963,379e7a0b0976ab7b,15
training,7104.0,348.0,short_jobs,348,3075166164873663221,4cec69b6ec13ef08,15
training,7104.0,349.0,long_jobs,349,5839839672333388139,c6f0bed14ff79c9a,15
training,7104.0,350.0,mixed,350,8764021790133016271,dfcd72ab92304611,15
training,7104.0,351.0,cpu_bursty,351,7479584615916584225,b5520cabad83f195,15
training,7104.0,352.0,priority_skewed,352,2677441936939497682,e6cf83ec6c664b7d,15
training,7104.0,353.0,staggered_interactive,353,7130509347701310905,dd9b22b0ac8e9bbc,15
training,7104.0,354.0,short_jobs,354,7330020618062536283,03a7b4846c41f25c,15
training,7104.0,355.0,long_jobs,355,1914145951057331062,ff36182d1c135313,15
training,7104.0,356.0,mixed,356,3888926274180027291,f5021aae88ce98b4,15
training,7104.0,357.0,cpu_bursty,357,7451527075173446825,d1b9a7af3b67e7c7,15
training,7104.0,358.0,priority_skewed,358,3148992548449701096,8d7c8de05ef281f7,15
training,7104.0,359.0,staggered_interactive,359,3653805809856476004,b146d9f5c687defc,15
training,7104.0,360.0,short_jobs,360,8644515787407439367,1ab3e8cba1293915,15
training,7104.0,361.0,long_jobs,361,3405730127204009512,216c2946e7060b4f,15
training,7104.0,362.0,mixed,362,8438316219567224683,aa1b6e0f9c731e65,15
training,7104.0,363.0,cpu_bursty,363,5462287289334436310,563d5c60b93232ba,15
training,7104.0,364.0,priority_skewed,364,6030230974432294385,c617b29a3a73f327,15
training,7104.0,365.0,staggered_interactive,365,8364020914608344004,0e1569b89c2834b0,15
training,7104.0,366.0,short_jobs,366,7165366626490663727,c587c33a7ac0bf26,15
training,7104.0,367.0,long_jobs,367,32973790736050791,89ef2750ec1ed32e,15
training,7104.0,368.0,mixed,368,1252065472968052231,999746c4cfd2bf97,15
training,7104.0,369.0,cpu_bursty,369,2359313819737218611,1c18833a75473558,15
training,7104.0,370.0,priority_skewed,370,8309681703633836101,73440bb37f15eab0,15
training,7104.0,371.0,staggered_interactive,371,1248794493697192035,cd47388d54a682b5,15
training,7104.0,372.0,short_jobs,372,8872728178737512108,065122da212f427f,15
training,7104.0,373.0,long_jobs,373,6457673628979041568,f5ebf7c4332a0044,15
training,7104.0,374.0,mixed,374,8037138726465377882,0cf93e277cd99d04,15
training,7104.0,375.0,cpu_bursty,375,3278581713276941951,c77f3a0ad99f0a7b,15
training,7104.0,376.0,priority_skewed,376,1797838913077964849,56493ab0c269f774,15
training,7104.0,377.0,staggered_interactive,377,6755392501841656775,9f71247b57884efa,15
training,7104.0,378.0,short_jobs,378,8894573910306290907,ba75880dfdd30ca0,15
training,7104.0,379.0,long_jobs,379,5097805676345941944,a3bd8e656f7b2c7f,15
training,7104.0,380.0,mixed,380,3845027749553365458,1343f21885eb5ec8,15
training,7104.0,381.0,cpu_bursty,381,8775713840928625562,0226d5d0cc6e15e6,15
training,7104.0,382.0,priority_skewed,382,294462965395061897,589245575cc9876b,15
training,7104.0,383.0,staggered_interactive,383,2158685614566672456,82a60f7076d293ac,15
training,7104.0,384.0,short_jobs,384,1836340040547075049,757424210f4b5b72,15
training,7104.0,385.0,long_jobs,385,441568154536574627,92b547d8e33e0b96,15
training,7104.0,386.0,mixed,386,1016031986973660345,e6f95404932b888c,15
training,7104.0,387.0,cpu_bursty,387,2720629271245148900,6a4056ccd4614d55,15
training,7104.0,388.0,priority_skewed,388,4335754465968638050,5b18f62829a3fae9,15
training,7104.0,389.0,staggered_interactive,389,6698249364494504011,a42f3457ac51c65d,15
training,7104.0,390.0,short_jobs,390,7626612987398179671,43bc4ba1957f99e3,15
training,7104.0,391.0,long_jobs,391,6835596354909159437,8ba1c0df5a316337,15
training,7104.0,392.0,mixed,392,38799662700236213,76e951da602d54eb,15
training,7104.0,393.0,cpu_bursty,393,8101656480714706764,9d246649bd9f8382,15
training,7104.0,394.0,priority_skewed,394,8327433207554165603,8524d843215d7096,15
training,7104.0,395.0,staggered_interactive,395,3749690326839778464,36c6e56f963bb300,15
training,7104.0,396.0,short_jobs,396,5949727387881118505,55e289bcc4c6695e,15
training,7104.0,397.0,long_jobs,397,8820417854384699947,ad21d544ef6aa3d7,15
training,7104.0,398.0,mixed,398,8527110767701689344,74029708e6ee3081,15
training,7104.0,399.0,cpu_bursty,399,2057619479131637060,066f95d7bef9e75d,15
training,7104.0,400.0,priority_skewed,400,288524460447712562,e57f2cb96d5d9a83,15
training,7104.0,401.0,staggered_interactive,401,1213548488377964619,be17a84c48aaeeca,15
training,7104.0,402.0,short_jobs,402,6161945707893099465,36abbee1b69f45ba,15
training,7104.0,403.0,long_jobs,403,8730704927541691895,5c2e89a6174900d0,15
training,7104.0,404.0,mixed,404,2467341511056454355,04cfc10fdd7b9b8b,15
training,7104.0,405.0,cpu_bursty,405,468461015902793844,a555304b8dc26df2,15
training,7104.0,406.0,priority_skewed,406,8070355978743488260,7837ff009960c225,15
training,7104.0,407.0,staggered_interactive,407,5944045153578744449,4ad73b4a343b6a55,15
training,7104.0,408.0,short_jobs,408,3750881619361177678,f350bdd4067d726b,15
training,7104.0,409.0,long_jobs,409,4157354793490762859,61e2c0d92960df25,15
training,7104.0,410.0,mixed,410,8000829903076431912,d95be2b41a980238,15
training,7104.0,411.0,cpu_bursty,411,618951696734404519,a8b802ef29b6c7e8,15
training,7104.0,412.0,priority_skewed,412,5942033043458563983,8dea9a3428a220b0,15
training,7104.0,413.0,staggered_interactive,413,2063280038037769371,5a3691a3cb66dd6b,15
training,7104.0,414.0,short_jobs,414,391132218323472240,3462e19023d7f5d7,15
training,7104.0,415.0,long_jobs,415,1292323756194300073,7987fff2ae5d399c,15
training,7104.0,416.0,mixed,416,3475189655672831536,8e6493ce2854ed55,15
training,7104.0,417.0,cpu_bursty,417,8709269329646985158,fbe358a9a9b46f3c,15
training,7104.0,418.0,priority_skewed,418,2341681283322939412,09b34b459685058c,15
training,7104.0,419.0,staggered_interactive,419,3514810381810397752,ec8dd7a558e96ee3,15
training,7104.0,420.0,short_jobs,420,1506109941039010527,9b10d47d038f78bb,15
training,7104.0,421.0,long_jobs,421,8435951408978697477,ec45853ebe6d8ec6,15
training,7104.0,422.0,mixed,422,6711113863325267029,1884334e1e34b272,15
training,7104.0,423.0,cpu_bursty,423,5289721735488530626,a41efcf205ef5c34,15
training,7104.0,424.0,priority_skewed,424,6518501526779650117,79a10ac1dc8884bc,15
training,7104.0,425.0,staggered_interactive,425,5784154663264226743,b304ca4ee83ac6af,15
training,7104.0,426.0,short_jobs,426,675024699918092432,189a3b1de531823e,15
training,7104.0,427.0,long_jobs,427,7661277178471510187,c98c0efba49eb6c5,15
training,7104.0,428.0,mixed,428,2130098968180467947,44e01bfa6eb69e3a,15
training,7104.0,429.0,cpu_bursty,429,8778205141495016446,484c120a5b2d0ee0,15
training,7104.0,430.0,priority_skewed,430,5044958932487134254,865dcb799c09af05,15
training,7104.0,431.0,staggered_interactive,431,7912362222650546013,e240359cfbed7830,15
training,7104.0,432.0,short_jobs,432,1615373143743163609,9ec3e67f2014461b,15
training,7104.0,433.0,long_jobs,433,1042186463314217344,c7a9c8f0d5233949,15
training,7104.0,434.0,mixed,434,4099692942158194602,cb9f5af0cf3065d0,15
training,7104.0,435.0,cpu_bursty,435,7677338111766559921,8d3621ba753020bd,15
training,7104.0,436.0,priority_skewed,436,4890380905782951216,b762c13f84413e8d,15
training,7104.0,437.0,staggered_interactive,437,106565402163036482,1189b5ae24f9c6e1,15
training,7104.0,438.0,short_jobs,438,6656381344210238614,48b8749a50f9df9a,15
training,7104.0,439.0,long_jobs,439,1465505181093971825,08a7e16ca07953f9,15
training,7104.0,440.0,mixed,440,3364916650150298744,a0667269d70cf932,15
training,7104.0,441.0,cpu_bursty,441,8141983250811155002,15b787e0fd08c2be,15
training,7104.0,442.0,priority_skewed,442,3349049411425839900,240b193530c97da1,15
training,7104.0,443.0,staggered_interactive,443,3107849965001319438,f26ba9968c7acc95,15
training,7104.0,444.0,short_jobs,444,1733722977732259715,497714ecfe83e4f6,15
training,7104.0,445.0,long_jobs,445,9044540955801213718,4f7d1a24bdf85ede,15
training,7104.0,446.0,mixed,446,4292273269681922824,3cb38159b78af744,15
training,7104.0,447.0,cpu_bursty,447,4976454552613788576,4b11aeda8eeb3cc2,15
training,7104.0,448.0,priority_skewed,448,9019497291681355322,2bdddc0df6c94f96,15
training,7104.0,449.0,staggered_interactive,449,7460541607027164012,dba5bf2ae8fb272c,15
training,7104.0,450.0,short_jobs,450,2876144772989691668,26348ebf0006413d,15
training,7104.0,451.0,long_jobs,451,4616264124356309906,68e62868ccae3ac0,15
training,7104.0,452.0,mixed,452,2805486313604420262,ec65b28f9aed755d,15
training,7104.0,453.0,cpu_bursty,453,575818327791227105,d5291943c0ad4b11,15
training,7104.0,454.0,priority_skewed,454,2790284069579236044,a741010983b9ca7d,15
training,7104.0,455.0,staggered_interactive,455,3449480503173223672,bb218d3ff9648061,15
training,7104.0,456.0,short_jobs,456,1055339555204663758,fb984452a100420b,15
training,7104.0,457.0,long_jobs,457,3144020200514198398,b73968974bd49843,15
training,7104.0,458.0,mixed,458,8556128469709947650,7b44832c8f96afa0,15
training,7104.0,459.0,cpu_bursty,459,1613549893515241902,b2c78467beca8307,15
training,7104.0,460.0,priority_skewed,460,8255235949434848001,0f27810f78a37bbc,15
training,7104.0,461.0,staggered_interactive,461,8699167884004298806,874e6808593f58ae,15
training,7104.0,462.0,short_jobs,462,6477778631869964893,5aa9ceeff48549b4,15
training,7104.0,463.0,long_jobs,463,4889715697783064635,703ec8afba2b1762,15
training,7104.0,464.0,mixed,464,4519559634144633753,57e0913aabd81e3e,15
training,7104.0,465.0,cpu_bursty,465,7224030068811210290,0f455f395ef4fe10,15
training,7104.0,466.0,priority_skewed,466,5582894464747650151,cd8102d06322837c,15
training,7104.0,467.0,staggered_interactive,467,2827450665258401554,633dfa49936405c1,15
training,7104.0,468.0,short_jobs,468,3367829043819738174,a4e4113a9416f544,15
training,7104.0,469.0,long_jobs,469,5686101917181170315,c9c7770321aac8c7,15
training,7104.0,470.0,mixed,470,5994818273854893037,112b41a8ba927e1e,15
training,7104.0,471.0,cpu_bursty,471,717118619267222987,fba747014e23dd9a,15
training,7104.0,472.0,priority_skewed,472,8240303845514613422,744f789d9f9e546b,15
training,7104.0,473.0,staggered_interactive,473,6597586068962511800,f07a22bda05fb650,15
training,7104.0,474.0,short_jobs,474,5705139514637258585,3facfcc571c59e87,15
training,7104.0,475.0,long_jobs,475,3228944687906168749,c2d6ac5e9550078b,15
training,7104.0,476.0,mixed,476,4277787259899249506,b916b61354af0077,15
training,7104.0,477.0,cpu_bursty,477,3789645877429231585,bd718edafd4dbcf3,15
training,7104.0,478.0,priority_skewed,478,2431266847851696948,e592478a0534fbfb,15
training,7104.0,479.0,staggered_interactive,479,8356583902672536568,f99ceb1452003bea,15
training,7104.0,480.0,short_jobs,480,5867368937902514938,e9180873f1ee09f8,15
training,7104.0,481.0,long_jobs,481,5191234130081349533,6caaea2d760de36a,15
training,7104.0,482.0,mixed,482,3619905043149719246,1277cfc8e202af4d,15
training,7104.0,483.0,cpu_bursty,483,7973926403990258636,13e4f18dab386a1b,15
training,7104.0,484.0,priority_skewed,484,9195171694083244002,e6e49b69b98c2c29,15
training,7104.0,485.0,staggered_interactive,485,1143719141705349349,8f33628cbf9a3391,15
training,7104.0,486.0,short_jobs,486,7343035720045227107,60618a7cbd56c2c1,15
training,7104.0,487.0,long_jobs,487,7114888061510328900,10234bbd4ceb990c,15
training,7104.0,488.0,mixed,488,2780715973768951468,2b726ed00e300979,15
training,7104.0,489.0,cpu_bursty,489,6315231935320167585,ebffa67cce928350,15
training,7104.0,490.0,priority_skewed,490,7713203150301367815,1fa9bd3ea008ea72,15
training,7104.0,491.0,staggered_interactive,491,4632083184223215473,58128026409ec574,15
training,7104.0,492.0,short_jobs,492,6814906174357117385,4988727a1df70151,15
training,7104.0,493.0,long_jobs,493,7995251237273122649,04eeb824cafb6382,15
training,7104.0,494.0,mixed,494,595512299136052877,e2ef40ddf3f1ebf3,15
training,7104.0,495.0,cpu_bursty,495,3253186872119918279,a8f6d26187721cdd,15
training,7104.0,496.0,priority_skewed,496,1759448747290648636,5572cd9ce38d58a5,15
training,7104.0,497.0,staggered_interactive,497,2318600499567973632,67c79c67c9c8b051,15
training,7104.0,498.0,short_jobs,498,7557034121126404388,8887d4bb87cac0c8,15
training,7104.0,499.0,long_jobs,499,1633049353557591542,dec00c4f389b1e4f,15
training,7104.0,500.0,mixed,500,3932284371130365259,d31bc2a9d6aa36fc,15
training,7104.0,501.0,cpu_bursty,501,5319570933329215847,fcb76ac36f028cb9,15
training,7104.0,502.0,priority_skewed,502,7031809104976791738,60a50c2c58001f10,15
training,7104.0,503.0,staggered_interactive,503,4485788884927237842,c4c39e9f4d9306a4,15
training,7104.0,504.0,short_jobs,504,2520636127441278939,eb9f02ae26027a57,15
training,7104.0,505.0,long_jobs,505,5141800641634833235,1af88826f3f39efc,15
training,7104.0,506.0,mixed,506,5811638083571378548,a723ef903e13bc98,15
training,7104.0,507.0,cpu_bursty,507,4648470075817117631,109816629ab43129,15
training,7104.0,508.0,priority_skewed,508,5572033479598519725,3b007d44b47f07d3,15
training,7104.0,509.0,staggered_interactive,509,2353757082759473890,6897873e7c69f616,15
training,7104.0,510.0,short_jobs,510,5653366204925446095,02ba8f89f0512907,15
training,7104.0,511.0,long_jobs,511,7190605121811540113,db3516a370f2b9f8,15
training,7104.0,512.0,mixed,512,615017354933863101,ea6578284107ecf3,15
training,7104.0,513.0,cpu_bursty,513,1775971260204821780,4a9365f9bfa12676,15
training,7104.0,514.0,priority_skewed,514,1569718174503460019,27d66fa0ff2bcf17,15
training,7104.0,515.0,staggered_interactive,515,4043372241341520104,11d243cb3e49f698,15
training,7104.0,516.0,short_jobs,516,6499651548407717718,e2c834725beb20ab,15
training,7104.0,517.0,long_jobs,517,5604653839940181790,f648c3175ad1bd41,15
training,7104.0,518.0,mixed,518,8515670592426083273,9b10e99628368310,15
training,7104.0,519.0,cpu_bursty,519,4311286405933629530,262e3ef796e7693c,15
training,7104.0,520.0,priority_skewed,520,2547466681565313115,53c8e57802971813,15
training,7104.0,521.0,staggered_interactive,521,5930524211805203127,0fb6323c34066f43,15
training,7104.0,522.0,short_jobs,522,4771551435113937324,e643f3f08d4e8ebd,15
training,7104.0,523.0,long_jobs,523,2687134400989895305,90198ca67c66d672,15
training,7104.0,524.0,mixed,524,628446584134059952,d852389ec59f5e6e,15
training,7104.0,525.0,cpu_bursty,525,9135325309631174263,acbd583ce3f5d8ad,15
training,7104.0,526.0,priority_skewed,526,9179140278266420812,f26bf862516cef0e,15
training,7104.0,527.0,staggered_interactive,527,2802808675732968693,3339d2bcf7929053,15
training,7104.0,528.0,short_jobs,528,8063819062726449135,1ba729533700c64a,15
training,7104.0,529.0,long_jobs,529,7659794545481755471,52f6000d57d34d12,15
training,7104.0,530.0,mixed,530,8632829563077194232,1ade6c1ee0636640,15
training,7104.0,531.0,cpu_bursty,531,3191423259671135869,40ad89b23f2669a9,15
training,7104.0,532.0,priority_skewed,532,1735524426159412622,148e86a7fdbed606,15
training,7104.0,533.0,staggered_interactive,533,1836021923456400269,dfded9ded2c20403,15
training,7104.0,534.0,short_jobs,534,7938982666045252954,6e2623a629faf78a,15
training,7104.0,535.0,long_jobs,535,8542423653232413283,4102e4ef4a280c92,15
training,7104.0,536.0,mixed,536,8008398908911393738,64ae2af331337c56,15
training,7104.0,537.0,cpu_bursty,537,8646837926291863403,a9d1605885d44b01,15
training,7104.0,538.0,priority_skewed,538,1642383883792094960,db64834f2b19be7f,15
training,7104.0,539.0,staggered_interactive,539,3170848719254398775,ddb4b5bfd1585bfe,15
training,7104.0,540.0,short_jobs,540,6192487219343346677,1c360e6aa0404414,15
training,7104.0,541.0,long_jobs,541,8261923971986588183,070dc11c5cc0e0d6,15
training,7104.0,542.0,mixed,542,5195147418782984461,ec0a349ea9958ce0,15
training,7104.0,543.0,cpu_bursty,543,3080936658229285427,2fff43de41464242,15
training,7104.0,544.0,priority_skewed,544,4515053300994674409,6fc5441066e26105,15
training,7104.0,545.0,staggered_interactive,545,4034455976701467482,74813af865de51c1,15
training,7104.0,546.0,short_jobs,546,7784881072156191434,4916829261160359,15
training,7104.0,547.0,long_jobs,547,7724817159627019711,fac6b881ea06aa8c,15
training,7104.0,548.0,mixed,548,6167428270388741021,120f37edff569d20,15
training,7104.0,549.0,cpu_bursty,549,7761130691590329754,85e0d785913b40fb,15
training,7104.0,550.0,priority_skewed,550,5552680957886846734,429ab8d009cbcfd9,15
training,7104.0,551.0,staggered_interactive,551,6842150366803684241,59918122319e4388,15
training,7104.0,552.0,short_jobs,552,3929004782635179882,f311a9da569fea1e,15
training,7104.0,553.0,long_jobs,553,1146345145841627078,65398981f846cc6c,15
training,7104.0,554.0,mixed,554,6134838238614122191,fc2dfb6341309262,15
training,7104.0,555.0,cpu_bursty,555,2675393804608595406,0eae3186c7479824,15
training,7104.0,556.0,priority_skewed,556,8066927468728143961,7ea9298c00f6ea56,15
training,7104.0,557.0,staggered_interactive,557,252544179865404399,55c3fd7c36cd6a46,15
training,7104.0,558.0,short_jobs,558,3092899236312277297,7fe235d8ae67aa5f,15
training,7104.0,559.0,long_jobs,559,8278855951846652569,c79f3038b7532bcc,15
training,7104.0,560.0,mixed,560,8749634254858387680,42b3b6cc00e71fce,15
training,7104.0,561.0,cpu_bursty,561,5105209949590106005,35ffe31b62314386,15
training,7104.0,562.0,priority_skewed,562,9052795699315272875,d694a8ee3764c5bc,15
training,7104.0,563.0,staggered_interactive,563,5478088734527440475,efadad32658a3b53,15
training,7104.0,564.0,short_jobs,564,5952296444012705864,c7990eedbcc755a3,15
training,7104.0,565.0,long_jobs,565,4931971424495080700,be3b66fe29ac13b8,15
training,7104.0,566.0,mixed,566,5551417996932602603,f9abee151e81e7c7,15
training,7104.0,567.0,cpu_bursty,567,3049997377203383998,e3fbc78347993f4c,15
training,7104.0,568.0,priority_skewed,568,8558493341620967652,366b3004ef32e38a,15
training,7104.0,569.0,staggered_interactive,569,1457461577673828421,01648375263b3e28,15
training,7104.0,570.0,short_jobs,570,1167519686815054377,e61583f9b3a78848,15
training,7104.0,571.0,long_jobs,571,170950128465136538,8226a4beacf56408,15
training,7104.0,572.0,mixed,572,8582137814676519527,4b6cbf7fdd1f6c8f,15
training,7104.0,573.0,cpu_bursty,573,8498070714437064005,47ff97ed166d1ee2,15
training,7104.0,574.0,priority_skewed,574,6124367747903925433,9ceab408fe70a5aa,15
training,7104.0,575.0,staggered_interactive,575,4310518335709367542,465b3ead450c6fb3,15
training,7104.0,576.0,short_jobs,576,5459539255106277739,72f590a99a01a7ff,15
training,7104.0,577.0,long_jobs,577,2650027650368410177,65b7d12266daf36a,15
training,7104.0,578.0,mixed,578,4238023962556360714,7149dca0bb80a9a8,15
training,7104.0,579.0,cpu_bursty,579,6841609107127930802,2186b91b730d4628,15
training,7104.0,580.0,priority_skewed,580,5634865791313406548,d68c692dcf69fead,15
training,7104.0,581.0,staggered_interactive,581,470818354015151454,b796f5858ad9fde3,15
training,7104.0,582.0,short_jobs,582,6291759106011905969,f9396d184ab77754,15
training,7104.0,583.0,long_jobs,583,4248913345447166450,fa7948519a922256,15
training,7104.0,584.0,mixed,584,68409025776754530,06cd2347c2bb3e1b,15
training,7104.0,585.0,cpu_bursty,585,2022244893820457842,bac6541878d646ad,15
training,7104.0,586.0,priority_skewed,586,674928229942965459,d85ea3799d6290f7,15
training,7104.0,587.0,staggered_interactive,587,1427395030929727408,b49bc54fb7ae004a,15
training,7104.0,588.0,short_jobs,588,7250099599546186248,76b7ffb3f8c05af0,15
training,7104.0,589.0,long_jobs,589,7799353212434872906,947f65453a7f5558,15
training,7104.0,590.0,mixed,590,7880500741354840236,f33ea74007c1bc3b,15
training,7104.0,591.0,cpu_bursty,591,8665709607727256386,3ebfa91a5fe8bc65,15
training,7104.0,592.0,priority_skewed,592,2709980856249560912,af4ad091c6fa1e2e,15
training,7104.0,593.0,staggered_interactive,593,9046986006043353505,ef3ab3053bdc2d5e,15
training,7104.0,594.0,short_jobs,594,2871397414148255563,7adddc34735b2ca3,15
training,7104.0,595.0,long_jobs,595,9057891596663716572,d707bed31b24e0d9,15
training,7104.0,596.0,mixed,596,2893584446027214383,6a144bb23aaff1f7,15
training,7104.0,597.0,cpu_bursty,597,666436237071213930,c78734bf8a067e14,15
training,7104.0,598.0,priority_skewed,598,8212636416627429623,a2377876e7f264d2,15
training,7104.0,599.0,staggered_interactive,599,6327404438559890715,5fa4b0b3cb4fb560,15
training,7104.0,600.0,short_jobs,600,5500228538205846505,2fc23b65329a7d0f,15
training,7104.0,601.0,long_jobs,601,4781295103605607403,d142536608ccf637,15
training,7104.0,602.0,mixed,602,7267727909524877535,6e3085ae9b766493,15
training,7104.0,603.0,cpu_bursty,603,991046655277506874,991c6174820cda6f,15
training,7104.0,604.0,priority_skewed,604,3986311319953045653,2fb3fa016246181e,15
training,7104.0,605.0,staggered_interactive,605,3821111635458527116,c8b9d1d7dd99ec3d,15
training,7104.0,606.0,short_jobs,606,6804576151161406346,b3dfd00a9c3db8f1,15
training,7104.0,607.0,long_jobs,607,1353628529106422534,a72d5dd70d081122,15
training,7104.0,608.0,mixed,608,6823647487569023173,aa8513d4e47072df,15
training,7104.0,609.0,cpu_bursty,609,8179622028192579295,13cc759aba4c3396,15
training,7104.0,610.0,priority_skewed,610,4064260721680149982,5bf9d644e1df171e,15
training,7104.0,611.0,staggered_interactive,611,7114042646799062567,63658278d8d1b515,15
training,7104.0,612.0,short_jobs,612,2567722117800648747,f832423a6399ffdd,15
training,7104.0,613.0,long_jobs,613,8620688245675548674,136d48c542b3bd47,15
training,7104.0,614.0,mixed,614,8220551336870051753,37b359ab254c8e6d,15
training,7104.0,615.0,cpu_bursty,615,2091557592653615421,6c5ae29eea6e6f1f,15
training,7104.0,616.0,priority_skewed,616,7971452023154115584,5865a9fb07c0d5ce,15
training,7104.0,617.0,staggered_interactive,617,122432250471603832,35c709229fc9c4ab,15
training,7104.0,618.0,short_jobs,618,8106079198895074744,579a939aab033cf7,15
training,7104.0,619.0,long_jobs,619,4022874734937306594,cbd04e009fb2280b,15
training,7104.0,620.0,mixed,620,4142153999779334220,45bf63846a3909d3,15
training,7104.0,621.0,cpu_bursty,621,828843649583944698,0f342bd4e06318ec,15
training,7104.0,622.0,priority_skewed,622,2450676702349828247,86ef2a946611895a,15
training,7104.0,623.0,staggered_interactive,623,5065583697702497238,d0011ed625263317,15
training,7104.0,624.0,short_jobs,624,3497739186300515194,551284f1eae83546,15
training,7104.0,625.0,long_jobs,625,5034369070624625758,3118e83ba4dde828,15
training,7104.0,626.0,mixed,626,7895736333830233273,f2e2618a0460dba6,15
training,7104.0,627.0,cpu_bursty,627,8698415172101478766,517316956920e8ee,15
training,7104.0,628.0,priority_skewed,628,1272265207110623746,4c229c4d85a7d404,15
training,7104.0,629.0,staggered_interactive,629,378807750355191509,4640cd5c18c51c89,15
training,7104.0,630.0,short_jobs,630,1370211046991537053,ea30305eb517f30f,15
training,7104.0,631.0,long_jobs,631,7379294694216745496,40a0c3f78fa47e39,15
training,7104.0,632.0,mixed,632,4005499732246169604,2dc8d114c0b9d2e0,15
training,7104.0,633.0,cpu_bursty,633,8651658866413061389,92e536601cdac8f7,15
training,7104.0,634.0,priority_skewed,634,630048499184266060,33e9a9a3c8adcbbd,15
training,7104.0,635.0,staggered_interactive,635,400005762462475696,e0da9184f03fcc70,15
training,7104.0,636.0,short_jobs,636,5662637553154907693,c95b3a102d6a7a25,15
training,7104.0,637.0,long_jobs,637,8126074664788659010,20bcdfa8c9ad2eee,15
training,7104.0,638.0,mixed,638,5949489971346205013,38953ac26b8f52f6,15
training,7104.0,639.0,cpu_bursty,639,4587658103536696612,f1678b6944878dd6,15
training,7104.0,640.0,priority_skewed,640,7375215032036041435,1173d131774518bb,15
training,7104.0,641.0,staggered_interactive,641,1096506215798340782,891eb7e06caa4f54,15
training,7104.0,642.0,short_jobs,642,4018767417419513753,63d035fb7b423c22,15
training,7104.0,643.0,long_jobs,643,6507401107614091999,d9b640571373999f,15
training,7104.0,644.0,mixed,644,2440095218464819129,7ade3cbe2103332b,15
training,7104.0,645.0,cpu_bursty,645,7086147229531503342,c7be40ceef494e1f,15
training,7104.0,646.0,priority_skewed,646,5902548860815005798,b42cf8d1554007f2,15
training,7104.0,647.0,staggered_interactive,647,2263902607283750056,4d27a779cc9a5717,15
training,7104.0,648.0,short_jobs,648,2130048987580265602,87b7ee874b382baa,15
training,7104.0,649.0,long_jobs,649,5910384833242808811,8dac3f00b921f38d,15
training,7104.0,650.0,mixed,650,6519690056194293822,a949306b5f241f99,15
training,7104.0,651.0,cpu_bursty,651,247647166614156093,c548c1985c28d525,15
training,7104.0,652.0,priority_skewed,652,7885143267812365632,48bddeaeb58771df,15
training,7104.0,653.0,staggered_interactive,653,7989466826005351122,c61a3e2e2c6e1035,15
training,7104.0,654.0,short_jobs,654,1465736226547706704,211d6b30bcb6936d,15
training,7104.0,655.0,long_jobs,655,3363794484209722232,3e95f39bb99a5c59,15
training,7104.0,656.0,mixed,656,570565275651117037,5134533a9f6b5b4d,15
training,7104.0,657.0,cpu_bursty,657,790378304320927251,d0ded243c1ef9cd5,15
training,7104.0,658.0,priority_skewed,658,5381651907201517731,380d76a37f3e7002,15
training,7104.0,659.0,staggered_interactive,659,536470965217448985,f14d685001106675,15
training,7104.0,660.0,short_jobs,660,1717835515226499825,799a76d08f809f32,15
training,7104.0,661.0,long_jobs,661,3113461005337163692,af7b4110763fdfbb,15
training,7104.0,662.0,mixed,662,5307128582651952091,cab007e12166f0a0,15
training,7104.0,663.0,cpu_bursty,663,1698524450899470153,5e90d63c0a0d9ac3,15
training,7104.0,664.0,priority_skewed,664,4938462120047835706,8c957dd837bdde5d,15
training,7104.0,665.0,staggered_interactive,665,7188856276291732617,b24eda8b3c4dc9d9,15
training,7104.0,666.0,short_jobs,666,5104371403184869552,c11b98c88f1de7ad,15
training,7104.0,667.0,long_jobs,667,2971303466687875895,55efe39230a0c286,15
training,7104.0,668.0,mixed,668,5705009486828379426,99f88f7d9057ca46,15
training,7104.0,669.0,cpu_bursty,669,1529028093453619141,36dcf12e86db95e6,15
training,7104.0,670.0,priority_skewed,670,1429314871726316830,14f69be3872dc84f,15
training,7104.0,671.0,staggered_interactive,671,2715051980990425083,75dbc555f3e54c81,15
training,7104.0,672.0,short_jobs,672,2956817858179781405,2084ec2c237893d9,15
training,7104.0,673.0,long_jobs,673,8470567064502645822,5d3d47f0fe195f62,15
training,7104.0,674.0,mixed,674,8241100844365408817,c553bf4b12456a5e,15
training,7104.0,675.0,cpu_bursty,675,828264474899473468,43422ffcb0ebc5ca,15
training,7104.0,676.0,priority_skewed,676,284774227101408953,69a633f0cf5b1f99,15
training,7104.0,677.0,staggered_interactive,677,6150180896342668288,87da0074ab5e64d7,15
training,7104.0,678.0,short_jobs,678,4331932870556433164,09634e1d55b6bfe5,15
training,7104.0,679.0,long_jobs,679,5215994271212589589,e83672b188ce1a9f,15
training,7104.0,680.0,mixed,680,5389072248231364760,7ad9f63a05ebbd6d,15
training,7104.0,681.0,cpu_bursty,681,4430258125545427602,5c59ad5bc22cf44b,15
training,7104.0,682.0,priority_skewed,682,1967416511412242058,f8d59e98c7fed1f9,15
training,7104.0,683.0,staggered_interactive,683,5031223102155721319,48012f5bd87dc811,15
training,7104.0,684.0,short_jobs,684,9051173500287810608,686ef68730b89d2d,15
training,7104.0,685.0,long_jobs,685,9038853837406456835,067f077ee730c55a,15
training,7104.0,686.0,mixed,686,194006466046204838,1f85efefe3f95fc9,15
training,7104.0,687.0,cpu_bursty,687,6230482173152356734,cc5f816f2d0d7d77,15
training,7104.0,688.0,priority_skewed,688,5990853463674391384,d574f37a62b06484,15
training,7104.0,689.0,staggered_interactive,689,7649154953125135747,00f0e9953792b4a5,15
training,7104.0,690.0,short_jobs,690,924997304690016305,cce7b22a6dc61fef,15
training,7104.0,691.0,long_jobs,691,2572432984560161352,0e7548056f9c8f70,15
training,7104.0,692.0,mixed,692,1281347804333959078,f5a00a123aaff582,15
training,7104.0,693.0,cpu_bursty,693,2963273460585203865,319ab54ac9d5ca7f,15
training,7104.0,694.0,priority_skewed,694,4122495478207979046,26d08005751cd24b,15
training,7104.0,695.0,staggered_interactive,695,8565758262574954753,7773acfdf649b958,15
training,7104.0,696.0,short_jobs,696,4217311498671634942,bda4bc45933735f7,15
training,7104.0,697.0,long_jobs,697,1502797643823052706,dd94c2cdcf11f189,15
training,7104.0,698.0,mixed,698,6981730401655239223,233fd716f1dc5d4c,15
training,7104.0,699.0,cpu_bursty,699,9005116493191712993,f071fce3159956d8,15
training,7104.0,700.0,priority_skewed,700,3214497018753042020,c296a3b72d62e2c0,15
training,7104.0,701.0,staggered_interactive,701,6748773185991820618,0039639f51296c22,15
training,7104.0,702.0,short_jobs,702,2997950519875786819,33846cc3b758fcb6,15
training,7104.0,703.0,long_jobs,703,429415208836792726,0b8767356636322a,15
training,7104.0,704.0,mixed,704,5882007961417465536,dc0527aee391bd94,15
training,7104.0,705.0,cpu_bursty,705,7041271804670018371,8570bbdb135484a2,15
training,7104.0,706.0,priority_skewed,706,6179899569966228795,3b89046311858e2c,15
training,7104.0,707.0,staggered_interactive,707,1897813398465206495,84c97734d3566676,15
training,7104.0,708.0,short_jobs,708,3655915886698792579,1453aadc8c59c433,15
training,7104.0,709.0,long_jobs,709,8350949872072976486,04bb3657ca8281a4,15
training,7104.0,710.0,mixed,710,1001531699838868386,89262cbab6dc3b5c,15
training,7104.0,711.0,cpu_bursty,711,4170113698742803774,4a9588d88f5ea9a3,15
training,7104.0,712.0,priority_skewed,712,5572725749392335770,b1433e2d790c85b7,15
training,7104.0,713.0,staggered_interactive,713,2466561777491054476,abda5c692e16507d,15
training,7104.0,714.0,short_jobs,714,8240437841479024260,f02ca1adc12aaa2c,15
training,7104.0,715.0,long_jobs,715,3888555027772225734,c1b61bfb0798bf1c,15
training,7104.0,716.0,mixed,716,3708498693651374346,49286eb8f6e6e481,15
training,7104.0,717.0,cpu_bursty,717,8549329696584482337,ff30ed315f3777e5,15
training,7104.0,718.0,priority_skewed,718,2366445260220243673,c129924a95bdb873,15
training,7104.0,719.0,staggered_interactive,719,1436725882754405995,b55431cbee702c51,15
training,7104.0,720.0,short_jobs,720,3730248517457960068,cf2e9664eca126df,15
training,7104.0,721.0,long_jobs,721,8805786663627628207,d3efc9af90bc45ca,15
training,7104.0,722.0,mixed,722,668183251218687047,5d6d29ee000f46ab,15
training,7104.0,723.0,cpu_bursty,723,570094745121956718,31b7a32c134e1a36,15
training,7104.0,724.0,priority_skewed,724,4260443486977322045,f485f04247c2d927,15
training,7104.0,725.0,staggered_interactive,725,5195952733158088353,4e13effe89992450,15
training,7104.0,726.0,short_jobs,726,2498229879747950524,aa7ca6cd0d209081,15
training,7104.0,727.0,long_jobs,727,893800144961197999,83ae5d91810f95ff,15
training,7104.0,728.0,mixed,728,8320322720948957214,b9475113cad0f986,15
training,7104.0,729.0,cpu_bursty,729,8286655941632145594,ab6746d7f6322f53,15
training,7104.0,730.0,priority_skewed,730,5074011375955482902,ded11b3ed466ea44,15
training,7104.0,731.0,staggered_interactive,731,3635116133287156788,345684f546f745e3,15
training,7104.0,732.0,short_jobs,732,7651585002060526026,c514ce57dd5e46d2,15
training,7104.0,733.0,long_jobs,733,3377287113839861096,804ec7af650ca6f2,15
training,7104.0,734.0,mixed,734,5309287533351618592,4ce123729b28afb9,15
training,7104.0,735.0,cpu_bursty,735,7800730518459193794,ab3246b1e02ecab5,15
training,7104.0,736.0,priority_skewed,736,7279221942329116281,e9e31f7943d91109,15
training,7104.0,737.0,staggered_interactive,737,8452733459759882169,0014c7a973945510,15
training,7104.0,738.0,short_jobs,738,4466226546343399433,91c4ca31c39eb2ad,15
training,7104.0,739.0,long_jobs,739,7407639955313237010,f729c6e36b881227,15
training,7104.0,740.0,mixed,740,1784283606508508577,dcd29720ba84c9aa,15
training,7104.0,741.0,cpu_bursty,741,3473343701201329541,e332605e58716d0e,15
training,7104.0,742.0,priority_skewed,742,3295372019439727249,be9f08a597fc61ef,15
training,7104.0,743.0,staggered_interactive,743,803192487109385771,cab69a18351a89a8,15
training,7104.0,744.0,short_jobs,744,7767502328516738208,556eae7dce74d573,15
training,7104.0,745.0,long_jobs,745,616403235145908456,04315cb2b9416991,15
training,7104.0,746.0,mixed,746,2666748999142975616,f327fef6511a8472,15
training,7104.0,747.0,cpu_bursty,747,5167427658441381553,f211e8e679cfa95b,15
training,7104.0,748.0,priority_skewed,748,4746421821844522112,215ea9b702347150,15
training,7104.0,749.0,staggered_interactive,749,6864761611674924736,b34c00fd8e6c0b60,15
training,7104.0,750.0,short_jobs,750,8752226381668107770,bf16b559bf9b280a,15
training,7104.0,751.0,long_jobs,751,3800834454428364725,e964a75caf297428,15
training,7104.0,752.0,mixed,752,4693743300551760574,3bd74cc1cc3658e5,15
training,7104.0,753.0,cpu_bursty,753,8704936715784571163,a315a62df31d886e,15
training,7104.0,754.0,priority_skewed,754,2016686272616375573,ffe37a9bc4958a85,15
training,7104.0,755.0,staggered_interactive,755,3706073090302747212,42c58a7272b86d76,15
training,7104.0,756.0,short_jobs,756,7014139040411469850,6bcf43d2cbda1b94,15
training,7104.0,757.0,long_jobs,757,690561684616041671,d0a5d0df027882df,15
training,7104.0,758.0,mixed,758,4110838443049944066,fc69467ec24a5a0a,15
training,7104.0,759.0,cpu_bursty,759,1613969870426525304,d96f2523d8549433,15
training,7104.0,760.0,priority_skewed,760,7938130488968131824,5f8a86ee91ba59bd,15
training,7104.0,761.0,staggered_interactive,761,3499951337074324818,234306256631e11e,15
training,7104.0,762.0,short_jobs,762,3170732305842976072,da483b0ee4d088c4,15
training,7104.0,763.0,long_jobs,763,545108830386029936,74d906db84bf70c0,15
training,7104.0,764.0,mixed,764,2473041113533806466,3d06d7cbb29bf854,15
training,7104.0,765.0,cpu_bursty,765,332938345646420472,9bc0c15cf8451ad6,15
training,7104.0,766.0,priority_skewed,766,3787593154904150983,43341c229bfc5a03,15
training,7104.0,767.0,staggered_interactive,767,1353362888692796468,924a4c3e245ec822,15
training,7104.0,768.0,short_jobs,768,6130252400454946734,6d5af05f9e7a80b6,15
training,7104.0,769.0,long_jobs,769,2667210519938772498,9320bc9e4c830091,15
training,7104.0,770.0,mixed,770,1148044295107028309,56c439f419c19e68,15
training,7104.0,771.0,cpu_bursty,771,8969357942844486975,dd947c447fe35d25,15
training,7104.0,772.0,priority_skewed,772,4704254223591201860,90cbccb23688378d,15
training,7104.0,773.0,staggered_interactive,773,1851247786181319064,7110a46c3e2819d6,15
training,7104.0,774.0,short_jobs,774,8119154921613183444,cc350a7f28dcf567,15
training,7104.0,775.0,long_jobs,775,1963627135992977381,0c49f1f14b85af12,15
training,7104.0,776.0,mixed,776,304188125515439631,a1ffb288ede92448,15
training,7104.0,777.0,cpu_bursty,777,4309928593990732278,3d72311914c0c6ee,15
training,7104.0,778.0,priority_skewed,778,1351677399143712804,dd73f732503a75a1,15
training,7104.0,779.0,staggered_interactive,779,6396232775625521811,2218d74b9a886bc8,15
training,7104.0,780.0,short_jobs,780,3951674297744307655,f79ba0a4fa9a354c,15
training,7104.0,781.0,long_jobs,781,8995533701743787860,58f0a320dcfde9b5,15
training,7104.0,782.0,mixed,782,8625336738856920511,16243301e6ce53ff,15
training,7104.0,783.0,cpu_bursty,783,7188478939880634594,9600fc58f8ef46e5,15
training,7104.0,784.0,priority_skewed,784,1019692814756425350,4dff10984c8d49a2,15
training,7104.0,785.0,staggered_interactive,785,3522455968224458519,f9d30970c77c87b8,15
training,7104.0,786.0,short_jobs,786,8602703319228342866,b77f6bcf8c83ed4d,15
training,7104.0,787.0,long_jobs,787,7694312225594747,81bdc8c957675141,15
training,7104.0,788.0,mixed,788,759234032283017667,145406794351aee8,15
training,7104.0,789.0,cpu_bursty,789,4262933972477035084,750eb5d772ec0dbb,15
training,7104.0,790.0,priority_skewed,790,8465171229762028016,274ae4726f200009,15
training,7104.0,791.0,staggered_interactive,791,2115113218505837009,906708daa0936c8f,15
training,7104.0,792.0,short_jobs,792,481684703844255640,94c3285ad3a97dbf,15
training,7104.0,793.0,long_jobs,793,8823716048941975407,0eed9d6aac4ddf34,15
training,7104.0,794.0,mixed,794,3291749621176385717,4186aaf49ba6f9b6,15
training,7104.0,795.0,cpu_bursty,795,1903844652261631440,b14a4158cfb3ec51,15
training,7104.0,796.0,priority_skewed,796,6496244213329524310,b23200e176aac54f,15
training,7104.0,797.0,staggered_interactive,797,8533866540593349853,5629ae2c94e3251b,15
training,7104.0,798.0,short_jobs,798,5598803569217687892,3cdf16f23ef1a43c,15
training,7104.0,799.0,long_jobs,799,674334935885320567,c0c83f6f37b18308,15
training,7104.0,800.0,mixed,800,5858464849615247685,ddef416509f5b64b,15
training,7104.0,801.0,cpu_bursty,801,2922610225891436790,0bd50209130f2539,15
training,7104.0,802.0,priority_skewed,802,3411464369198644052,d9b5e46d01fc8408,15
training,7104.0,803.0,staggered_interactive,803,5669328207695682724,940a5be63db5ff88,15
training,7104.0,804.0,short_jobs,804,4308559381267852114,19442d882e0121d9,15
training,7104.0,805.0,long_jobs,805,7817839820577751304,e65d77ca7c5caff2,15
training,7104.0,806.0,mixed,806,1103366912654233170,cdbdca47f26d3138,15
training,7104.0,807.0,cpu_bursty,807,4719155734048087638,2c9debcc95eee7eb,15
training,7104.0,808.0,priority_skewed,808,5175162520166262206,1f4b61719490c07d,15
training,7104.0,809.0,staggered_interactive,809,889136364307597836,dea81e8ad94e4a6f,15
training,7104.0,810.0,short_jobs,810,429974716838524421,ad2d38abaf755ae6,15
training,7104.0,811.0,long_jobs,811,7248835228095748179,096da01d9ff10eaf,15
training,7104.0,812.0,mixed,812,1441583460592053751,2f4c8f36ebb6d9f9,15
training,7104.0,813.0,cpu_bursty,813,7965306504135418978,d3d6d25fe2a3e095,15
training,7104.0,814.0,priority_skewed,814,7240244992894503109,91dd27a2a8334ca5,15
training,7104.0,815.0,staggered_interactive,815,7049558626182196946,0e33a7e956fb3c28,15
training,7104.0,816.0,short_jobs,816,4508269141486774097,ae447a1eab96a50f,15
training,7104.0,817.0,long_jobs,817,1039974081955980588,73b669c10cd1c351,15
training,7104.0,818.0,mixed,818,7360517561621401999,e48d0054aa5414b5,15
training,7104.0,819.0,cpu_bursty,819,7428693642310432026,f76ddc87652c43c9,15
training,7104.0,820.0,priority_skewed,820,2619691937694709277,986709be11dd9d13,15
training,7104.0,821.0,staggered_interactive,821,2140322318255713792,7efb4c3cd192d9dd,15
training,7104.0,822.0,short_jobs,822,8482623675157958220,b949629081cd6816,15
training,7104.0,823.0,long_jobs,823,3446676390654858320,c6259f777024ea6f,15
training,7104.0,824.0,mixed,824,8400090617761573153,2fb0b2d231bfb13c,15
training,7104.0,825.0,cpu_bursty,825,7380340269334231286,695f415f1d21f13c,15
training,7104.0,826.0,priority_skewed,826,4291318039527410434,8b186877ec1045fa,15
training,7104.0,827.0,staggered_interactive,827,4708560702740564719,4810b899ac3e0981,15
training,7104.0,828.0,short_jobs,828,9181435073995149238,c46a27f6bbab4b93,15
training,7104.0,829.0,long_jobs,829,3496013269972090293,3d95962be0a393a4,15
training,7104.0,830.0,mixed,830,4952398822662580147,d5754c7c47557592,15
training,7104.0,831.0,cpu_bursty,831,7153322983908447661,f1a0339189dd1d51,15
training,7104.0,832.0,priority_skewed,832,8214644526924203847,7ef46532353cec7a,15
training,7104.0,833.0,staggered_interactive,833,7325127067049961073,9df843b33e099fd9,15
training,7104.0,834.0,short_jobs,834,5322629301482976898,b886313f6a3d94be,15
training,7104.0,835.0,long_jobs,835,2089084343105783557,d85730ddab6ee78f,15
training,7104.0,836.0,mixed,836,4764901027474304610,4ac513586878a427,15
training,7104.0,837.0,cpu_bursty,837,4770232792839607500,1705b0370002618a,15
training,7104.0,838.0,priority_skewed,838,6375954219807192210,96371992fbe51df2,15
training,7104.0,839.0,staggered_interactive,839,5968733521266640326,a9c4410c4185a87d,15
training,7104.0,840.0,short_jobs,840,904007335910964257,3d17b48390936521,15
training,7104.0,841.0,long_jobs,841,5815559223311063665,f2b0accad16bb670,15
training,7104.0,842.0,mixed,842,6056418762038609625,a0321087801ef10e,15
training,7104.0,843.0,cpu_bursty,843,1600054184687202000,ee730f8fbede11cc,15
training,7104.0,844.0,priority_skewed,844,7420702455638948478,8202688c2a26fe17,15
training,7104.0,845.0,staggered_interactive,845,3415341892737157704,50551f3272dcbbd5,15
training,7104.0,846.0,short_jobs,846,4045551497834626720,5bb1eea08c637e7e,15
training,7104.0,847.0,long_jobs,847,36665321476142538,cfc96253cad5a2c4,15
training,7104.0,848.0,mixed,848,3921512241994970953,6fbab3c702023747,15
training,7104.0,849.0,cpu_bursty,849,3894425523838994446,dd5dfc7ae27ebcd2,15
training,7104.0,850.0,priority_skewed,850,4290871749909404173,afce50e5dbe9d314,15
training,7104.0,851.0,staggered_interactive,851,2384756650848910176,9b322f2f6d15abed,15
training,7104.0,852.0,short_jobs,852,4103195531610862755,7c7edb06dc646d3e,15
training,7104.0,853.0,long_jobs,853,3275296625387126309,d57293f70f69a6b6,15
training,7104.0,854.0,mixed,854,5826204997560545126,0023ec87d272b8ec,15
training,7104.0,855.0,cpu_bursty,855,4598958027952049103,f456a4331d321e98,15
training,7104.0,856.0,priority_skewed,856,762991401067234260,c003e3828846cdc7,15
training,7104.0,857.0,staggered_interactive,857,5664008922782583253,f79bf6a7d9944847,15
training,7104.0,858.0,short_jobs,858,3380391694879430952,9fa4b4b3e9b1a7f3,15
training,7104.0,859.0,long_jobs,859,8832656596090310909,888f90eef8842175,15
training,7104.0,860.0,mixed,860,8611447720320254788,31804cec5df07b4b,15
training,7104.0,861.0,cpu_bursty,861,7533270847744599390,4e8d5445d188f9f1,15
training,7104.0,862.0,priority_skewed,862,1571159280152656038,37e2f94e3454bd6c,15
training,7104.0,863.0,staggered_interactive,863,3247359656023347875,46bdd5451633a00e,15
training,7104.0,864.0,short_jobs,864,8176301431554061551,f7d29e2eef70e64f,15
training,7104.0,865.0,long_jobs,865,423737953535480818,a170f4a7f8aa50ea,15
training,7104.0,866.0,mixed,866,7050031136075852171,8dfe78024e61ff9c,15
training,7104.0,867.0,cpu_bursty,867,588880639281122453,df1a352cbf7401a8,15
training,7104.0,868.0,priority_skewed,868,8963783455070847593,8ef9dfd64de27946,15
training,7104.0,869.0,staggered_interactive,869,6567529430863541885,b6faa51e55a9cadc,15
training,7104.0,870.0,short_jobs,870,227857105966691951,cdb9b3dbd79f3f04,15
training,7104.0,871.0,long_jobs,871,5152355471520147463,977dc9429ded4e40,15
training,7104.0,872.0,mixed,872,6013597145412394226,c9de8ec45d548de8,15
training,7104.0,873.0,cpu_bursty,873,3230692131456635346,684ffeaf7c1a84a7,15
training,7104.0,874.0,priority_skewed,874,6370470340130651179,090a9a8181d522d6,15
training,7104.0,875.0,staggered_interactive,875,5702084005420571955,eadf1d397e8b7d2b,15
training,7104.0,876.0,short_jobs,876,8615153473255175748,ed12ece5c1142f37,15
training,7104.0,877.0,long_jobs,877,308857336396443354,fa2d05ea4cd4b5df,15
training,7104.0,878.0,mixed,878,2678620819488160869,ff5f6e51592af930,15
training,7104.0,879.0,cpu_bursty,879,8894931927526109926,795a46b2d85e4ab5,15
training,7104.0,880.0,priority_skewed,880,1083224487871462640,4c8e95659668aad9,15
training,7104.0,881.0,staggered_interactive,881,3581141335273022298,acae868666089ded,15
training,7104.0,882.0,short_jobs,882,8386690462867565166,d443732186a6939c,15
training,7104.0,883.0,long_jobs,883,5444961277909014687,58704c65bebdd151,15
training,7104.0,884.0,mixed,884,84894018100909754,356c936229cd7df3,15
training,7104.0,885.0,cpu_bursty,885,9064902603686100774,305e801fb1865112,15
training,7104.0,886.0,priority_skewed,886,8883007610257497952,be5d0a2cedb8fca7,15
training,7104.0,887.0,staggered_interactive,887,1661457120892298139,e35a4f1fb01feb97,15
training,7104.0,888.0,short_jobs,888,4743389836533445473,f1b7a89fb435e1fd,15
training,7104.0,889.0,long_jobs,889,6254014012935598303,5e1a184920bc0ef5,15
training,7104.0,890.0,mixed,890,7806520496303103554,309c9396e759b92d,15
training,7104.0,891.0,cpu_bursty,891,4540558131420063558,653debde016b048d,15
training,7104.0,892.0,priority_skewed,892,3569410468945798102,93ae1368b50e5ee3,15
training,7104.0,893.0,staggered_interactive,893,5512615614466843361,b03973fb82c4c332,15
training,7104.0,894.0,short_jobs,894,328168268246499131,550fcaa788e2ca4e,15
training,7104.0,895.0,long_jobs,895,2963347943421848781,051674aa0f9922eb,15
training,7104.0,896.0,mixed,896,2678833736982797658,a62d9c2c5e28d04a,15
training,7104.0,897.0,cpu_bursty,897,5865177509328942590,188078ff7d97ec60,15
training,7104.0,898.0,priority_skewed,898,5348522063928036435,844ee199c9a1fd7d,15
training,7104.0,899.0,staggered_interactive,899,6659812371914067196,0a59a9a7efdab249,15
training,7104.0,900.0,short_jobs,900,4508785351971933224,a8d85bb84170aafe,15
training,7104.0,901.0,long_jobs,901,510117057200571143,97019ddac802e27a,15
training,7104.0,902.0,mixed,902,7843290835001424299,acf359e531d78758,15
training,7104.0,903.0,cpu_bursty,903,1947247050544172407,d44814e86c4b1862,15
training,7104.0,904.0,priority_skewed,904,874375209433740118,db73f946d9111162,15
training,7104.0,905.0,staggered_interactive,905,8766592707670238677,bfc997e2832b03aa,15
training,7104.0,906.0,short_jobs,906,4720237307503919603,996a296156e0f613,15
training,7104.0,907.0,long_jobs,907,4616463403218656242,460596055e44604a,15
training,7104.0,908.0,mixed,908,6430030404921303358,96d9fe34224f1653,15
training,7104.0,909.0,cpu_bursty,909,2172004359786950744,d5b3f7d10ef8152b,15
training,7104.0,910.0,priority_skewed,910,8646007798179837045,53c7d766aa96f7f2,15
training,7104.0,911.0,staggered_interactive,911,4407891804118511660,cb791c2b9cf2829a,15
training,7104.0,912.0,short_jobs,912,4130887859784860396,90e64ad7350b8d0f,15
training,7104.0,913.0,long_jobs,913,2396635871714641218,e26a1851984f190b,15
training,7104.0,914.0,mixed,914,4114262407614007456,53c69552397b1977,15
training,7104.0,915.0,cpu_bursty,915,4191883797745011456,16d25a6bae2f56bd,15
training,7104.0,916.0,priority_skewed,916,4377218559383830609,ac65eb9152ceae21,15
training,7104.0,917.0,staggered_interactive,917,3433323034287859164,e76b1b7f0797dc50,15
training,7104.0,918.0,short_jobs,918,1760408404515276262,9f2c82209ab003b6,15
training,7104.0,919.0,long_jobs,919,1270234852184683147,436c776b3d6ded3e,15
training,7104.0,920.0,mixed,920,8252264631402311517,c3734a0dcfeefe36,15
training,7104.0,921.0,cpu_bursty,921,975811298991207752,be5a4f5ab2da7759,15
training,7104.0,922.0,priority_skewed,922,3631852232373479401,618c0f01e7dae2bc,15
training,7104.0,923.0,staggered_interactive,923,7685190559387572822,1b21f2b20b5c1557,15
training,7104.0,924.0,short_jobs,924,3976575358146320486,14f81a4ede457d17,15
training,7104.0,925.0,long_jobs,925,7620621194134258128,f6becb8ae906c5ee,15
training,7104.0,926.0,mixed,926,1022731564341780993,7514ae3a40d5432c,15
training,7104.0,927.0,cpu_bursty,927,5822826396776850593,5908cdf8deda1f04,15
training,7104.0,928.0,priority_skewed,928,3997112792184885393,a45517ab4ad7910e,15
training,7104.0,929.0,staggered_interactive,929,2407699955475642562,060d7c48cd8bba1b,15
training,7104.0,930.0,short_jobs,930,5418720775835986705,acbcfa804d9e80b6,15
training,7104.0,931.0,long_jobs,931,6180846349709523816,c6080c0a44664dc3,15
training,7104.0,932.0,mixed,932,7020295876651820694,0e30e2d581a18655,15
training,7104.0,933.0,cpu_bursty,933,1716663366810383494,eb1084dfc77a5cf0,15
training,7104.0,934.0,priority_skewed,934,5127325563924611524,95d89b3ba4234378,15
training,7104.0,935.0,staggered_interactive,935,5850926266438728736,eb06069615ee2744,15
training,7104.0,936.0,short_jobs,936,301372306568821085,b9b0e4ee318ee370,15
training,7104.0,937.0,long_jobs,937,4435754590623067391,543abdd9b6a1f07b,15
training,7104.0,938.0,mixed,938,9145806200014655605,60041cb1b45f632c,15
training,7104.0,939.0,cpu_bursty,939,6360669678997654571,10481833ef85c9e8,15
training,7104.0,940.0,priority_skewed,940,6734579088065013749,4ca80ebeb20ade01,15
training,7104.0,941.0,staggered_interactive,941,5125786836487111351,e9b978ae57e66a14,15
training,7104.0,942.0,short_jobs,942,4552030573393469837,29d4b440dca16a6f,15
training,7104.0,943.0,long_jobs,943,7807197132556970875,971cc030492b14b1,15
training,7104.0,944.0,mixed,944,5157172764678732526,b573522ec2f62ddd,15
training,7104.0,945.0,cpu_bursty,945,5085786733353866399,c4fe17c810a8d0f4,15
training,7104.0,946.0,priority_skewed,946,2972488589272227705,5d57c8a6680089d1,15
training,7104.0,947.0,staggered_interactive,947,4774190031141573376,5fb65068142373a6,15
training,7104.0,948.0,short_jobs,948,8454013164017146594,8f8a7f8b1903819d,15
training,7104.0,949.0,long_jobs,949,4909938857913106524,e9afb658f44c6773,15
training,7104.0,950.0,mixed,950,792850774453918262,299b42cdc088ba5d,15
training,7104.0,951.0,cpu_bursty,951,5725462486158051060,abf6b10d9a1b7fa5,15
training,7104.0,952.0,priority_skewed,952,9023703815277147300,5e4acd08a398c5fc,15
training,7104.0,953.0,staggered_interactive,953,6957582382064404821,1182cfda285e7fa6,15
training,7104.0,954.0,short_jobs,954,8487696876887758292,4e80c1cb5bb85a83,15
training,7104.0,955.0,long_jobs,955,5941670796766222418,6c1932591c4a0845,15
training,7104.0,956.0,mixed,956,7039635444602537062,5d7f3328daaaad32,15
training,7104.0,957.0,cpu_bursty,957,8827771541994524739,9e49bb94bbd5d931,15
training,7104.0,958.0,priority_skewed,958,3401316486847213739,4151d505b609adae,15
training,7104.0,959.0,staggered_interactive,959,921851307224174600,48a2d06dfda7adaf,15
training,7104.0,960.0,short_jobs,960,1251900684671420486,cbd07166273ac800,15
training,7104.0,961.0,long_jobs,961,6260342010139241399,42c8bf962583576e,15
training,7104.0,962.0,mixed,962,8814953259588662529,f947b5872aa02052,15
training,7104.0,963.0,cpu_bursty,963,542599116355245752,d29096507e1e19b4,15
training,7104.0,964.0,priority_skewed,964,3214287697450189254,da7dec4cc21aec8f,15
training,7104.0,965.0,staggered_interactive,965,7736127694232772584,18bf033bbf1b5fc9,15
training,7104.0,966.0,short_jobs,966,5837608903776832558,d946990ec4a7bf33,15
training,7104.0,967.0,long_jobs,967,2371793769257797424,3fd022ef4cc77492,15
training,7104.0,968.0,mixed,968,5594487973658341995,cd4c6f02ffcda9e6,15
training,7104.0,969.0,cpu_bursty,969,3497482115469109469,3936fe117ee9e482,15
training,7104.0,970.0,priority_skewed,970,945321858213859462,9e08b123e07009c1,15
training,7104.0,971.0,staggered_interactive,971,6540568267352986837,7764dd5b1eb60b59,15
training,7104.0,972.0,short_jobs,972,4714568662942142843,d5f1cdc9a134e05d,15
training,7104.0,973.0,long_jobs,973,3302614263207210080,4582da3a1d7ee59f,15
training,7104.0,974.0,mixed,974,2770446543706580232,f7a64334938858ad,15
training,7104.0,975.0,cpu_bursty,975,8821254389135375081,6106d4b86ff061cf,15
training,7104.0,976.0,priority_skewed,976,6547688510117348047,4103afb053922630,15
training,7104.0,977.0,staggered_interactive,977,8412480301110404149,2315a1fb615ae982,15
training,7104.0,978.0,short_jobs,978,713565911568121703,d93688dc59229d32,15
training,7104.0,979.0,long_jobs,979,512202475127831828,e9c09cb5dce768a5,15
training,7104.0,980.0,mixed,980,4585785184062461558,bfca728c8ffa4085,15
training,7104.0,981.0,cpu_bursty,981,3394484766897451118,03fb2572334cc647,15
training,7104.0,982.0,priority_skewed,982,2614269783895253770,3902799970411d15,15
training,7104.0,983.0,staggered_interactive,983,2567497203657005097,2d50c783b67b92ee,15
training,7104.0,984.0,short_jobs,984,6933024631951082315,78219ce804558a65,15
training,7104.0,985.0,long_jobs,985,2269342759275923064,b9ef9e5ac886745d,15
training,7104.0,986.0,mixed,986,6846516942218254327,02061464a26b9eee,15
training,7104.0,987.0,cpu_bursty,987,1183990675602461094,1dc23275c9586d4e,15
training,7104.0,988.0,priority_skewed,988,789507649230078578,b9edba5669bd787d,15
training,7104.0,989.0,staggered_interactive,989,4736564472413864,a7f757793e56b817,15
training,7104.0,990.0,short_jobs,990,956412846878769099,dd1bad7837a63b1e,15
training,7104.0,991.0,long_jobs,991,4888952538878240928,9b3480669c689586,15
training,7104.0,992.0,mixed,992,586936581383119484,8c606b125b4a3633,15
training,7104.0,993.0,cpu_bursty,993,1666417157753917999,ec009c22ac6023fa,15
training,7104.0,994.0,priority_skewed,994,8332410467527260014,42486efa0f8488dd,15
training,7104.0,995.0,staggered_interactive,995,362896260194752441,bd02e11acd686c9d,15
training,7104.0,996.0,short_jobs,996,6539802716615108758,3693f589313faac8,15
training,7104.0,997.0,long_jobs,997,7251281300827240519,218e175536bff248,15
training,7104.0,998.0,mixed,998,1064827955845825247,725f55ecf4d4df8c,15
training,7104.0,999.0,cpu_bursty,999,3413368591060725292,af469182bc79230c,15
training,7104.0,1000.0,priority_skewed,1000,4408413399443141061,ac37d9276135baa5,15
training,7104.0,1001.0,staggered_interactive,1001,6953379853876693172,9bb5ab37335a3a10,15
training,7104.0,1002.0,short_jobs,1002,7224751275933147700,c4ede6b31d0cd250,15
training,7104.0,1003.0,long_jobs,1003,4371783107865421226,9691b02a1ef16da1,15
training,7104.0,1004.0,mixed,1004,5796309525772296616,c506554420ff707a,15
training,7104.0,1005.0,cpu_bursty,1005,8687096512776240279,6ed5581d000c8e05,15
training,7104.0,1006.0,priority_skewed,1006,8295555351684985286,73fcdc16764f7adf,15
training,7104.0,1007.0,staggered_interactive,1007,1882947239524922857,41d4315fd933f49b,15
training,7104.0,1008.0,short_jobs,1008,8847539013659508188,54d8acdd74172532,15
training,7104.0,1009.0,long_jobs,1009,4474952223466436054,1bcf1971be7b5c06,15
training,7104.0,1010.0,mixed,1010,4809057073917388626,848c0d85f855daf2,15
training,7104.0,1011.0,cpu_bursty,1011,9173929643903295911,3000a457463f3f60,15
training,7104.0,1012.0,priority_skewed,1012,6226160812500763231,d0d7f8e41369c107,15
training,7104.0,1013.0,staggered_interactive,1013,1274105753085661071,0174e0b1d73bee86,15
training,7104.0,1014.0,short_jobs,1014,8546259901688585037,1a27f03b6cd5eaf7,15
training,7104.0,1015.0,long_jobs,1015,9074621761103567179,6e2383101f2f12ab,15
training,7104.0,1016.0,mixed,1016,3716563910611254544,a6a17b68ee51c610,15
training,7104.0,1017.0,cpu_bursty,1017,8771228599555478777,7bf76ec8e8057c46,15
training,7104.0,1018.0,priority_skewed,1018,6947789107257132989,c7b352424708d7a7,15
training,7104.0,1019.0,staggered_interactive,1019,9053785234233403197,b06151478df8c5d3,15
training,7104.0,1020.0,short_jobs,1020,3077301138571235209,f4df7119298de45b,15
training,7104.0,1021.0,long_jobs,1021,333193231168786545,86a72d163ddb9087,15
training,7104.0,1022.0,mixed,1022,1453336410587426755,19860286503828f3,15
training,7104.0,1023.0,cpu_bursty,1023,3936137591099423450,ba25d4373fb21053,15
training,7104.0,1024.0,priority_skewed,1024,7902884670749483557,d4668f11c4183d70,15
training,7104.0,1025.0,staggered_interactive,1025,5922697749504195219,56093e20c56a48bc,15
training,7104.0,1026.0,short_jobs,1026,2629863512083593890,fafcf8c3bb6ff716,15
training,7104.0,1027.0,long_jobs,1027,6298283316840815020,828f1265ff11670e,15
training,7104.0,1028.0,mixed,1028,8645910483490874003,75cdd0a6b40758eb,15
training,7104.0,1029.0,cpu_bursty,1029,8833867517171886349,fa6dcb5a79374f49,15
training,7104.0,1030.0,priority_skewed,1030,4558942395434926607,b87e6efa46add2ce,15
training,7104.0,1031.0,staggered_interactive,1031,8330631584574511306,bb150723aa390bf2,15
training,7104.0,1032.0,short_jobs,1032,624096198917267391,458ec3c80373a71d,15
training,7104.0,1033.0,long_jobs,1033,4746434353890261488,4f934c5b1da6de49,15
training,7104.0,1034.0,mixed,1034,546960972622983009,42fdff3742717d16,15
training,7104.0,1035.0,cpu_bursty,1035,2909540775569475170,fa62aab90053284a,15
training,7104.0,1036.0,priority_skewed,1036,7573281194310454000,10301a5014d33b30,15
training,7104.0,1037.0,staggered_interactive,1037,8657420088627584411,c6078e896eff9b61,15
training,7104.0,1038.0,short_jobs,1038,198095390899210149,2e67700dc5a44cdf,15
training,7104.0,1039.0,long_jobs,1039,6585219849578746408,cb4db96385139aa5,15
training,7104.0,1040.0,mixed,1040,5563910153541647415,052e7b78f66b0e55,15
training,7104.0,1041.0,cpu_bursty,1041,5808730143638291533,6cf10ea1b0d82378,15
training,7104.0,1042.0,priority_skewed,1042,2237437781643982553,291832926ad1de58,15
training,7104.0,1043.0,staggered_interactive,1043,1442491282011913240,c7b4db476c0cbff2,15
training,7104.0,1044.0,short_jobs,1044,5633021114561970084,ea2109cedcf6c21a,15
training,7104.0,1045.0,long_jobs,1045,6209914310010486371,02a385b587da184b,15
training,7104.0,1046.0,mixed,1046,264754226862598553,abfd6fa4e0f96945,15
training,7104.0,1047.0,cpu_bursty,1047,5731501178734809689,9e142553c3b6e762,15
training,7104.0,1048.0,priority_skewed,1048,2377838763039155309,4d82451a879eebb0,15
training,7104.0,1049.0,staggered_interactive,1049,8642089574164572088,daa5f0a59c60027e,15
training,7104.0,1050.0,short_jobs,1050,2825519917594919124,7147fbd342ce696b,15
training,7104.0,1051.0,long_jobs,1051,6960818845296525867,349090e49d21145e,15
training,7104.0,1052.0,mixed,1052,1522550075223697662,e36c8856fb77a17a,15
training,7104.0,1053.0,cpu_bursty,1053,3116336176928704722,56144e4d3755ce72,15
training,7104.0,1054.0,priority_skewed,1054,8123857153717684925,290c8513b3c01f67,15
training,7104.0,1055.0,staggered_interactive,1055,6566929605724385057,e5f84570880ea030,15
training,7104.0,1056.0,short_jobs,1056,1219938884512808642,261f29110e637454,15
training,7104.0,1057.0,long_jobs,1057,3246937557651860200,3723211ee994bc32,15
training,7104.0,1058.0,mixed,1058,4111735759085623704,106bf5ed77ace969,15
training,7104.0,1059.0,cpu_bursty,1059,6992667592867569636,d34948d8a19db71d,15
training,7104.0,1060.0,priority_skewed,1060,1913217997940924691,8c29f3b66172fc5c,15
training,7104.0,1061.0,staggered_interactive,1061,7376883990551468416,c01a4fa4b1917a86,15
training,7104.0,1062.0,short_jobs,1062,3488371930934398908,b9563e7ee2b39dde,15
training,7104.0,1063.0,long_jobs,1063,2359347303697528548,758303db29c8d192,15
training,7104.0,1064.0,mixed,1064,3956540941522690387,a3ec9dd558655993,15
training,7104.0,1065.0,cpu_bursty,1065,4455899288811686949,db4789fd94ae9ea3,15
training,7104.0,1066.0,priority_skewed,1066,8212642298538720023,06af96763839c77c,15
training,7104.0,1067.0,staggered_interactive,1067,8274260105834001612,18fa61fbaffcd8ff,15
training,7104.0,1068.0,short_jobs,1068,2913097072149624865,54fd48dcbcaf0e89,15
training,7104.0,1069.0,long_jobs,1069,5935094542628104375,834dd9f3ce8fd958,15
training,7104.0,1070.0,mixed,1070,6733030838104672157,04b7885aa019c41b,15
training,7104.0,1071.0,cpu_bursty,1071,1581439433018191921,ccf2e6f9cda8b56e,15
training,7104.0,1072.0,priority_skewed,1072,6666601254985810042,2320f23f1f03ac51,15
training,7104.0,1073.0,staggered_interactive,1073,2499581450398445589,611e23cc31d21361,15
training,7104.0,1074.0,short_jobs,1074,6564550219053290119,1e7015688718e20a,15
training,7104.0,1075.0,long_jobs,1075,1083732646156790366,64c34fadfe76a49c,15
training,7104.0,1076.0,mixed,1076,7350244150379670651,6a0a8d3c5cc2e0e6,15
training,7104.0,1077.0,cpu_bursty,1077,4570720118502882044,ea30ddf03abc8576,15
training,7104.0,1078.0,priority_skewed,1078,7153532819517502975,f6f547a5edb8f5b6,15
training,7104.0,1079.0,staggered_interactive,1079,8640449654772974360,21dc9a29fc0b32d7,15
training,7104.0,1080.0,short_jobs,1080,94656225820249352,a435d5751cf89aa3,15
training,7104.0,1081.0,long_jobs,1081,1920531241755954500,3c4339fb35d48110,15
training,7104.0,1082.0,mixed,1082,5481195139773949143,6456bc28a452630f,15
training,7104.0,1083.0,cpu_bursty,1083,5377763069681809759,257557a459ac32ae,15
training,7104.0,1084.0,priority_skewed,1084,6464573918494536170,dea958fcfc44c01e,15
training,7104.0,1085.0,staggered_interactive,1085,7951152719720684668,3a37bf80e6db2f17,15
training,7104.0,1086.0,short_jobs,1086,7905431778705977312,a00c6e966603e7dd,15
training,7104.0,1087.0,long_jobs,1087,8582700559183066760,9239173fd3ae0174,15
training,7104.0,1088.0,mixed,1088,8229008014616222196,22ad9a4232819fdc,15
training,7104.0,1089.0,cpu_bursty,1089,5514563517839586163,c58c5ff13c2fa05e,15
training,7104.0,1090.0,priority_skewed,1090,37217127694034377,0d67bade4694fa78,15
training,7104.0,1091.0,staggered_interactive,1091,5453960690855212307,d5cb41cf1f381cc5,15
training,7104.0,1092.0,short_jobs,1092,5571480569842824526,efed924678e019ef,15
training,7104.0,1093.0,long_jobs,1093,4153215790693931420,1261b39374c0bc7e,15
training,7104.0,1094.0,mixed,1094,8156260589808156802,4319f97372662510,15
training,7104.0,1095.0,cpu_bursty,1095,3620769730686165194,4ade6e17b4236db6,15
training,7104.0,1096.0,priority_skewed,1096,8032347103067644241,6f2909cd9d1d086f,15
training,7104.0,1097.0,staggered_interactive,1097,3387465379377295316,5f1253a5a83f99f0,15
training,7104.0,1098.0,short_jobs,1098,3500106946358186581,836412323979e1ce,15
training,7104.0,1099.0,long_jobs,1099,63006373949314800,5fb0896b2fbcd400,15
training,7104.0,1100.0,mixed,1100,6010957937302279897,872ed8fdc6fa2534,15
training,7104.0,1101.0,cpu_bursty,1101,1593092090735044382,43d981534b7dfe39,15
training,7104.0,1102.0,priority_skewed,1102,5729939020831206526,ef94ee700b0e3693,15
training,7104.0,1103.0,staggered_interactive,1103,6344195369431109568,57c8331268dbf8f9,15
training,7104.0,1104.0,short_jobs,1104,8600620934756110792,c63a34c1d86d1d0b,15
training,7104.0,1105.0,long_jobs,1105,4099643846152941636,0679d6dc14dafd10,15
training,7104.0,1106.0,mixed,1106,6261682879400884603,ed6eff088dd40a84,15
training,7104.0,1107.0,cpu_bursty,1107,5111894083003774778,0d95f314d8993418,15
training,7104.0,1108.0,priority_skewed,1108,3673509398011922738,4c578c3c0a46c8d8,15
training,7104.0,1109.0,staggered_interactive,1109,2111732660688212197,0d240c968d5fcbde,15
training,7104.0,1110.0,short_jobs,1110,6875284725462744875,4ea48be7af198e9c,15
training,7104.0,1111.0,long_jobs,1111,5694890979461237735,4914c5ec8399d9e4,15
training,7104.0,1112.0,mixed,1112,7064392922096635508,ad8313fa5b5c3b7e,15
training,7104.0,1113.0,cpu_bursty,1113,2791351825905715316,0ce4c4c5e8ce4067,15
training,7104.0,1114.0,priority_skewed,1114,6208925568701247249,2b3cf6ea1a3636d1,15
training,7104.0,1115.0,staggered_interactive,1115,7438027542453792413,d8aa98842d891467,15
training,7104.0,1116.0,short_jobs,1116,5248934892220158167,09157718f016bf1e,15
training,7104.0,1117.0,long_jobs,1117,1026020419854877105,22871baac472831a,15
training,7104.0,1118.0,mixed,1118,4380912869518831621,615a2f77253fe2bd,15
training,7104.0,1119.0,cpu_bursty,1119,5263349700792635878,dbb78f85c8b4535f,15
training,7104.0,1120.0,priority_skewed,1120,2063023033796729606,52f6c9be6efcbfd5,15
training,7104.0,1121.0,staggered_interactive,1121,6905909110137797597,2918fb331aacc727,15
training,7104.0,1122.0,short_jobs,1122,3998847110700186794,a48487ac4b270866,15
training,7104.0,1123.0,long_jobs,1123,8816253648587105429,2cf9d01ebc486761,15
training,7104.0,1124.0,mixed,1124,1053939159255521052,885a462dba516ab9,15
training,7104.0,1125.0,cpu_bursty,1125,166535481291509002,6fcf24dc41f2a2f5,15
training,7104.0,1126.0,priority_skewed,1126,260022232268436631,aa5952f6ee8946a8,15
training,7104.0,1127.0,staggered_interactive,1127,66405788223287999,29d2b83893ed20a2,15
training,7104.0,1128.0,short_jobs,1128,4321001409244236896,cde27fde1754829a,15
training,7104.0,1129.0,long_jobs,1129,3298979106101519097,c09fedc7454f0d56,15
training,7104.0,1130.0,mixed,1130,2909986143786452232,140cca9fec0adfb9,15
training,7104.0,1131.0,cpu_bursty,1131,1397338500072864615,024a60875337d83e,15
training,7104.0,1132.0,priority_skewed,1132,112595913294524754,82c81ef8613751e4,15
training,7104.0,1133.0,staggered_interactive,1133,7112443833933528503,3416e52bf9a161c1,15
training,7104.0,1134.0,short_jobs,1134,4330860355933499346,ebc0661fd12f41ad,15
training,7104.0,1135.0,long_jobs,1135,6495073542013473388,2a6df2264d86618a,15
training,7104.0,1136.0,mixed,1136,5144375410533078390,ba02959c8f4af1d1,15
training,7104.0,1137.0,cpu_bursty,1137,1417647949318763991,a2c41865923a8ed8,15
training,7104.0,1138.0,priority_skewed,1138,1423486045531842050,00fddaa85f4bdb13,15
training,7104.0,1139.0,staggered_interactive,1139,1671411008506743727,42df1065094b0220,15
training,7104.0,1140.0,short_jobs,1140,715411987866696919,cd64881dd8da5362,15
training,7104.0,1141.0,long_jobs,1141,5541510161618217130,7c1eff6f6d93905e,15
training,7104.0,1142.0,mixed,1142,8990772900845230191,0423aa253a967ee0,15
training,7104.0,1143.0,cpu_bursty,1143,5325911339284406111,0dc2c54bde3d48c2,15
training,7104.0,1144.0,priority_skewed,1144,4462866763244517440,3a023477404f506c,15
training,7104.0,1145.0,staggered_interactive,1145,4426059708822631351,4748f1a339ba5aaa,15
training,7104.0,1146.0,short_jobs,1146,1742891059913933930,6d430e03e93310b0,15
training,7104.0,1147.0,long_jobs,1147,8495920321329941520,27cec300f70bf50e,15
training,7104.0,1148.0,mixed,1148,4940864443204044091,2e71bc2c623c8481,15
training,7104.0,1149.0,cpu_bursty,1149,4008387617145979553,3372a9ea49634854,15
training,7104.0,1150.0,priority_skewed,1150,8788284877919670899,8601f957887a00b8,15
training,7104.0,1151.0,staggered_interactive,1151,6804916414501069312,7c53e6207c08fb94,15
training,7104.0,1152.0,short_jobs,1152,609472176943596023,cf55e24cd901d334,15
training,7104.0,1153.0,long_jobs,1153,1832755776240123820,35de5fc4b11d9198,15
training,7104.0,1154.0,mixed,1154,6786320957574066264,0f1b4072c83f6795,15
training,7104.0,1155.0,cpu_bursty,1155,647865691756012434,b98742c29bb0d597,15
training,7104.0,1156.0,priority_skewed,1156,457063319902971112,04206f4625cb6335,15
training,7104.0,1157.0,staggered_interactive,1157,7282360245826968009,d46633566e6ff862,15
training,7104.0,1158.0,short_jobs,1158,3640014139378821542,0872c223667ef25a,15
training,7104.0,1159.0,long_jobs,1159,1014527610499254997,05e14976f438cf56,15
training,7104.0,1160.0,mixed,1160,1403271328468261633,4c4253efd5fd3f1e,15
training,7104.0,1161.0,cpu_bursty,1161,5868529422652145741,74c214135578e77c,15
training,7104.0,1162.0,priority_skewed,1162,7523252396953798480,98e9791896a5cfe6,15
training,7104.0,1163.0,staggered_interactive,1163,735773855315484974,cddcd327ba74cfca,15
training,7104.0,1164.0,short_jobs,1164,5731069556463334631,3cd7ea3aa26895c0,15
training,7104.0,1165.0,long_jobs,1165,3830028419645497349,7583d87789cdeb94,15
training,7104.0,1166.0,mixed,1166,8679629712364204787,867f2b31ebf82627,15
training,7104.0,1167.0,cpu_bursty,1167,7467972663986613544,c20898c254a1c6d7,15
training,7104.0,1168.0,priority_skewed,1168,317496190624074543,4c2718d3dd7eb442,15
training,7104.0,1169.0,staggered_interactive,1169,2278468457057482039,b512ba390cf16769,15
training,7104.0,1170.0,short_jobs,1170,3497611141862518763,b99ddbf5365c75d6,15
training,7104.0,1171.0,long_jobs,1171,1749131927395502837,411e33861b45c78b,15
training,7104.0,1172.0,mixed,1172,7179310530533619275,e476ddd5f31bad21,15
training,7104.0,1173.0,cpu_bursty,1173,5080538293806393045,f7f949e67a824a79,15
training,7104.0,1174.0,priority_skewed,1174,5071978429495833602,23132559d55416ab,15
training,7104.0,1175.0,staggered_interactive,1175,6043080089918891801,1d815800205831f2,15
training,7104.0,1176.0,short_jobs,1176,6079843657166619648,0a7629248285f601,15
training,7104.0,1177.0,long_jobs,1177,228007852617980243,fbccb3a482a35f83,15
training,7104.0,1178.0,mixed,1178,5479391149659042406,bba32be9d4752b23,15
training,7104.0,1179.0,cpu_bursty,1179,9100565568802504216,e2ab1d3411e56a60,15
training,7104.0,1180.0,priority_skewed,1180,9190572339806791249,2c4c3aa563d62640,15
training,7104.0,1181.0,staggered_interactive,1181,7230135085707846626,c544006173964c14,15
training,7104.0,1182.0,short_jobs,1182,1385843123925978846,05917a600eac252f,15
training,7104.0,1183.0,long_jobs,1183,1470045979616224916,aae5269f3a3b50b0,15
training,7104.0,1184.0,mixed,1184,1065215776733491780,b11206b5c8957876,15
training,7104.0,1185.0,cpu_bursty,1185,7420647530646105677,8437af174ad4a1af,15
training,7104.0,1186.0,priority_skewed,1186,3641880809946897697,260654abde169666,15
training,7104.0,1187.0,staggered_interactive,1187,8342585700597552690,2963c19620d30873,15
training,7104.0,1188.0,short_jobs,1188,8566839399232606732,ae48593270d7e31d,15
training,7104.0,1189.0,long_jobs,1189,7315541556433966034,deef466fd75217d2,15
training,7104.0,1190.0,mixed,1190,1081832318224567331,d95878e86308da3e,15
training,7104.0,1191.0,cpu_bursty,1191,6426027549025874354,0dbffd4c318a45f4,15
training,7104.0,1192.0,priority_skewed,1192,905601582524135251,fcdef6cef7761c82,15
training,7104.0,1193.0,staggered_interactive,1193,1084016140178660087,5693ffdb90eab921,15
training,7104.0,1194.0,short_jobs,1194,2112546082261984660,5021e645b22fe0fd,15
training,7104.0,1195.0,long_jobs,1195,6209917116317622854,97f2c9ef042ab53e,15
training,7104.0,1196.0,mixed,1196,4088474355948886284,b653569f2695d300,15
training,7104.0,1197.0,cpu_bursty,1197,286699066896603598,ada45d4be6f8c289,15
training,7104.0,1198.0,priority_skewed,1198,5641766692942252969,4e4a4b810e744343,15
training,7104.0,1199.0,staggered_interactive,1199,8494896537789301694,0dbaab07936c2aa4,15
training,7105.0,0.0,short_jobs,0,1871139238045795395,eb8c42c09b5ff5d7,15
training,7105.0,1.0,long_jobs,1,1581091007107691562,53de398c06aae88b,15
training,7105.0,2.0,mixed,2,7157950465386643374,ab71b70d5d1cb034,15
training,7105.0,3.0,cpu_bursty,3,6151914714622410807,eac5d1a2e7d851db,15
training,7105.0,4.0,priority_skewed,4,6236805487513560822,0a5f7ae62aa59222,15
training,7105.0,5.0,staggered_interactive,5,6719441073938125898,1e00e7c4742f6fac,15
training,7105.0,6.0,short_jobs,6,5341403033876316845,0d3bfc45a8da87be,15
training,7105.0,7.0,long_jobs,7,2687587416471679036,29ef4786b7d3e0d2,15
training,7105.0,8.0,mixed,8,6359267469865857112,522093b8868f6322,15
training,7105.0,9.0,cpu_bursty,9,4117597768758006271,b9ee31f919318598,15
training,7105.0,10.0,priority_skewed,10,6362598130363861580,6ba9d0fabfdb36ae,15
training,7105.0,11.0,staggered_interactive,11,6942073332446820754,5cbf99898c1a700e,15
training,7105.0,12.0,short_jobs,12,4935030069405765306,e660c9a3e0b481e0,15
training,7105.0,13.0,long_jobs,13,8161787189461242570,a2130bd3e2273707,15
training,7105.0,14.0,mixed,14,4998926682412990592,5ce7556a8cd05fd6,15
training,7105.0,15.0,cpu_bursty,15,2303341009773841636,704beccfe47ca1ef,15
training,7105.0,16.0,priority_skewed,16,1171637509195691524,76bd2bebbb34a885,15
training,7105.0,17.0,staggered_interactive,17,2111416943240183002,68f52e38e754ab8c,15
training,7105.0,18.0,short_jobs,18,3204992498021135012,793818b39df07176,15
training,7105.0,19.0,long_jobs,19,1541158811071093292,123539aff15e2c27,15
training,7105.0,20.0,mixed,20,8421699115816066180,b96909417a24104a,15
training,7105.0,21.0,cpu_bursty,21,8209958039287389180,1c8d055d599e8cb4,15
training,7105.0,22.0,priority_skewed,22,8627231536692189467,c19438b01bf141b5,15
training,7105.0,23.0,staggered_interactive,23,3456344589227744088,e983459e7b576a3a,15
training,7105.0,24.0,short_jobs,24,8148309350604799583,d2b22e62f2463448,15
training,7105.0,25.0,long_jobs,25,7420181022005515435,a556a207fa317761,15
training,7105.0,26.0,mixed,26,1639107518078856782,2e33f3384d824c0c,15
training,7105.0,27.0,cpu_bursty,27,4504766193793980791,44be9b577a0fee5f,15
training,7105.0,28.0,priority_skewed,28,4447285908786966516,0f277f27304becb6,15
training,7105.0,29.0,staggered_interactive,29,8678315844488564301,290260f85edd548d,15
training,7105.0,30.0,short_jobs,30,7963530331274051422,f66b33c4d354c0ad,15
training,7105.0,31.0,long_jobs,31,2572587419928421183,51f03c75a47cc0a3,15
training,7105.0,32.0,mixed,32,2144139724493481041,4a09f0d95efb5b2d,15
training,7105.0,33.0,cpu_bursty,33,1036334529650586204,f3bdcd06a70dc97e,15
training,7105.0,34.0,priority_skewed,34,2603934882590351376,2d710ceece621f84,15
training,7105.0,35.0,staggered_interactive,35,6403633666189016493,8e066cd5a0ff3b50,15
training,7105.0,36.0,short_jobs,36,4512350402296496454,4fc00aada5d9ae9d,15
training,7105.0,37.0,long_jobs,37,5521625039458963483,3bc63865839e7736,15
training,7105.0,38.0,mixed,38,3094611597457996669,c8dea7394a6208de,15
training,7105.0,39.0,cpu_bursty,39,3351242360473829342,dbfe6c6d0ceda65d,15
training,7105.0,40.0,priority_skewed,40,674726665881840953,8317fa4fb311d3f0,15
training,7105.0,41.0,staggered_interactive,41,4542814083651342221,5f01f317a9897a03,15
training,7105.0,42.0,short_jobs,42,6529092907525376013,a1fb7e412eedb042,15
training,7105.0,43.0,long_jobs,43,1889009065190857165,f33f9d84e6ef2423,15
training,7105.0,44.0,mixed,44,1164242001075433943,a8b24a051ac29f52,15
training,7105.0,45.0,cpu_bursty,45,820412668087739238,cdff6d5ff3a499e0,15
training,7105.0,46.0,priority_skewed,46,2108201235490865959,37a21f06e73f28d1,15
training,7105.0,47.0,staggered_interactive,47,5652901774116966280,5ccca3a8db791a71,15
training,7105.0,48.0,short_jobs,48,278427863797608103,339bb889897959b3,15
training,7105.0,49.0,long_jobs,49,6969287070419109711,0dc0c8a5693a27cf,15
training,7105.0,50.0,mixed,50,6044222444893141055,9b35fcb996ca00c0,15
training,7105.0,51.0,cpu_bursty,51,8465019893823236266,7d9c6f290ad58834,15
training,7105.0,52.0,priority_skewed,52,7558972193403374597,cc4064db5d743a99,15
training,7105.0,53.0,staggered_interactive,53,1103687484950187698,14f42584683cf126,15
training,7105.0,54.0,short_jobs,54,5830181586743133915,e96651130feb8080,15
training,7105.0,55.0,long_jobs,55,7904390217695714273,405fc59c26385e1d,15
training,7105.0,56.0,mixed,56,6172581230294774902,8ae504e1b25d9c9f,15
training,7105.0,57.0,cpu_bursty,57,5998731027230547039,ca5913343f79afdc,15
training,7105.0,58.0,priority_skewed,58,2201469580048767734,4cc8c8fddae757b0,15
training,7105.0,59.0,staggered_interactive,59,2850898075979245736,6ced43cc9e41c124,15
training,7105.0,60.0,short_jobs,60,989044621499365775,db8a2b30674db7b5,15
training,7105.0,61.0,long_jobs,61,1626012500397455311,5ed35b4135ffa0ce,15
training,7105.0,62.0,mixed,62,3216117537185186359,0ef4b584537eaf2f,15
training,7105.0,63.0,cpu_bursty,63,4828678526381101700,7c761d77b69c6ca7,15
training,7105.0,64.0,priority_skewed,64,3412023119705764855,a772ccabbe32d12f,15
training,7105.0,65.0,staggered_interactive,65,1312258588164364076,7af1fb97fdd7965d,15
training,7105.0,66.0,short_jobs,66,6122968545564053409,054c86e5a02ec19a,15
training,7105.0,67.0,long_jobs,67,7409635053367675602,ef334184279c01f2,15
training,7105.0,68.0,mixed,68,4351870440897686966,39a7f54274d23bd6,15
training,7105.0,69.0,cpu_bursty,69,7021277658113239899,13b517f210f8e21b,15
training,7105.0,70.0,priority_skewed,70,8532015206921338659,498e067dd24164fe,15
training,7105.0,71.0,staggered_interactive,71,8959744599014073449,0270b7b0cadfacde,15
training,7105.0,72.0,short_jobs,72,5767901422045955611,3b9fadfec1aeaa33,15
training,7105.0,73.0,long_jobs,73,2094809588191146079,7795f2c868bfbc4b,15
training,7105.0,74.0,mixed,74,9144766879434436145,da0836c8406ce252,15
training,7105.0,75.0,cpu_bursty,75,6538342609118629263,7473f0d20b96c3af,15
training,7105.0,76.0,priority_skewed,76,6744829294955058588,f8329800d67fc9ad,15
training,7105.0,77.0,staggered_interactive,77,2742751690439271590,61352d5e1e4242fe,15
training,7105.0,78.0,short_jobs,78,3598411415435809391,fb0c11c5d6245350,15
training,7105.0,79.0,long_jobs,79,7799495098123789703,8192f5a30d61f826,15
training,7105.0,80.0,mixed,80,3916909361067638573,3be9106e29389a9e,15
training,7105.0,81.0,cpu_bursty,81,2318827063425982722,96c1a4138b4ad655,15
training,7105.0,82.0,priority_skewed,82,6574291331382242111,9e5697fa59e0c901,15
training,7105.0,83.0,staggered_interactive,83,8588749890294409162,c8cef52ad659fa1d,15
training,7105.0,84.0,short_jobs,84,8565270497341072791,11a59666be7a983e,15
training,7105.0,85.0,long_jobs,85,4972407107004485628,8e37c4d8cc71519d,15
training,7105.0,86.0,mixed,86,4150326451501371280,2a31bc32a39d0e29,15
training,7105.0,87.0,cpu_bursty,87,5839810615482514853,6f2269f8915ad11a,15
training,7105.0,88.0,priority_skewed,88,5437025532188665529,463c0a4ac84f6890,15
training,7105.0,89.0,staggered_interactive,89,4820224474702717625,e5a5580f4597bfa9,15
training,7105.0,90.0,short_jobs,90,267108216455692838,92009b07fe60c794,15
training,7105.0,91.0,long_jobs,91,3436589610213733082,79a19a11e932d1d8,15
training,7105.0,92.0,mixed,92,1804362247597514716,99c41005c585bad9,15
training,7105.0,93.0,cpu_bursty,93,2340796721390983804,090aaf9341f34355,15
training,7105.0,94.0,priority_skewed,94,2392490972736443527,e0b7723f5cccb332,15
training,7105.0,95.0,staggered_interactive,95,7487677744421318086,f09f6289adee964c,15
training,7105.0,96.0,short_jobs,96,4928096606065641764,ae567fc5cb262e70,15
training,7105.0,97.0,long_jobs,97,1312082914848867312,9f4d8fd75e9ce04f,15
training,7105.0,98.0,mixed,98,2815362236874663389,8c2d7306611cdf6c,15
training,7105.0,99.0,cpu_bursty,99,6647070776017115345,ff1af9ca081f0384,15
training,7105.0,100.0,priority_skewed,100,3400155642102041213,b6998ce646e40a13,15
training,7105.0,101.0,staggered_interactive,101,6334764446841391705,7ff2563b3fbaa55b,15
training,7105.0,102.0,short_jobs,102,8536279426532553350,2e585ef3d2983b1c,15
training,7105.0,103.0,long_jobs,103,3235952953019606631,db476bcacfc06f83,15
training,7105.0,104.0,mixed,104,5935192326888808449,25c26a719b84fd2d,15
training,7105.0,105.0,cpu_bursty,105,1401450200460844720,238bfadf46ead960,15
training,7105.0,106.0,priority_skewed,106,9140424281791012284,1e1f3fa07ca0c953,15
training,7105.0,107.0,staggered_interactive,107,826304604724306751,58c9ef6537728d43,15
training,7105.0,108.0,short_jobs,108,8991812797027292468,0f16959a444af02c,15
training,7105.0,109.0,long_jobs,109,9128210576006991790,a5858078d2c12154,15
training,7105.0,110.0,mixed,110,164610287886411546,51be898da982c9b3,15
training,7105.0,111.0,cpu_bursty,111,5093620455816551165,fc77c314da9cbc0f,15
training,7105.0,112.0,priority_skewed,112,8280847790564662650,beca6d84d2e6aac4,15
training,7105.0,113.0,staggered_interactive,113,5442590159922815252,b0675443c82e55c0,15
training,7105.0,114.0,short_jobs,114,3995358120635220518,71e97bbc4971cf02,15
training,7105.0,115.0,long_jobs,115,2576057580495294369,8b98f82bc1a273e1,15
training,7105.0,116.0,mixed,116,3187634832874264111,49fc7bddce8201c4,15
training,7105.0,117.0,cpu_bursty,117,7452421083653412591,482b5f32751d8bbe,15
training,7105.0,118.0,priority_skewed,118,7338519128577268723,bd3894842dc13c0e,15
training,7105.0,119.0,staggered_interactive,119,5667470022421611248,74e3651159799948,15
training,7105.0,120.0,short_jobs,120,3290378251064031928,e82f57175fd673eb,15
training,7105.0,121.0,long_jobs,121,5257108863708592877,999e70aece53865f,15
training,7105.0,122.0,mixed,122,1262148646532691408,2390d17044a6e956,15
training,7105.0,123.0,cpu_bursty,123,3091855145890964831,e18aa9b7ce4ea070,15
training,7105.0,124.0,priority_skewed,124,5558886826048941022,5e0ef2ac9b7e800a,15
training,7105.0,125.0,staggered_interactive,125,7911749181100727791,56ce01d5810ba253,15
training,7105.0,126.0,short_jobs,126,9191856395376973674,98aef6fc7a7324be,15
training,7105.0,127.0,long_jobs,127,8217376469779108671,7d074722ce7f3b4a,15
training,7105.0,128.0,mixed,128,948332579487488382,e0f4dcf8d8aa2891,15
training,7105.0,129.0,cpu_bursty,129,4878112693397277861,345fb9eed658b467,15
training,7105.0,130.0,priority_skewed,130,916239582677436413,6985229f0b814c32,15
training,7105.0,131.0,staggered_interactive,131,3883186088974100461,65e3f71281949f68,15
training,7105.0,132.0,short_jobs,132,7266302606971149803,a4efa730d90df10f,15
training,7105.0,133.0,long_jobs,133,7671859536492664594,8b43f5241d85dee6,15
training,7105.0,134.0,mixed,134,937986307787882719,4ef3e2638b9eec3b,15
training,7105.0,135.0,cpu_bursty,135,800527550612502499,a5c7a76ea3cd9a15,15
training,7105.0,136.0,priority_skewed,136,8633800995151459294,6a84e9c1210af5db,15
training,7105.0,137.0,staggered_interactive,137,5301382570951118499,09b6f1a5dab6e773,15
training,7105.0,138.0,short_jobs,138,8248341976114334771,5ccd9124ffbf6cf6,15
training,7105.0,139.0,long_jobs,139,383327552522432171,79fa35226e7d4e03,15
training,7105.0,140.0,mixed,140,8660871132330107381,1d3fd3ff38765e8c,15
training,7105.0,141.0,cpu_bursty,141,5105140657060602226,2647bdf2db0653ba,15
training,7105.0,142.0,priority_skewed,142,5195895545061151792,3c4ebb40d7dab284,15
training,7105.0,143.0,staggered_interactive,143,4267643235981615385,2b4aac8518b0e1d7,15
training,7105.0,144.0,short_jobs,144,5961379669286322363,a5b173623edd973a,15
training,7105.0,145.0,long_jobs,145,7346121726971687660,5a32449fa31c0f23,15
training,7105.0,146.0,mixed,146,3828518069627301469,589711e12c382eb5,15
training,7105.0,147.0,cpu_bursty,147,5046294071625902976,e34a12de2a69c033,15
training,7105.0,148.0,priority_skewed,148,1453574166763222715,96d28fa02487ceda,15
training,7105.0,149.0,staggered_interactive,149,1944911839061749695,37ed5c01531a455b,15
training,7105.0,150.0,short_jobs,150,2266939073018530857,c8845e1f4df47231,15
training,7105.0,151.0,long_jobs,151,4579152501866364607,f4b6aa6f749f0c0d,15
training,7105.0,152.0,mixed,152,5779943023639159748,c817b9224d86fe22,15
training,7105.0,153.0,cpu_bursty,153,5265451653440051685,45604533c1f17cda,15
training,7105.0,154.0,priority_skewed,154,642200550429224733,950d97fc58df0dd2,15
training,7105.0,155.0,staggered_interactive,155,6177715863526628814,1e39a86ed61b695c,15
training,7105.0,156.0,short_jobs,156,3796436785315759007,bdd9607c4eb77b6f,15
training,7105.0,157.0,long_jobs,157,8271245474166670916,25547158e9c91018,15
training,7105.0,158.0,mixed,158,1705725717464408731,ef79ffe2207957f7,15
training,7105.0,159.0,cpu_bursty,159,3063280080908306734,d2a150445294596a,15
training,7105.0,160.0,priority_skewed,160,372040434453816300,9389183879a53692,15
training,7105.0,161.0,staggered_interactive,161,2429038689981516054,87a6a6e72625bd97,15
training,7105.0,162.0,short_jobs,162,6221825391157513448,bc5ec5f88062d81c,15
training,7105.0,163.0,long_jobs,163,7577721856343506021,c283ab1c6369a967,15
training,7105.0,164.0,mixed,164,6981138760938123490,38eaedd4f04e13d3,15
training,7105.0,165.0,cpu_bursty,165,1913138551381085601,05525aa5559428bf,15
training,7105.0,166.0,priority_skewed,166,6433603892709735686,fe1881323d5fbf5c,15
training,7105.0,167.0,staggered_interactive,167,5693939074333112750,5d84581cebb7c201,15
training,7105.0,168.0,short_jobs,168,1914829568278560775,abf79dbd1749e634,15
training,7105.0,169.0,long_jobs,169,2041370847647390066,e21df28f36065195,15
training,7105.0,170.0,mixed,170,6261984131836068804,31e611796cb83a75,15
training,7105.0,171.0,cpu_bursty,171,770402171197153655,4685de33948c5c45,15
training,7105.0,172.0,priority_skewed,172,4835378360967088071,7de533890c84709a,15
training,7105.0,173.0,staggered_interactive,173,715150507317746716,2c1075be5bfd7da0,15
training,7105.0,174.0,short_jobs,174,4258616344731624195,655cb06bf61768fd,15
training,7105.0,175.0,long_jobs,175,6762069597369948710,276c8726fcc35da7,15
training,7105.0,176.0,mixed,176,3676063810521462133,9df2ea634ad9aca6,15
training,7105.0,177.0,cpu_bursty,177,891071564050807050,0342fcc05e19e13c,15
training,7105.0,178.0,priority_skewed,178,1765386130636667695,490a6b44f8bfa067,15
training,7105.0,179.0,staggered_interactive,179,7830189212053469602,66972097d0cacb9b,15
training,7105.0,180.0,short_jobs,180,3849571066753644054,e932604a56a29b04,15
training,7105.0,181.0,long_jobs,181,4378565859334529360,e6784be643c56294,15
training,7105.0,182.0,mixed,182,8005109301564151394,5d80d039ddac675b,15
training,7105.0,183.0,cpu_bursty,183,7818923295783728674,43da71fe96ac8c01,15
training,7105.0,184.0,priority_skewed,184,2218791832816447780,7211f649eb211b51,15
training,7105.0,185.0,staggered_interactive,185,4422771464547606016,49505dfcfd56206b,15
training,7105.0,186.0,short_jobs,186,2411959843123522878,ee0e0d2a275be077,15
training,7105.0,187.0,long_jobs,187,4410476500760457792,f13aa6b550cfe1cf,15
training,7105.0,188.0,mixed,188,2026590497328977631,559eade2e7d69aa8,15
training,7105.0,189.0,cpu_bursty,189,8769429820604207840,a9db78a84c0d3e62,15
training,7105.0,190.0,priority_skewed,190,6941562796941571091,3bfe143daf2bd9ed,15
training,7105.0,191.0,staggered_interactive,191,1868532519367349418,dbe778b12755fde3,15
training,7105.0,192.0,short_jobs,192,3005319250899704124,5e1de8e7429e00f4,15
training,7105.0,193.0,long_jobs,193,381447188708462194,78ac08837bf5ab61,15
training,7105.0,194.0,mixed,194,2783938656221036245,6db3ca5ed1c4a73e,15
training,7105.0,195.0,cpu_bursty,195,8464456474327008312,4ea9d9bcc6995156,15
training,7105.0,196.0,priority_skewed,196,3455069797103101878,0bdbdd345e3c8f9b,15
training,7105.0,197.0,staggered_interactive,197,5419884289666549679,1e3928767e37300e,15
training,7105.0,198.0,short_jobs,198,6541311364063533572,1c59cb3d193e23c0,15
training,7105.0,199.0,long_jobs,199,6527702505019498823,614acf4e58200f20,15
training,7105.0,200.0,mixed,200,6343200934914364981,91131c44242f6a2c,15
training,7105.0,201.0,cpu_bursty,201,2719932047988339505,e1ac5375e942aaeb,15
training,7105.0,202.0,priority_skewed,202,8776161821875237288,86a53b3a150fb5d0,15
training,7105.0,203.0,staggered_interactive,203,7934885839780648759,6acb7f24a3f7d23a,15
training,7105.0,204.0,short_jobs,204,7810207598394236646,b2c67b08617cfc46,15
training,7105.0,205.0,long_jobs,205,6766527285047261223,8b502b0ac581fb65,15
training,7105.0,206.0,mixed,206,2672085310609922242,11a3b82a76bf5066,15
training,7105.0,207.0,cpu_bursty,207,8071711999375852614,eb2fd38b6e0d6df2,15
training,7105.0,208.0,priority_skewed,208,6440918889452817456,6ce808fd8344fe88,15
training,7105.0,209.0,staggered_interactive,209,5347920091889538828,e83396c44754e747,15
training,7105.0,210.0,short_jobs,210,1588268342644768942,ca0fd3f042690b59,15
training,7105.0,211.0,long_jobs,211,3588613966025329403,477ece72f00f3f89,15
training,7105.0,212.0,mixed,212,5832978879778619157,a895d1a8db495730,15
training,7105.0,213.0,cpu_bursty,213,1354617908732721100,20326c924a5437ad,15
training,7105.0,214.0,priority_skewed,214,5616910075613476640,e2b5c2326307c0d9,15
training,7105.0,215.0,staggered_interactive,215,4319353912369637803,97b9606b40ae9e0a,15
training,7105.0,216.0,short_jobs,216,7273292294375556290,a7e35589c3a524ee,15
training,7105.0,217.0,long_jobs,217,3587236238744568550,8b057e4175a80ca5,15
training,7105.0,218.0,mixed,218,3765002900430280395,df8cadeb2d68c6b3,15
training,7105.0,219.0,cpu_bursty,219,201475221424514301,b8b920f9e81946d8,15
training,7105.0,220.0,priority_skewed,220,5616173882746223906,1c7b87e6d9d55042,15
training,7105.0,221.0,staggered_interactive,221,6702873754828595458,9f64f2e12fe6dca3,15
training,7105.0,222.0,short_jobs,222,8197328884919958623,372af41d1498df6b,15
training,7105.0,223.0,long_jobs,223,7322542501418330965,164a28a0deecedd6,15
training,7105.0,224.0,mixed,224,8579096499311597276,8149c0e37431946f,15
training,7105.0,225.0,cpu_bursty,225,4314010531720609120,0760a949e9700b59,15
training,7105.0,226.0,priority_skewed,226,4981839086827260391,26bada2fe6cae3fd,15
training,7105.0,227.0,staggered_interactive,227,2829971029890086903,74acb8dd0a3d0544,15
training,7105.0,228.0,short_jobs,228,4084667785593156723,e141a8cce874c8b2,15
training,7105.0,229.0,long_jobs,229,2546718247354110033,73986c96d41ebf4f,15
training,7105.0,230.0,mixed,230,8930135004898763885,2e7cbe5528736896,15
training,7105.0,231.0,cpu_bursty,231,6295943785364041103,c709a0cc93062a4e,15
training,7105.0,232.0,priority_skewed,232,3833879372561087024,5408c31a68d1dfcc,15
training,7105.0,233.0,staggered_interactive,233,4148375351321400490,0b66504245449197,15
training,7105.0,234.0,short_jobs,234,3954856110986604250,689dd80ba9cd1396,15
training,7105.0,235.0,long_jobs,235,510738830701878403,1691ad8ebf66fd07,15
training,7105.0,236.0,mixed,236,4363059238208479287,7f09ad3a8ee4f2c9,15
training,7105.0,237.0,cpu_bursty,237,7436989208703557972,1adb8444beaf9901,15
training,7105.0,238.0,priority_skewed,238,803169893325485305,4d3f768ece88ca0a,15
training,7105.0,239.0,staggered_interactive,239,6409238408155597583,1bd0b66a852627db,15
training,7105.0,240.0,short_jobs,240,1604476886055370503,1cf0248591f18eef,15
training,7105.0,241.0,long_jobs,241,236708495880636315,24b5fac6b292f069,15
training,7105.0,242.0,mixed,242,4101857217435322734,d3351a4e0faea742,15
training,7105.0,243.0,cpu_bursty,243,8437910623352102232,3cd38e5c71d5e3a0,15
training,7105.0,244.0,priority_skewed,244,4837430100160329391,352a42a352dbc306,15
training,7105.0,245.0,staggered_interactive,245,6163803989597943065,747481a3b02aa27c,15
training,7105.0,246.0,short_jobs,246,684046376705540104,af730cc632c000ef,15
training,7105.0,247.0,long_jobs,247,6436869539566933093,2a39f1829a71919a,15
training,7105.0,248.0,mixed,248,3573516080074319761,fff56386ad2c47cf,15
training,7105.0,249.0,cpu_bursty,249,875486249969500059,e7f3ca06fbb2023c,15
training,7105.0,250.0,priority_skewed,250,3816434049689890023,b6e2940942f836d8,15
training,7105.0,251.0,staggered_interactive,251,8559629120688110012,56e1edfd59346120,15
training,7105.0,252.0,short_jobs,252,6330868089259966747,c727cc69db83fee5,15
training,7105.0,253.0,long_jobs,253,5891234811133029336,c008d541e3f699b3,15
training,7105.0,254.0,mixed,254,318713123989903744,649f6124aba78d2b,15
training,7105.0,255.0,cpu_bursty,255,5156419776215286350,c0a2d0652d9bffe8,15
training,7105.0,256.0,priority_skewed,256,8156400108795849778,71f1cdda7cc7b397,15
training,7105.0,257.0,staggered_interactive,257,1940081936737214198,e83ee18ed1775166,15
training,7105.0,258.0,short_jobs,258,679917829592000201,b35f743f749f6491,15
training,7105.0,259.0,long_jobs,259,1020477612673319002,9402666070f305c7,15
training,7105.0,260.0,mixed,260,4183290787896616165,05e2fae6379e6411,15
training,7105.0,261.0,cpu_bursty,261,6310103581673416113,956fdcb7a3b852c7,15
training,7105.0,262.0,priority_skewed,262,8597930359774426617,12b3c74ed6438477,15
training,7105.0,263.0,staggered_interactive,263,142880650195385468,fbfacc84ae79252d,15
training,7105.0,264.0,short_jobs,264,3760604161653554225,bf69c161f308170b,15
training,7105.0,265.0,long_jobs,265,7569568642208116672,004b3f4ba3b993e9,15
training,7105.0,266.0,mixed,266,4643421861626683306,08429764d3247631,15
training,7105.0,267.0,cpu_bursty,267,3212512852907759555,f2b04552716ff647,15
training,7105.0,268.0,priority_skewed,268,4330372774136991380,114f3a11737c0bc2,15
training,7105.0,269.0,staggered_interactive,269,6122196250978605557,e9e941838aae8432,15
training,7105.0,270.0,short_jobs,270,2384910728723944019,a28a89623682d77b,15
training,7105.0,271.0,long_jobs,271,82555439643514226,e8f4079558f73ae7,15
training,7105.0,272.0,mixed,272,8695972733027000689,04d1932e53280638,15
training,7105.0,273.0,cpu_bursty,273,7289850560781369120,394363b8be4af435,15
training,7105.0,274.0,priority_skewed,274,1539048199142217794,54ccbaf7b7154066,15
training,7105.0,275.0,staggered_interactive,275,6036142221521709029,35c4513276686c3d,15
training,7105.0,276.0,short_jobs,276,7323359201502415506,6d5ee3a0ead1021d,15
training,7105.0,277.0,long_jobs,277,136168638813377787,77976c2916f828c6,15
training,7105.0,278.0,mixed,278,8038849319171377037,b97b1773976f9508,15
training,7105.0,279.0,cpu_bursty,279,4233786396103128657,4c89df747829ca09,15
training,7105.0,280.0,priority_skewed,280,5243617782575198038,6ca0409ff89b724e,15
training,7105.0,281.0,staggered_interactive,281,546076052064079289,34f338eea2ea9fa5,15
training,7105.0,282.0,short_jobs,282,887084133914657767,6dc38cf5d104b779,15
training,7105.0,283.0,long_jobs,283,3108899375108580361,a4a5b9ad0a7ce89c,15
training,7105.0,284.0,mixed,284,485381574380289672,9d62b7a0d956f174,15
training,7105.0,285.0,cpu_bursty,285,5724896026584797097,91fd5c604eded6e3,15
training,7105.0,286.0,priority_skewed,286,4226481686732891923,23fefcdb78309203,15
training,7105.0,287.0,staggered_interactive,287,232464695777442730,4935bf1161a324a3,15
training,7105.0,288.0,short_jobs,288,3901299444712773947,1422cb61b3a9cd46,15
training,7105.0,289.0,long_jobs,289,5498876782066537856,0a4d2c7963dc4997,15
training,7105.0,290.0,mixed,290,8529388014261734096,d1585d493fcb08ac,15
training,7105.0,291.0,cpu_bursty,291,2554645332953317906,856a861145901d2d,15
training,7105.0,292.0,priority_skewed,292,7349163094634020717,eba714deb3f881ea,15
training,7105.0,293.0,staggered_interactive,293,8407332407673929332,504e87625585c2de,15
training,7105.0,294.0,short_jobs,294,152290658212092823,7322000d9cfe6ce4,15
training,7105.0,295.0,long_jobs,295,4477718262603019608,695a5b4207a66700,15
training,7105.0,296.0,mixed,296,5941936332189600494,6428cfd20f470007,15
training,7105.0,297.0,cpu_bursty,297,5327409434432896565,6fcaed1eadaaa5dc,15
training,7105.0,298.0,priority_skewed,298,4144250770201668280,b73521ab798271b3,15
training,7105.0,299.0,staggered_interactive,299,7819196428708403435,3c9bbb57ab8d14f6,15
training,7105.0,300.0,short_jobs,300,6444646223339880631,cd7f0227ef5c98cd,15
training,7105.0,301.0,long_jobs,301,2669672115641034898,eba2306c180e5bcc,15
training,7105.0,302.0,mixed,302,4772387363556314587,38cf87d82670897f,15
training,7105.0,303.0,cpu_bursty,303,5804701384005314945,7d830d25aa2dbe2d,15
training,7105.0,304.0,priority_skewed,304,5710887775457632732,a994f77586c51d42,15
training,7105.0,305.0,staggered_interactive,305,5749842883959619572,8d2c530eef9d3a47,15
training,7105.0,306.0,short_jobs,306,8138154715972992936,7e994af1ea87d631,15
training,7105.0,307.0,long_jobs,307,663674403772535367,787e71ac5fc4bff3,15
training,7105.0,308.0,mixed,308,127478012168097444,6abee924f1a2cd9b,15
training,7105.0,309.0,cpu_bursty,309,4843165909510656290,b353d083188cf772,15
training,7105.0,310.0,priority_skewed,310,702056976002402500,6f04f0d1a4b39bab,15
training,7105.0,311.0,staggered_interactive,311,809193574624743540,1e68fdcecc644f83,15
training,7105.0,312.0,short_jobs,312,7605885742574355938,1854e52e8577b113,15
training,7105.0,313.0,long_jobs,313,2665537721083083606,8991ef71b919db52,15
training,7105.0,314.0,mixed,314,4719670942112442833,22b165752befe53b,15
training,7105.0,315.0,cpu_bursty,315,7945856519839697631,40d76a54a29e5945,15
training,7105.0,316.0,priority_skewed,316,5136830731154533787,6a2e45ac586e8965,15
training,7105.0,317.0,staggered_interactive,317,6545280730301750564,65ad6bb17542aa24,15
training,7105.0,318.0,short_jobs,318,8721206420681685013,f77e73cbab9380a0,15
training,7105.0,319.0,long_jobs,319,1499587568696348986,a9b136b438a2afb0,15
training,7105.0,320.0,mixed,320,363567855390575265,8a765c84279bd80e,15
training,7105.0,321.0,cpu_bursty,321,8668575844885508438,b96be69cb3cd0c67,15
training,7105.0,322.0,priority_skewed,322,2368397453270627436,30192a75b0324d7e,15
training,7105.0,323.0,staggered_interactive,323,7673840085454981364,42879a6cf8d6f561,15
training,7105.0,324.0,short_jobs,324,8705513472567557804,4d41d86dfb597360,15
training,7105.0,325.0,long_jobs,325,7595293009453314151,45eef2766cf492ca,15
training,7105.0,326.0,mixed,326,2592816176733472791,5f3620cf5795c901,15
training,7105.0,327.0,cpu_bursty,327,586324659361754286,77ee0d0cc3baaea5,15
training,7105.0,328.0,priority_skewed,328,3398585380789213860,4ff292d008333df9,15
training,7105.0,329.0,staggered_interactive,329,90739639905258385,aac1a1057abf141c,15
training,7105.0,330.0,short_jobs,330,8858917432917024216,c85d61cf8a31d5ca,15
training,7105.0,331.0,long_jobs,331,4511772172720235007,0eaccaeb38798199,15
training,7105.0,332.0,mixed,332,4113026774516550875,1aa35be3cd7af7b4,15
training,7105.0,333.0,cpu_bursty,333,6044240382033392298,9c7cd72e9b33bef0,15
training,7105.0,334.0,priority_skewed,334,2665728451028941741,70588d4f3650f969,15
training,7105.0,335.0,staggered_interactive,335,5552792600310358963,321a233f576fc607,15
training,7105.0,336.0,short_jobs,336,2501060443227240003,61e92c0b0c9e82f1,15
training,7105.0,337.0,long_jobs,337,196851797501833477,db0e8151071f1d08,15
training,7105.0,338.0,mixed,338,5666135137651151060,0353b676be069b74,15
training,7105.0,339.0,cpu_bursty,339,7972085311277422280,c266dea36186d26c,15
training,7105.0,340.0,priority_skewed,340,7127291120513088610,fcd742d88ba8bc70,15
training,7105.0,341.0,staggered_interactive,341,1183340537738463534,f725010a43ea04c4,15
training,7105.0,342.0,short_jobs,342,4632293495762738776,bac68d6988309183,15
training,7105.0,343.0,long_jobs,343,6427396683531971061,fc73d4e9fa1ee725,15
training,7105.0,344.0,mixed,344,186416216659305750,953224b2fbf6e2bd,15
training,7105.0,345.0,cpu_bursty,345,3149661691016144103,357ee1a6f9381671,15
training,7105.0,346.0,priority_skewed,346,5192331964600605971,40fe9bb55fb65b24,15
training,7105.0,347.0,staggered_interactive,347,5754150827643512640,9905fbe10b68864f,15
training,7105.0,348.0,short_jobs,348,3309510204090977973,19b0846d3016ab91,15
training,7105.0,349.0,long_jobs,349,543630574138464481,dd6366a5c9255906,15
training,7105.0,350.0,mixed,350,9095829694531560993,539b23011052fa4c,15
training,7105.0,351.0,cpu_bursty,351,7305252147421769623,07bc9d4cd61b605f,15
training,7105.0,352.0,priority_skewed,352,14334248357556337,62e7a5b2d9c48d2e,15
training,7105.0,353.0,staggered_interactive,353,4113929779916799342,909e71b351952676,15
training,7105.0,354.0,short_jobs,354,3158497806103081862,c54557adac114349,15
training,7105.0,355.0,long_jobs,355,2990453276992872760,ad1240dbb8d5854c,15
training,7105.0,356.0,mixed,356,3628687931179283474,9fa3ac2fbae6745d,15
training,7105.0,357.0,cpu_bursty,357,6791109951649847613,49f65a00153a61e9,15
training,7105.0,358.0,priority_skewed,358,6210225312275172439,a7b1c1afac6a7a1e,15
training,7105.0,359.0,staggered_interactive,359,7362156947627068135,69dd36bfa62173b0,15
training,7105.0,360.0,short_jobs,360,5326103754241259014,59bf285c06f787dc,15
training,7105.0,361.0,long_jobs,361,4082582440092316851,9d32c43423a419bd,15
training,7105.0,362.0,mixed,362,7162536521576778496,30f10109ce43b4fe,15
training,7105.0,363.0,cpu_bursty,363,7062352523638007637,5dbb508e6deb3c58,15
training,7105.0,364.0,priority_skewed,364,1721835772936779738,a49a63dbaa4fdca0,15
training,7105.0,365.0,staggered_interactive,365,4241701273836324174,62c84b14b2693fbe,15
training,7105.0,366.0,short_jobs,366,6715411427971072171,46bed66caecf22c2,15
training,7105.0,367.0,long_jobs,367,6177849446222801897,5fb3170cbce9e1eb,15
training,7105.0,368.0,mixed,368,2438698342151363234,abde0219311f5f21,15
training,7105.0,369.0,cpu_bursty,369,5908513965134434856,eccf29e1ccb8dcf6,15
training,7105.0,370.0,priority_skewed,370,4801708452863211633,efa3c5deb9bce51e,15
training,7105.0,371.0,staggered_interactive,371,7533606609399483898,afa7e0dc12b24ed0,15
training,7105.0,372.0,short_jobs,372,5235246972236292937,fab767031f80f2f4,15
training,7105.0,373.0,long_jobs,373,6874487317574652080,1807f821e010e685,15
training,7105.0,374.0,mixed,374,3587454742434719110,7cb38930884cb5cb,15
training,7105.0,375.0,cpu_bursty,375,1623949002652438046,abd4497e3da4cf45,15
training,7105.0,376.0,priority_skewed,376,745466378299125833,3f3966813e4310a6,15
training,7105.0,377.0,staggered_interactive,377,1294759406000503629,3e44af1bf9610756,15
training,7105.0,378.0,short_jobs,378,8858274655578482732,d6abcc54d1a5ee6f,15
training,7105.0,379.0,long_jobs,379,8456246250456767284,437774d038a50a3c,15
training,7105.0,380.0,mixed,380,8385132296242664775,c6193577dc27aead,15
training,7105.0,381.0,cpu_bursty,381,2602537536939972146,1774cad2242ca4bc,15
training,7105.0,382.0,priority_skewed,382,7561791373131562975,201c54ad12350d7f,15
training,7105.0,383.0,staggered_interactive,383,7295869769679859403,7690315ae0ae1d51,15
training,7105.0,384.0,short_jobs,384,5133214497840102534,f1f51e8329092925,15
training,7105.0,385.0,long_jobs,385,2843491485308507910,e57cf1dbefed5069,15
training,7105.0,386.0,mixed,386,486536606808868905,c16ac3f0b1673ee4,15
training,7105.0,387.0,cpu_bursty,387,9186190272409521772,cee5620313ac97e4,15
training,7105.0,388.0,priority_skewed,388,741323349584000604,0659530ca4da5f57,15
training,7105.0,389.0,staggered_interactive,389,1605757665948027672,ceba22a6633e801a,15
training,7105.0,390.0,short_jobs,390,5776785991714678452,a7301f9cea0e3508,15
training,7105.0,391.0,long_jobs,391,6333846863825231419,857c27b9e6fe82d4,15
training,7105.0,392.0,mixed,392,1092749436748908536,6d5af18ae84f057f,15
training,7105.0,393.0,cpu_bursty,393,8727426560975676038,db4c9700f380c164,15
training,7105.0,394.0,priority_skewed,394,6940497552235860541,87ea99ba4248d12b,15
training,7105.0,395.0,staggered_interactive,395,1298665093544489444,e386923c8ae7204d,15
training,7105.0,396.0,short_jobs,396,450605142450257593,7d73a4bc4b507954,15
training,7105.0,397.0,long_jobs,397,7583856729563504039,1739f827749ac65b,15
training,7105.0,398.0,mixed,398,448816799020390387,a3f948ec205aceff,15
training,7105.0,399.0,cpu_bursty,399,1515651879408089902,e1cb50bf118c8368,15
training,7105.0,400.0,priority_skewed,400,8916108565675994316,5a663a07300bfd71,15
training,7105.0,401.0,staggered_interactive,401,39447467553188421,f0a2d8197004a487,15
training,7105.0,402.0,short_jobs,402,3515143421692553786,2955ca467a5e78d5,15
training,7105.0,403.0,long_jobs,403,1625598022309890889,4950bcc76a1dd20b,15
training,7105.0,404.0,mixed,404,8615503956097448036,3869b38334830e22,15
training,7105.0,405.0,cpu_bursty,405,9123127754067508971,ef9d2b8903628d76,15
training,7105.0,406.0,priority_skewed,406,3793632470760737778,ceb6ee4b98a263bc,15
training,7105.0,407.0,staggered_interactive,407,7068801490990839858,1ed88990c14d7d89,15
training,7105.0,408.0,short_jobs,408,8888953981523607248,4b6aca4f4ef3f63b,15
training,7105.0,409.0,long_jobs,409,2159520919254993653,30afcae9496b25e3,15
training,7105.0,410.0,mixed,410,1429134380855399118,bcd664cace8e3646,15
training,7105.0,411.0,cpu_bursty,411,9082825978527757951,551fce4f1a95f412,15
training,7105.0,412.0,priority_skewed,412,5466260604386823337,441f487580e68c82,15
training,7105.0,413.0,staggered_interactive,413,1775267337963296730,0e780b468a6ea813,15
training,7105.0,414.0,short_jobs,414,4494913993648535147,8fd11fca33448745,15
training,7105.0,415.0,long_jobs,415,1527014516345388079,088c5b4b3efe2aad,15
training,7105.0,416.0,mixed,416,2957921472853739806,9c565fc40b5bb12f,15
training,7105.0,417.0,cpu_bursty,417,2558186577795153989,fb4efa86457e9912,15
training,7105.0,418.0,priority_skewed,418,2284739958213238265,97d2d2a07ae98d0f,15
training,7105.0,419.0,staggered_interactive,419,4393793180985194909,8604af1ec916b633,15
training,7105.0,420.0,short_jobs,420,123610323700917542,336c2c3424cc126f,15
training,7105.0,421.0,long_jobs,421,689797067829424234,9e94c283aee18ad2,15
training,7105.0,422.0,mixed,422,4346900993105891012,7b431a4308cab28f,15
training,7105.0,423.0,cpu_bursty,423,6267776793630849446,89332c4585855248,15
training,7105.0,424.0,priority_skewed,424,8108135673344851410,e9b652aea8166e16,15
training,7105.0,425.0,staggered_interactive,425,4659277000066001830,0fd613cb801b3a33,15
training,7105.0,426.0,short_jobs,426,66126141414708858,7b4692224bd9c01e,15
training,7105.0,427.0,long_jobs,427,7979974359536251838,9436acc99cadad16,15
training,7105.0,428.0,mixed,428,1554190508117043456,10dd142dfaab189f,15
training,7105.0,429.0,cpu_bursty,429,727644893880966374,d096cfee99c8f3b8,15
training,7105.0,430.0,priority_skewed,430,8843161274282326068,8c427323631db33c,15
training,7105.0,431.0,staggered_interactive,431,2657564405039611816,be6b05d0802cfd23,15
training,7105.0,432.0,short_jobs,432,4638615147524826784,fdc7a80cfad107b8,15
training,7105.0,433.0,long_jobs,433,6788956289737846682,31d70e73020fac36,15
training,7105.0,434.0,mixed,434,1519249513491041628,39f6b12ab39ca10c,15
training,7105.0,435.0,cpu_bursty,435,4246258728022607524,661503f6adc0d1e0,15
training,7105.0,436.0,priority_skewed,436,1148370840342348240,6a59e40c29797b20,15
training,7105.0,437.0,staggered_interactive,437,4025536541083458143,f4fcdb6218b285ea,15
training,7105.0,438.0,short_jobs,438,6919875777296576762,4f0b08f7a8f7cddf,15
training,7105.0,439.0,long_jobs,439,8598042158739536761,ffdfdb95c634ac89,15
training,7105.0,440.0,mixed,440,6869108641845416807,d42fd53dd29d30d7,15
training,7105.0,441.0,cpu_bursty,441,3148661534167054039,353625fa9651d350,15
training,7105.0,442.0,priority_skewed,442,948588915576896414,e8416c8ebba29dfd,15
training,7105.0,443.0,staggered_interactive,443,3869366499624434390,f747585e63416991,15
training,7105.0,444.0,short_jobs,444,7916787233850722760,6b2b2226a5ec7b38,15
training,7105.0,445.0,long_jobs,445,3458571452230607904,97b3cbd3a104bbb5,15
training,7105.0,446.0,mixed,446,674642519449087792,6fb0d7dab145c804,15
training,7105.0,447.0,cpu_bursty,447,2889664652107338238,4f717f1454ac98b7,15
training,7105.0,448.0,priority_skewed,448,8020941918214821962,bc0131bd604faf69,15
training,7105.0,449.0,staggered_interactive,449,4003445152290132992,e6da38a9664b0f19,15
training,7105.0,450.0,short_jobs,450,588470864250796847,7ca6f560f88ffc99,15
training,7105.0,451.0,long_jobs,451,594823029244724697,6f047f96849b8ccf,15
training,7105.0,452.0,mixed,452,2066387828875079088,031586f9ebb993ad,15
training,7105.0,453.0,cpu_bursty,453,2972994741290563737,4e8c3c79ecd8c263,15
training,7105.0,454.0,priority_skewed,454,5424575773784123588,a880b5dbd2db9876,15
training,7105.0,455.0,staggered_interactive,455,7550950423738790226,d6757ed08ee2e65a,15
training,7105.0,456.0,short_jobs,456,9648916812392849,668501cc0391feaa,15
training,7105.0,457.0,long_jobs,457,5407930032755096022,ed859f5b69edc35e,15
training,7105.0,458.0,mixed,458,7263981426997835580,bf83e32bf79c3584,15
training,7105.0,459.0,cpu_bursty,459,8782624003826591399,230a5752afd37362,15
training,7105.0,460.0,priority_skewed,460,8581579031963792639,393b60b424eba19b,15
training,7105.0,461.0,staggered_interactive,461,4402762923540191817,951e2104540653ad,15
training,7105.0,462.0,short_jobs,462,5921895648547270765,2bfc93a81674f8f5,15
training,7105.0,463.0,long_jobs,463,7159500340495991267,d8785d92244f71ae,15
training,7105.0,464.0,mixed,464,4737854580030096081,e8ae7389715d6f09,15
training,7105.0,465.0,cpu_bursty,465,1274834659924849368,7b026c36268cfbef,15
training,7105.0,466.0,priority_skewed,466,3091534249848498682,70e45cc18b998f55,15
training,7105.0,467.0,staggered_interactive,467,6295176010839636559,a827edb44451ccb0,15
training,7105.0,468.0,short_jobs,468,8408527489764199563,db3ff2f105cacdcd,15
training,7105.0,469.0,long_jobs,469,2732892733476792873,a0045e90d6611c41,15
training,7105.0,470.0,mixed,470,4712658798121774260,45ee7c2bc6d50e20,15
training,7105.0,471.0,cpu_bursty,471,6260699162842762518,3e0892a793619038,15
training,7105.0,472.0,priority_skewed,472,1044079077734718563,ef383e3c75571892,15
training,7105.0,473.0,staggered_interactive,473,8234612458779067539,94814b6626fdfece,15
training,7105.0,474.0,short_jobs,474,1981309501745724059,d376ba9a7eb9e18d,15
training,7105.0,475.0,long_jobs,475,4308619307333901242,4dbcc99c3226e266,15
training,7105.0,476.0,mixed,476,6972787170587923116,a945861a834903fa,15
training,7105.0,477.0,cpu_bursty,477,8568936732078093242,5639b0b9fa9687a1,15
training,7105.0,478.0,priority_skewed,478,7391636774414422392,83ff3a7d59f4c726,15
training,7105.0,479.0,staggered_interactive,479,6030190990420430366,6ff5c827467b9246,15
training,7105.0,480.0,short_jobs,480,7091668671626264488,e0d89f058f39b226,15
training,7105.0,481.0,long_jobs,481,8121412391836678893,1c8194627ba56f9d,15
training,7105.0,482.0,mixed,482,780800379117612972,15a73d47e2e5a96f,15
training,7105.0,483.0,cpu_bursty,483,2293412928072339267,bcf4271bab716b5b,15
training,7105.0,484.0,priority_skewed,484,4019182342071092623,7dd29475bee8dd54,15
training,7105.0,485.0,staggered_interactive,485,4128587564368606425,3f05cf0cc3beadb8,15
training,7105.0,486.0,short_jobs,486,3293500494357089878,dccd0e4799a20ac0,15
training,7105.0,487.0,long_jobs,487,1277749925554812569,afe0ec26c6757fa8,15
training,7105.0,488.0,mixed,488,6136741660196072928,391133ee943b3ba4,15
training,7105.0,489.0,cpu_bursty,489,7239491317599920064,ffab673eb88344e7,15
training,7105.0,490.0,priority_skewed,490,7403891735618728453,9bacade934eefccf,15
training,7105.0,491.0,staggered_interactive,491,2778006149966744102,aeb3334124972c2d,15
training,7105.0,492.0,short_jobs,492,1750180212030294355,49df8aa5c90afaaf,15
training,7105.0,493.0,long_jobs,493,7306791393873440986,ad2e8194f4b3a0c6,15
training,7105.0,494.0,mixed,494,4368703402134095314,7f159d2054a95762,15
training,7105.0,495.0,cpu_bursty,495,9113817039189689300,84ab4805cab7f252,15
training,7105.0,496.0,priority_skewed,496,5009767330458633188,802e5eab89c65703,15
training,7105.0,497.0,staggered_interactive,497,8854245442644235841,d9f93db8d5895ea3,15
training,7105.0,498.0,short_jobs,498,8607045287808680835,68cbb598f5272fc7,15
training,7105.0,499.0,long_jobs,499,2297663872477264818,51c2b8097d6c1dc9,15
training,7105.0,500.0,mixed,500,444570071642097593,659aca27aa936f43,15
training,7105.0,501.0,cpu_bursty,501,7488293077763734355,11c16cb630d3358b,15
training,7105.0,502.0,priority_skewed,502,7171830412411440823,5b80b27f0dda160b,15
training,7105.0,503.0,staggered_interactive,503,2913927161156075036,71a4ef7709f87501,15
training,7105.0,504.0,short_jobs,504,3638302065935845817,c429cf761c376cee,15
training,7105.0,505.0,long_jobs,505,3752721155650320978,a0f7dae5634d2c25,15
training,7105.0,506.0,mixed,506,7539798212557114548,47356cb4c8d1c36c,15
training,7105.0,507.0,cpu_bursty,507,3277317112945044909,7f04208799a00d65,15
training,7105.0,508.0,priority_skewed,508,825976312014579183,ad294e98a8fe3403,15
training,7105.0,509.0,staggered_interactive,509,5374565045923759270,d02d9bb5eb083765,15
training,7105.0,510.0,short_jobs,510,1465477333479471862,17a48d7f337c1a63,15
training,7105.0,511.0,long_jobs,511,4072924619531488788,de2b59af6f63bb41,15
training,7105.0,512.0,mixed,512,4324314437024222290,a0fd5e51a02db14b,15
training,7105.0,513.0,cpu_bursty,513,2304591493580260408,dadbf5be7c1eb11d,15
training,7105.0,514.0,priority_skewed,514,1601037800790487819,b23506da5e30ff49,15
training,7105.0,515.0,staggered_interactive,515,6178109668546931639,e013d31b31ca4d56,15
training,7105.0,516.0,short_jobs,516,8605359462859755881,df9a1db5b73a865f,15
training,7105.0,517.0,long_jobs,517,232017817454733027,ef1d9a01bd92c50e,15
training,7105.0,518.0,mixed,518,2077767102305599917,7ba66408c8550fa9,15
training,7105.0,519.0,cpu_bursty,519,1388338618691123093,c5591723bb379e0b,15
training,7105.0,520.0,priority_skewed,520,6148923454120926538,f1390a5b22b8a3ae,15
training,7105.0,521.0,staggered_interactive,521,294012616747546248,d4f57e36e1f1403c,15
training,7105.0,522.0,short_jobs,522,1531999744938360529,14d6b138b5dc6d1e,15
training,7105.0,523.0,long_jobs,523,4205613500497798027,2a178bfa7f3d89b7,15
training,7105.0,524.0,mixed,524,3201980213089459812,e11481ee4a62ea14,15
training,7105.0,525.0,cpu_bursty,525,324517176594152036,ea200abf6c281bf8,15
training,7105.0,526.0,priority_skewed,526,6021605232431985281,17384be1b73efe9b,15
training,7105.0,527.0,staggered_interactive,527,3033832813933239215,5e28ba6b2e50c456,15
training,7105.0,528.0,short_jobs,528,6419736563004293602,e70e604e9cdd6c6b,15
training,7105.0,529.0,long_jobs,529,2857676461894443856,9b849c58ee559ddb,15
training,7105.0,530.0,mixed,530,7600863716477319707,8934beeee41dddd7,15
training,7105.0,531.0,cpu_bursty,531,1101150809155082697,1157b16c28736ccc,15
training,7105.0,532.0,priority_skewed,532,6174535549538083630,68df7a66a616ba94,15
training,7105.0,533.0,staggered_interactive,533,4317419378863219737,4adc27da10189099,15
training,7105.0,534.0,short_jobs,534,4185194048015444894,af84a65796ff8e2d,15
training,7105.0,535.0,long_jobs,535,8468663557848563322,06cf980e3eb31b32,15
training,7105.0,536.0,mixed,536,4429253870800274629,3cabe473f5bf9e56,15
training,7105.0,537.0,cpu_bursty,537,6160865005907980596,a7e9f89271525a38,15
training,7105.0,538.0,priority_skewed,538,3099475304056182814,7e0704aed95c3d55,15
training,7105.0,539.0,staggered_interactive,539,7935874314896373125,6a5d6b0f2b296ecd,15
training,7105.0,540.0,short_jobs,540,1951341036207156347,c5c4a6428c8e9727,15
training,7105.0,541.0,long_jobs,541,8063565777770347882,1261d791c7760c4c,15
training,7105.0,542.0,mixed,542,2388887268299744675,15f0ba2455c39ad9,15
training,7105.0,543.0,cpu_bursty,543,7146073330614916506,ab287224a5dd5df8,15
training,7105.0,544.0,priority_skewed,544,1662234353312523047,d857dab9078378bc,15
training,7105.0,545.0,staggered_interactive,545,3763287096747239618,8a5702d6ff84cbc3,15
training,7105.0,546.0,short_jobs,546,8966693095933617596,4617cd832d7cdc27,15
training,7105.0,547.0,long_jobs,547,8906833569975463951,2888e27c34ec7c9b,15
training,7105.0,548.0,mixed,548,5799302883334202712,d7278f946e74a988,15
training,7105.0,549.0,cpu_bursty,549,4937526793393146012,49113235cb369c7f,15
training,7105.0,550.0,priority_skewed,550,8993208630209758828,746622cf78275aa7,15
training,7105.0,551.0,staggered_interactive,551,6612284578461616364,148b5c3f5257bb4f,15
training,7105.0,552.0,short_jobs,552,316579257380124355,39e3ea603826db63,15
training,7105.0,553.0,long_jobs,553,81464437078296015,010abccda79a87d9,15
training,7105.0,554.0,mixed,554,994623313159693522,eef97b2f144bd95d,15
training,7105.0,555.0,cpu_bursty,555,4077492978044133992,b194446abbf6029e,15
training,7105.0,556.0,priority_skewed,556,1078218830890454414,49c14c72e7bee909,15
training,7105.0,557.0,staggered_interactive,557,7294211915884950913,9100a21192dad6da,15
training,7105.0,558.0,short_jobs,558,718492407078820763,e06c271ffe5ce529,15
training,7105.0,559.0,long_jobs,559,3787765161152094995,abf26c69f2d088cd,15
training,7105.0,560.0,mixed,560,8883186437563364514,e8386118c077fc24,15
training,7105.0,561.0,cpu_bursty,561,4461171980453253732,0cbe2e53c538e95b,15
training,7105.0,562.0,priority_skewed,562,4616265278426164820,6e01887a93b5caf8,15
training,7105.0,563.0,staggered_interactive,563,3973718858475341657,b04762f5fbf7a17a,15
training,7105.0,564.0,short_jobs,564,414895477574506835,de2f356cbeb41b3a,15
training,7105.0,565.0,long_jobs,565,781452534949345405,fe3bc9f11aeda0a4,15
training,7105.0,566.0,mixed,566,2445460588344312093,751be25b9ceba13e,15
training,7105.0,567.0,cpu_bursty,567,8177845057038127817,5b729be6ce40d3db,15
training,7105.0,568.0,priority_skewed,568,8608760850457639911,756c21038612c273,15
training,7105.0,569.0,staggered_interactive,569,3341381624302970318,9aca309ba9cebe1c,15
training,7105.0,570.0,short_jobs,570,8892588866893954692,788e5a57907c2051,15
training,7105.0,571.0,long_jobs,571,4767121909156042048,c9165d012d0b0e2b,15
training,7105.0,572.0,mixed,572,8654448452099951508,b6ae81c38f447bd6,15
training,7105.0,573.0,cpu_bursty,573,2922911574662442554,9af033e5e5be3e27,15
training,7105.0,574.0,priority_skewed,574,7222365502774404411,dd58608ac55a93de,15
training,7105.0,575.0,staggered_interactive,575,3463794709982180864,98ff06532a5751d6,15
training,7105.0,576.0,short_jobs,576,7176844074877884445,3d00a6db66ac3820,15
training,7105.0,577.0,long_jobs,577,3623426668459786331,2a7150290011f579,15
training,7105.0,578.0,mixed,578,6561077308460562830,073434ea596c5479,15
training,7105.0,579.0,cpu_bursty,579,6252703495226203754,07bcec1e304e815e,15
training,7105.0,580.0,priority_skewed,580,1276906262422558114,93d7fbd1c6354e54,15
training,7105.0,581.0,staggered_interactive,581,2523260018513252257,cc275e55a71b87da,15
training,7105.0,582.0,short_jobs,582,1921866153494419299,d35f3aac838ec59a,15
training,7105.0,583.0,long_jobs,583,8632501965779463846,641e03202cfa4968,15
training,7105.0,584.0,mixed,584,3247608652126638639,29ef46d7940c86db,15
training,7105.0,585.0,cpu_bursty,585,4621980549139759037,0bf459e8b80e516b,15
training,7105.0,586.0,priority_skewed,586,7434945119802667801,9831896374a8914b,15
training,7105.0,587.0,staggered_interactive,587,5437694423485726524,2482fc47b2528269,15
training,7105.0,588.0,short_jobs,588,8680235646849453287,9c2a7cb5114a966d,15
training,7105.0,589.0,long_jobs,589,4712461851117379178,fce18b9062f6dc6f,15
training,7105.0,590.0,mixed,590,2208477679067568497,63372befb7f3e649,15
training,7105.0,591.0,cpu_bursty,591,6919520153489455419,ed78722771400eb1,15
training,7105.0,592.0,priority_skewed,592,4965832768362466556,d810c954df151d60,15
training,7105.0,593.0,staggered_interactive,593,6297405215364429144,33b1f5063d2c46e2,15
training,7105.0,594.0,short_jobs,594,39470089860030828,a1db89dad348ce44,15
training,7105.0,595.0,long_jobs,595,6778019992685771364,d127a95fd45eda68,15
training,7105.0,596.0,mixed,596,5873204603455277653,eeec5e5242609895,15
training,7105.0,597.0,cpu_bursty,597,5359574816354440738,1248b0e2a3e8eb89,15
training,7105.0,598.0,priority_skewed,598,2475452418450302902,ed1836d4535efb4a,15
training,7105.0,599.0,staggered_interactive,599,3919558675703056999,9f25c3f803d29c3c,15
training,7105.0,600.0,short_jobs,600,1420868533478255875,d8ef9f131d302fe7,15
training,7105.0,601.0,long_jobs,601,5865289109750955005,2861cd32031dd3a8,15
training,7105.0,602.0,mixed,602,2029002160269404684,402efe545f320a03,15
training,7105.0,603.0,cpu_bursty,603,1370062697876816104,eb92e0d17f9f956b,15
training,7105.0,604.0,priority_skewed,604,5371770213934853048,f1600e5895e07d77,15
training,7105.0,605.0,staggered_interactive,605,3310575051688561188,7bbe608298f5deab,15
training,7105.0,606.0,short_jobs,606,1383637030579651208,7c71bc1b0b07b2c2,15
training,7105.0,607.0,long_jobs,607,948027190209625309,d24fe2a46c76e085,15
training,7105.0,608.0,mixed,608,6473568112075918730,04d397288a2561b7,15
training,7105.0,609.0,cpu_bursty,609,1314540301082507287,17eb0bc8e8b0d4d0,15
training,7105.0,610.0,priority_skewed,610,6012329003150496456,a56334eb9669b47d,15
training,7105.0,611.0,staggered_interactive,611,3424262027546309882,1e1250df1b5766d4,15
training,7105.0,612.0,short_jobs,612,8768450929610675967,5d2848959f737a44,15
training,7105.0,613.0,long_jobs,613,4248690770783959846,5c9f0802b66e0052,15
training,7105.0,614.0,mixed,614,7556439814413146922,c692a8e90d8526c6,15
training,7105.0,615.0,cpu_bursty,615,58648858205685240,88dca2044bb29ded,15
training,7105.0,616.0,priority_skewed,616,3429332131953469351,a867cd9e8f132a5b,15
training,7105.0,617.0,staggered_interactive,617,6864673697050831227,9b3ae2dad5e63a72,15
training,7105.0,618.0,short_jobs,618,467237670358550576,44bb2c86e8c39c35,15
training,7105.0,619.0,long_jobs,619,815008660420083512,99a1fcc72b5859fb,15
training,7105.0,620.0,mixed,620,4112971494107926819,b6974ca208fb0068,15
training,7105.0,621.0,cpu_bursty,621,6020250167345674964,b9a0ba6d15b5423b,15
training,7105.0,622.0,priority_skewed,622,2053124391069385322,3aa80f0a039e6644,15
training,7105.0,623.0,staggered_interactive,623,8344955930120584010,2e3c13c28f706bc6,15
training,7105.0,624.0,short_jobs,624,82752684345278942,75eba2402651c6f3,15
training,7105.0,625.0,long_jobs,625,2801735160882712267,dc30d60c8866baa8,15
training,7105.0,626.0,mixed,626,1169115621693363867,cf71bca57fe73baf,15
training,7105.0,627.0,cpu_bursty,627,9008535478485067718,54e7f94263de25cb,15
training,7105.0,628.0,priority_skewed,628,6031462899595800468,689d41610b74f99f,15
training,7105.0,629.0,staggered_interactive,629,2826044114913328946,a6d00510c97ffef0,15
training,7105.0,630.0,short_jobs,630,5665796344436807364,9caf1b74aaf11078,15
training,7105.0,631.0,long_jobs,631,1977765031401760685,dbe561b8be9dbd98,15
training,7105.0,632.0,mixed,632,5629209061767875352,ca775f2be386ad4f,15
training,7105.0,633.0,cpu_bursty,633,216654248298407400,cee53690fac1198c,15
training,7105.0,634.0,priority_skewed,634,7225128415890715468,5955adaaf1e548b2,15
training,7105.0,635.0,staggered_interactive,635,8518843029381412879,e196fdbfcd737350,15
training,7105.0,636.0,short_jobs,636,1146724914518542623,44bd3038c5411a67,15
training,7105.0,637.0,long_jobs,637,4743489105376143433,9cb1566fec1eda38,15
training,7105.0,638.0,mixed,638,1881067808769798713,6bf37172751d2d0e,15
training,7105.0,639.0,cpu_bursty,639,8136268879750924262,e861ec886a53f39a,15
training,7105.0,640.0,priority_skewed,640,4534142798031137291,27d8ffa1da4c6f90,15
training,7105.0,641.0,staggered_interactive,641,329436100725025383,fb02b3d8d68ed1d8,15
training,7105.0,642.0,short_jobs,642,4838161784613685033,1cb814d118f8221d,15
training,7105.0,643.0,long_jobs,643,2267270433429382630,ceeb67d8f711cfdc,15
training,7105.0,644.0,mixed,644,556768324112387204,cb131ebe3cb1e78b,15
training,7105.0,645.0,cpu_bursty,645,8147370291505805848,a6dc0682d03d5909,15
training,7105.0,646.0,priority_skewed,646,8265712079646808487,91d6e878f3298a5a,15
training,7105.0,647.0,staggered_interactive,647,678596708919037343,f0ff33faf394d419,15
training,7105.0,648.0,short_jobs,648,3731955184211812747,9dc4ae868da28125,15
training,7105.0,649.0,long_jobs,649,6120158440757342727,b574e6940dc3a784,15
training,7105.0,650.0,mixed,650,2224961135261575276,69c12ae8134faaf2,15
training,7105.0,651.0,cpu_bursty,651,73118908990456462,917c3ffa5182e3da,15
training,7105.0,652.0,priority_skewed,652,8002977437428142712,0fe66ba8125b6b81,15
training,7105.0,653.0,staggered_interactive,653,1543856076497718163,c3c174a39c29406a,15
training,7105.0,654.0,short_jobs,654,8137329372377412049,849d49e77492beda,15
training,7105.0,655.0,long_jobs,655,3034553506100141660,ed9c3374f0601e3b,15
training,7105.0,656.0,mixed,656,9204057331922034136,93ca287d47424770,15
training,7105.0,657.0,cpu_bursty,657,2953869269949964850,33056c0c451f1d56,15
training,7105.0,658.0,priority_skewed,658,7180513810446116741,4213218b63e4b980,15
training,7105.0,659.0,staggered_interactive,659,3558522781410712909,7ef288057077c17e,15
training,7105.0,660.0,short_jobs,660,890006174624618179,fc51294211d358f4,15
training,7105.0,661.0,long_jobs,661,7771080766194777944,8bda492dd17b4585,15
training,7105.0,662.0,mixed,662,4133540137583565958,ef762b59f729dc1f,15
training,7105.0,663.0,cpu_bursty,663,4329709063715642824,dc09313071016353,15
training,7105.0,664.0,priority_skewed,664,809302358332625867,bc9cfb68510ea5b0,15
training,7105.0,665.0,staggered_interactive,665,4421673082667139427,664b6e7e233e7102,15
training,7105.0,666.0,short_jobs,666,7623449206915751648,0c05d5f94f2487f9,15
training,7105.0,667.0,long_jobs,667,2780248062882738141,e454eb220d7ba6ef,15
training,7105.0,668.0,mixed,668,6839231433218358099,ae1e4adf574db78a,15
training,7105.0,669.0,cpu_bursty,669,7551000411788514617,4061defb74e76db9,15
training,7105.0,670.0,priority_skewed,670,4446273960735929542,daeeebc26a186658,15
training,7105.0,671.0,staggered_interactive,671,1631505512153177517,39965ea2bf74a31d,15
training,7105.0,672.0,short_jobs,672,5997632090762847410,3ba546da5ea56c87,15
training,7105.0,673.0,long_jobs,673,4960623312748478190,b0d77ba73d814783,15
training,7105.0,674.0,mixed,674,5533003354917526134,213850767a0fcee7,15
training,7105.0,675.0,cpu_bursty,675,4091222613388796530,9b6c013c004fa7cb,15
training,7105.0,676.0,priority_skewed,676,1105173509989207141,1c03d92941baf860,15
training,7105.0,677.0,staggered_interactive,677,3840609183627234965,425a51b4b7afa573,15
training,7105.0,678.0,short_jobs,678,8740200100179520739,abacf05b5c42d99d,15
training,7105.0,679.0,long_jobs,679,2988463397549892624,a1e9eba96569fb94,15
training,7105.0,680.0,mixed,680,4722545995009723018,2fb088276d2c1c87,15
training,7105.0,681.0,cpu_bursty,681,4614049693579401224,b0c9edcaa7904afe,15
training,7105.0,682.0,priority_skewed,682,851447727880751376,e14ebf4b78ffa7d0,15
training,7105.0,683.0,staggered_interactive,683,1975097215632502474,fd9eb672d091072a,15
training,7105.0,684.0,short_jobs,684,6342062166335910954,010b03a634e21823,15
training,7105.0,685.0,long_jobs,685,4765460878948341024,bbdb2da87c8108ab,15
training,7105.0,686.0,mixed,686,5167850772321554028,61dacfffa1a81ae7,15
training,7105.0,687.0,cpu_bursty,687,5978291521619977904,55d4f0ec5673e0c4,15
training,7105.0,688.0,priority_skewed,688,888884773336364501,b3c060bff24b340d,15
training,7105.0,689.0,staggered_interactive,689,6568457765622254559,b11364337061c16f,15
training,7105.0,690.0,short_jobs,690,5979490717430932720,2297ac2545a9c331,15
training,7105.0,691.0,long_jobs,691,909899314569063287,07fda50fd1ebb2b9,15
training,7105.0,692.0,mixed,692,7209216678552855230,6fbbc96506cbdc93,15
training,7105.0,693.0,cpu_bursty,693,5423257248553689835,2624eb8417599cf4,15
training,7105.0,694.0,priority_skewed,694,4711394223378240314,21e8ee81a050662e,15
training,7105.0,695.0,staggered_interactive,695,8063069006428803001,dac1bb6869d4d002,15
training,7105.0,696.0,short_jobs,696,4421835062281688872,f8d6a5735e701565,15
training,7105.0,697.0,long_jobs,697,9018369680921299264,2eb185dd5b2ed92f,15
training,7105.0,698.0,mixed,698,8700305935274892644,0a56a351e7531fa6,15
training,7105.0,699.0,cpu_bursty,699,3783832152342350798,69e5edd6a1e07c47,15
training,7105.0,700.0,priority_skewed,700,5640319941433554533,e9bfa63a8bbf81a2,15
training,7105.0,701.0,staggered_interactive,701,2973455638965648914,2b5df29dcb77aaa8,15
training,7105.0,702.0,short_jobs,702,6716700800786221370,7dea8a11208f2598,15
training,7105.0,703.0,long_jobs,703,4907671692784042432,b9a5c40aa674e898,15
training,7105.0,704.0,mixed,704,4435755853691707605,4fdf312124cbcb53,15
training,7105.0,705.0,cpu_bursty,705,3313707087688036707,549f497c26b05198,15
training,7105.0,706.0,priority_skewed,706,847454458845488672,29ccd57478f2f34d,15
training,7105.0,707.0,staggered_interactive,707,8035555379776299478,3f35e20bba5c2bcd,15
training,7105.0,708.0,short_jobs,708,5571801108538456109,c5c86c108ada17fa,15
training,7105.0,709.0,long_jobs,709,5434300751369455659,511890e339ff5e7f,15
training,7105.0,710.0,mixed,710,7991745396354421001,35af2c79717a66f4,15
training,7105.0,711.0,cpu_bursty,711,2377520477163616590,ee577361622f025e,15
training,7105.0,712.0,priority_skewed,712,6286825180960668075,aad4e2319291dc3c,15
training,7105.0,713.0,staggered_interactive,713,2386138993326289978,f58d224a1d5583f4,15
training,7105.0,714.0,short_jobs,714,9081791374941367044,2d1d16c5bcc96085,15
training,7105.0,715.0,long_jobs,715,5251973022568485796,af07c671515a6daf,15
training,7105.0,716.0,mixed,716,8496408373328153890,cf7aee01efdb6e6f,15
training,7105.0,717.0,cpu_bursty,717,7800407447400734769,9a94289158eea951,15
training,7105.0,718.0,priority_skewed,718,6414593867071234557,a8c5b28e6bdb7f7c,15
training,7105.0,719.0,staggered_interactive,719,3925827761808826606,2ed615e16fcb9123,15
training,7105.0,720.0,short_jobs,720,1801501539849535145,91ca2121521af3e3,15
training,7105.0,721.0,long_jobs,721,8601684923931142239,c652c25a1a4710d6,15
training,7105.0,722.0,mixed,722,4059087637196115475,cb15db3e76e803ad,15
training,7105.0,723.0,cpu_bursty,723,2550531219381522331,3d46749db1252a8b,15
training,7105.0,724.0,priority_skewed,724,1695626468658503109,980500dea5daf760,15
training,7105.0,725.0,staggered_interactive,725,5058711227803546311,82648acec9fce011,15
training,7105.0,726.0,short_jobs,726,3521655972880918272,8d9e8410e4ff29c4,15
training,7105.0,727.0,long_jobs,727,2083587215051722648,04af7af5998438a0,15
training,7105.0,728.0,mixed,728,1805862703289823254,7484ef65400665af,15
training,7105.0,729.0,cpu_bursty,729,8218874639008264440,e527fd49e6836607,15
training,7105.0,730.0,priority_skewed,730,5560326609953497749,30a7692c846ccd3a,15
training,7105.0,731.0,staggered_interactive,731,6928374023204417354,c9891f2067b115dc,15
training,7105.0,732.0,short_jobs,732,3203141860014174856,510780de1dc89ce9,15
training,7105.0,733.0,long_jobs,733,7932198605584091953,da9c76fb5e2db3e9,15
training,7105.0,734.0,mixed,734,2923816410923948471,58f709a597c4afe7,15
training,7105.0,735.0,cpu_bursty,735,667451455141723851,6a77bcc6aa6777e6,15
training,7105.0,736.0,priority_skewed,736,4070960976198586045,3d47bafe1c7e7260,15
training,7105.0,737.0,staggered_interactive,737,7710733274573053820,136406307d39503e,15
training,7105.0,738.0,short_jobs,738,859722568691372042,d7cffa8568cabd4d,15
training,7105.0,739.0,long_jobs,739,2724185428274020028,440ef493a97663f6,15
training,7105.0,740.0,mixed,740,504706100258368022,1316811e7cf6d853,15
training,7105.0,741.0,cpu_bursty,741,1717690858764923503,dd5ff0b8f5257478,15
training,7105.0,742.0,priority_skewed,742,7910500746055106450,2c915b6476889056,15
training,7105.0,743.0,staggered_interactive,743,3255933829433960021,cdbadf96bcf0481d,15
training,7105.0,744.0,short_jobs,744,697623332465609303,3f4744045c23a0eb,15
training,7105.0,745.0,long_jobs,745,447463477386970937,06ffff1fba196474,15
training,7105.0,746.0,mixed,746,5332343102710373663,3434c056cc09f371,15
training,7105.0,747.0,cpu_bursty,747,6480097055878347185,c32b1f7d88321634,15
training,7105.0,748.0,priority_skewed,748,9043559277746938838,e46db66b7fab4fbe,15
training,7105.0,749.0,staggered_interactive,749,1834549623887789914,f700c93272fa9cd7,15
training,7105.0,750.0,short_jobs,750,472352639943951606,fdb255e178c88567,15
training,7105.0,751.0,long_jobs,751,8407999513680728457,49b033073045e560,15
training,7105.0,752.0,mixed,752,646016270786285472,1d5f55fd18bcfae7,15
training,7105.0,753.0,cpu_bursty,753,4134529780451325582,c923cc7e725a8239,15
training,7105.0,754.0,priority_skewed,754,5773810842450474504,8221aaf25b616717,15
training,7105.0,755.0,staggered_interactive,755,8597861189672727180,a7211301605aaf39,15
training,7105.0,756.0,short_jobs,756,2561130919468987147,9bd3ab0f8fa5022a,15
training,7105.0,757.0,long_jobs,757,2341999690278675036,d1bfd7d96f352c53,15
training,7105.0,758.0,mixed,758,3585213213057680472,6fb8639772ab9666,15
training,7105.0,759.0,cpu_bursty,759,5297717143880673683,94f411a744ccbd3c,15
training,7105.0,760.0,priority_skewed,760,222599818965614197,aab8676631e63ac0,15
training,7105.0,761.0,staggered_interactive,761,453792135388267798,60c1be22691d8280,15
training,7105.0,762.0,short_jobs,762,5529669558665914947,100ad1a75c81f6b9,15
training,7105.0,763.0,long_jobs,763,6963319144438383622,b9e8f5054cfaca33,15
training,7105.0,764.0,mixed,764,8349134029969961344,f04d3e6aefc5397b,15
training,7105.0,765.0,cpu_bursty,765,4220808681517393995,1fd7c8f809dd7ef9,15
training,7105.0,766.0,priority_skewed,766,2371897088511217046,ca6088399605bc83,15
training,7105.0,767.0,staggered_interactive,767,7578064139122815701,7e734fc9c1c755e2,15
training,7105.0,768.0,short_jobs,768,8504251504893000352,1c7b7e09dedb256a,15
training,7105.0,769.0,long_jobs,769,4032337095270625408,5d409c388e96ea8d,15
training,7105.0,770.0,mixed,770,4150943787417595860,4c3979290170017b,15
training,7105.0,771.0,cpu_bursty,771,5374424661472482127,72a404319819eecc,15
training,7105.0,772.0,priority_skewed,772,2973515790308043972,cc55f680b0accd3c,15
training,7105.0,773.0,staggered_interactive,773,8643195213058350734,fd789d8bf3426167,15
training,7105.0,774.0,short_jobs,774,7972557963309758701,e4f527fc2bc2370d,15
training,7105.0,775.0,long_jobs,775,9000801444294688085,3d979068b65d436d,15
training,7105.0,776.0,mixed,776,5786894032672142158,1baa72c91ff20af2,15
training,7105.0,777.0,cpu_bursty,777,7564946184609585297,97592a4bc58804ab,15
training,7105.0,778.0,priority_skewed,778,448891841441067726,aeafd9b5d4b97503,15
training,7105.0,779.0,staggered_interactive,779,8364368058127999692,9dc21e8209fba16e,15
training,7105.0,780.0,short_jobs,780,2871439746549616601,62ec255b5df01d64,15
training,7105.0,781.0,long_jobs,781,16933254898810524,f75a92e2f52bd653,15
training,7105.0,782.0,mixed,782,1884391997421041298,24d6e2e52927c0ba,15
training,7105.0,783.0,cpu_bursty,783,3012266107961862761,2fd8a47cef981ca1,15
training,7105.0,784.0,priority_skewed,784,215622671274409078,549c2303d00ed9ca,15
training,7105.0,785.0,staggered_interactive,785,5549154438883886667,143ee971a1b1deb3,15
training,7105.0,786.0,short_jobs,786,4494101223797083299,74c2c97b895b72b0,15
training,7105.0,787.0,long_jobs,787,3163415543084163445,14bfac9270c9e12b,15
training,7105.0,788.0,mixed,788,6522728640002903315,984943b6fa1e339b,15
training,7105.0,789.0,cpu_bursty,789,3753556288927909460,872b015446890369,15
training,7105.0,790.0,priority_skewed,790,3653482479789406061,1142640acfd257c0,15
training,7105.0,791.0,staggered_interactive,791,7324071558010045610,dc5525e199eb6c0d,15
training,7105.0,792.0,short_jobs,792,4371992673837415916,bca3b7f5813d408b,15
training,7105.0,793.0,long_jobs,793,998795805600019258,cc773728ad8c906f,15
training,7105.0,794.0,mixed,794,8592588275951346948,af0f714f88c9a088,15
training,7105.0,795.0,cpu_bursty,795,814558995127936280,d925d54f7ae842f0,15
training,7105.0,796.0,priority_skewed,796,2932826360178337029,6695e43203a3fdfd,15
training,7105.0,797.0,staggered_interactive,797,7634209121375494367,f254d8846a9ab693,15
training,7105.0,798.0,short_jobs,798,9165281356858303205,10695a1153268aba,15
training,7105.0,799.0,long_jobs,799,8521358219022551371,21198fcbe3d73dce,15
training,7105.0,800.0,mixed,800,2200858164631374212,1239fa696b210255,15
training,7105.0,801.0,cpu_bursty,801,6528434553030964725,9e3522c9ce79807d,15
training,7105.0,802.0,priority_skewed,802,957235643561262531,6e690d56d2cbb38b,15
training,7105.0,803.0,staggered_interactive,803,645448961506768797,0c7fd6c25c16396f,15
training,7105.0,804.0,short_jobs,804,2679877835716703968,ff6860e2c7b63216,15
training,7105.0,805.0,long_jobs,805,9174716443009397871,e92ebbc989fbf116,15
training,7105.0,806.0,mixed,806,6161484245505073956,0d8cfd8e1fc71913,15
training,7105.0,807.0,cpu_bursty,807,297829073502196803,03dd7eb92eb8bba6,15
training,7105.0,808.0,priority_skewed,808,8848042376520823756,c8ef2ba5436ac443,15
training,7105.0,809.0,staggered_interactive,809,4645172106959936774,6cff23c61fe81fa7,15
training,7105.0,810.0,short_jobs,810,7598559569272896637,00d7f8e157329f6a,15
training,7105.0,811.0,long_jobs,811,7297963989029853088,905861283c2d65f5,15
training,7105.0,812.0,mixed,812,73768499463997901,e592cb8c74918d88,15
training,7105.0,813.0,cpu_bursty,813,8301428777985431396,7811bc725ef5dade,15
training,7105.0,814.0,priority_skewed,814,4705833549271207480,e42c85641b37535b,15
training,7105.0,815.0,staggered_interactive,815,5072974436083815376,2ec5938c7b0fe2c4,15
training,7105.0,816.0,short_jobs,816,5538566622760661346,a2cd331d28b56db4,15
training,7105.0,817.0,long_jobs,817,1652947062081737989,7c4dd389e258d7fe,15
training,7105.0,818.0,mixed,818,3306417975371358210,49a0c4347bcc24df,15
training,7105.0,819.0,cpu_bursty,819,2918417782256224634,e7fc479c81dc5b80,15
training,7105.0,820.0,priority_skewed,820,1714096780728555265,a0e7317c28712a0e,15
training,7105.0,821.0,staggered_interactive,821,3576365203199899529,df547cee0303a164,15
training,7105.0,822.0,short_jobs,822,7581449381140364953,e7e48ce2cf0e31ac,15
training,7105.0,823.0,long_jobs,823,2261585013979321919,ea52cecec43b214f,15
training,7105.0,824.0,mixed,824,531375564281740642,11b74839b939d277,15
training,7105.0,825.0,cpu_bursty,825,902529739887377834,0ace4df6006b5ba2,15
training,7105.0,826.0,priority_skewed,826,2992345268832117616,9813e1a49a93125c,15
training,7105.0,827.0,staggered_interactive,827,7695406558001389984,6a9c6fc62a6b046c,15
training,7105.0,828.0,short_jobs,828,6998193055883773464,c8b2796c83c42295,15
training,7105.0,829.0,long_jobs,829,4399241992965302659,7afd893f64067299,15
training,7105.0,830.0,mixed,830,5816873434339822748,bdae2ec65e00a9f0,15
training,7105.0,831.0,cpu_bursty,831,6979860878491773308,e54c276e5d18a179,15
training,7105.0,832.0,priority_skewed,832,5785612105299522990,6b8e5d0f7b77434d,15
training,7105.0,833.0,staggered_interactive,833,1035141442374868661,3c2560b005486b85,15
training,7105.0,834.0,short_jobs,834,5347587199042062511,cadca3fd7afcb17a,15
training,7105.0,835.0,long_jobs,835,5934937388579065509,1bf9d79326ff75c1,15
training,7105.0,836.0,mixed,836,1000244408905889927,8a7ffc7bbc282ce4,15
training,7105.0,837.0,cpu_bursty,837,2531613280088446652,915716888947cd87,15
training,7105.0,838.0,priority_skewed,838,4306804791526076607,5d6b1f8a0c5b40a9,15
training,7105.0,839.0,staggered_interactive,839,8631665649046240567,408ad6d125568177,15
training,7105.0,840.0,short_jobs,840,7649445028148633847,1b5e2b9c9b1bf8f4,15
training,7105.0,841.0,long_jobs,841,7983376201350260687,2b6613319cff6e72,15
training,7105.0,842.0,mixed,842,7029662826906604930,0f8b9a81af84f4ea,15
training,7105.0,843.0,cpu_bursty,843,1009766285487389596,6532622fb94ff9f2,15
training,7105.0,844.0,priority_skewed,844,5846373582423912498,e3610ba203fb619a,15
training,7105.0,845.0,staggered_interactive,845,3819754530751017974,06c63ea31c0be26a,15
training,7105.0,846.0,short_jobs,846,6827879774344373698,9d0f805fcb81d857,15
training,7105.0,847.0,long_jobs,847,1920688788113605796,eedbd5f3c27ba573,15
training,7105.0,848.0,mixed,848,4222255009187321594,afa53e534ab07382,15
training,7105.0,849.0,cpu_bursty,849,354776787000627602,cacc3643613b5f60,15
training,7105.0,850.0,priority_skewed,850,8122906357722860833,e0266510b54b9520,15
training,7105.0,851.0,staggered_interactive,851,3449810418759606200,4bed003194588fbd,15
training,7105.0,852.0,short_jobs,852,2465765147751530720,b132372805c397c7,15
training,7105.0,853.0,long_jobs,853,8108959560745286885,d4021474b83937fd,15
training,7105.0,854.0,mixed,854,8565604959472057713,be8c2987a59608a9,15
training,7105.0,855.0,cpu_bursty,855,6519937100616244075,21e3e352a3b193fa,15
training,7105.0,856.0,priority_skewed,856,2233784852673649408,b41579b81c3be02b,15
training,7105.0,857.0,staggered_interactive,857,7456710031766439818,35f100721842c0c2,15
training,7105.0,858.0,short_jobs,858,4697003468809976164,a5352afa47e36bd0,15
training,7105.0,859.0,long_jobs,859,4014834927359609065,220492d570a1e1b7,15
training,7105.0,860.0,mixed,860,2867749634878845779,5c020c2eeafa342c,15
training,7105.0,861.0,cpu_bursty,861,4663260532270081465,32d3a2a89449c24b,15
training,7105.0,862.0,priority_skewed,862,128047550441008634,ba54927613ffa0c8,15
training,7105.0,863.0,staggered_interactive,863,4583189625546761738,89098e93f7cb7cdb,15
training,7105.0,864.0,short_jobs,864,2759378776560742790,541ab432ea3bb6da,15
training,7105.0,865.0,long_jobs,865,6992880727981352222,b79632a137d2d0ac,15
training,7105.0,866.0,mixed,866,5499162913885121176,e05f3b618b1ee928,15
training,7105.0,867.0,cpu_bursty,867,4957560067831844523,da4fa86cf5243ef9,15
training,7105.0,868.0,priority_skewed,868,8202853493337667437,2360230c46570fab,15
training,7105.0,869.0,staggered_interactive,869,9055026132878389320,59b00ba918ee924d,15
training,7105.0,870.0,short_jobs,870,7938330463492886690,a5ae953416012652,15
training,7105.0,871.0,long_jobs,871,8230664290608482514,4dabf396ecd7eb0e,15
training,7105.0,872.0,mixed,872,3091453608556343766,3ee8d41496581333,15
training,7105.0,873.0,cpu_bursty,873,6724579175688095133,7f4a8aee9986c780,15
training,7105.0,874.0,priority_skewed,874,5084949730286594014,8c7a0cd02cab1650,15
training,7105.0,875.0,staggered_interactive,875,714218814405520194,c53c6bfbc0d198fa,15
training,7105.0,876.0,short_jobs,876,2787911499781098133,71abd532ec439d3e,15
training,7105.0,877.0,long_jobs,877,7299072354315881897,77bbb16b7c32b2df,15
training,7105.0,878.0,mixed,878,4903154710948769136,eb0f8bd124aee747,15
training,7105.0,879.0,cpu_bursty,879,4886049313422210393,e5d81bef201afbad,15
training,7105.0,880.0,priority_skewed,880,8760533395431156962,016e6ac5ebb5d22b,15
training,7105.0,881.0,staggered_interactive,881,3290692920750883880,6f46760b695381b5,15
training,7105.0,882.0,short_jobs,882,3646692141971606704,f47432b1198b4826,15
training,7105.0,883.0,long_jobs,883,7156001932531166060,762c7f5805916422,15
training,7105.0,884.0,mixed,884,7541924126131963686,335c4ca3830d7878,15
training,7105.0,885.0,cpu_bursty,885,4437167355341143357,e516bfb61cf36edd,15
training,7105.0,886.0,priority_skewed,886,3046366154054651811,77fe79855077e6d4,15
training,7105.0,887.0,staggered_interactive,887,9024313993788778151,fd785fd679e52b13,15
training,7105.0,888.0,short_jobs,888,7443068529823702593,da515350ab82ce21,15
training,7105.0,889.0,long_jobs,889,7663543317739222264,2c0f59156a421c83,15
training,7105.0,890.0,mixed,890,1901155923063773950,2ec3bb034cb74ade,15
training,7105.0,891.0,cpu_bursty,891,6436106644888488084,bfb82271b4c317a6,15
training,7105.0,892.0,priority_skewed,892,2661720709577806657,61cf54ce6f3c9778,15
training,7105.0,893.0,staggered_interactive,893,4078836552251830688,1b42b5ddd67c5c44,15
training,7105.0,894.0,short_jobs,894,3718848825283415968,194930ab216c95f1,15
training,7105.0,895.0,long_jobs,895,9099046991294536616,68987361efbcecc0,15
training,7105.0,896.0,mixed,896,3188018871393528436,cef3a60cacbba8e5,15
training,7105.0,897.0,cpu_bursty,897,739684199120735061,88c3552762bb0ea3,15
training,7105.0,898.0,priority_skewed,898,5572245114642067130,5938e7585b53101c,15
training,7105.0,899.0,staggered_interactive,899,5139725151832558525,c7fd5e6472c651b9,15
training,7105.0,900.0,short_jobs,900,486273334857774926,dddb7dd926c2d8f8,15
training,7105.0,901.0,long_jobs,901,2118782386499079069,b31742518228ff49,15
training,7105.0,902.0,mixed,902,8093618245938280195,63c008c96387128c,15
training,7105.0,903.0,cpu_bursty,903,6964081555876647706,f5ceed1cbfc2df02,15
training,7105.0,904.0,priority_skewed,904,6247302367161614505,59cc979d19648ff5,15
training,7105.0,905.0,staggered_interactive,905,3936328170113402506,e5b11fb7002069c5,15
training,7105.0,906.0,short_jobs,906,777159424234979566,ba1fd4349bc2209b,15
training,7105.0,907.0,long_jobs,907,1673523746563269229,f871bb5f6e794166,15
training,7105.0,908.0,mixed,908,7937100065633837232,933731677ee998f4,15
training,7105.0,909.0,cpu_bursty,909,6447070519633448363,83c6792ad6a01d25,15
training,7105.0,910.0,priority_skewed,910,7758799365075830556,a2445a2c3ff1599f,15
training,7105.0,911.0,staggered_interactive,911,5868675046953257799,010fb4b0d14d2062,15
training,7105.0,912.0,short_jobs,912,412165594173281236,8bc5b37e806d5b82,15
training,7105.0,913.0,long_jobs,913,2242195723118048346,19875e4a577100ed,15
training,7105.0,914.0,mixed,914,7740388713684152686,a4afb2c9a814d570,15
training,7105.0,915.0,cpu_bursty,915,1294794161342902887,ebe8ffb9baf9410c,15
training,7105.0,916.0,priority_skewed,916,1200410894690372490,3d8587043deaed3e,15
training,7105.0,917.0,staggered_interactive,917,2716030073359727572,dc2bc2aaac616d72,15
training,7105.0,918.0,short_jobs,918,4529193780469359336,189be9cb88f02d3b,15
training,7105.0,919.0,long_jobs,919,3630359719290041959,41d7f4dd7a707b6a,15
training,7105.0,920.0,mixed,920,1640535591886847816,f319779a9a388884,15
training,7105.0,921.0,cpu_bursty,921,1796865677474566039,67a695107d0cbe6e,15
training,7105.0,922.0,priority_skewed,922,8151726503965033887,5fb97e8315ffe7a2,15
training,7105.0,923.0,staggered_interactive,923,7620702361645530135,c887995de8c02464,15
training,7105.0,924.0,short_jobs,924,3979156208739324040,ed23d78e0e42b5f5,15
training,7105.0,925.0,long_jobs,925,1240209521796394373,bb85ac99fd8c3dad,15
training,7105.0,926.0,mixed,926,6184639866585234493,2f3582441ae72542,15
training,7105.0,927.0,cpu_bursty,927,4729164051745015235,2db6b1c073534d60,15
training,7105.0,928.0,priority_skewed,928,1513774743659226100,780413e6fc916144,15
training,7105.0,929.0,staggered_interactive,929,4171872916358981432,64df356cae4a036a,15
training,7105.0,930.0,short_jobs,930,6866310484925341208,3270ba78eebbbf8c,15
training,7105.0,931.0,long_jobs,931,4039826896354825962,1198f4f29caacc56,15
training,7105.0,932.0,mixed,932,3936366606910823767,170ab9eae1042c3e,15
training,7105.0,933.0,cpu_bursty,933,1039793883013970671,8d8af36607ec6f1b,15
training,7105.0,934.0,priority_skewed,934,8718890604278427825,186450c39009938e,15
training,7105.0,935.0,staggered_interactive,935,8056059813490547173,da41a55cf0f00cc9,15
training,7105.0,936.0,short_jobs,936,3432106276079827555,43e0903148a0054e,15
training,7105.0,937.0,long_jobs,937,3190500603325329507,2603314e288ed7f5,15
training,7105.0,938.0,mixed,938,3783844197809960568,d4f43001c867b16c,15
training,7105.0,939.0,cpu_bursty,939,7367915524383177744,efc60628f91d4c87,15
training,7105.0,940.0,priority_skewed,940,3476508832431491874,002b4be61dbbd2c1,15
training,7105.0,941.0,staggered_interactive,941,7262921010164806539,a85f39dbeb748c16,15
training,7105.0,942.0,short_jobs,942,5745931209896506534,306e59c199e226b4,15
training,7105.0,943.0,long_jobs,943,1468548918419632161,c51bf1f3b3e048a4,15
training,7105.0,944.0,mixed,944,8656051009900427733,d5aee94348af2062,15
training,7105.0,945.0,cpu_bursty,945,8620427322585003265,0aba28c4c130abd1,15
training,7105.0,946.0,priority_skewed,946,4741700187379707950,c5cbb2b1e7cdd14e,15
training,7105.0,947.0,staggered_interactive,947,4684738314498135916,21d951c7ac1e4efa,15
training,7105.0,948.0,short_jobs,948,4329325940416342301,41f674968d12087a,15
training,7105.0,949.0,long_jobs,949,1772792542208684986,759bcdd2705ad4ef,15
training,7105.0,950.0,mixed,950,7914905761281320024,2d90d075ea1bba03,15
training,7105.0,951.0,cpu_bursty,951,879609364878198368,e64f0c920b9f1da9,15
training,7105.0,952.0,priority_skewed,952,8277125002819559401,3bc038e2c83f923c,15
training,7105.0,953.0,staggered_interactive,953,4565642955411330990,e1618e1e0a53b352,15
training,7105.0,954.0,short_jobs,954,6438254511781106951,68968c5e1de16a1e,15
training,7105.0,955.0,long_jobs,955,2025648408286584146,b079b0d7d982d95c,15
training,7105.0,956.0,mixed,956,6219323881925951689,98646562bbf7c6c2,15
training,7105.0,957.0,cpu_bursty,957,4894447448891235760,75219825f844357f,15
training,7105.0,958.0,priority_skewed,958,5388143676537744937,f89a350946e38835,15
training,7105.0,959.0,staggered_interactive,959,2976360610173078762,f5e695007d9fa411,15
training,7105.0,960.0,short_jobs,960,7400726833358029563,a67b3062c68d1c4f,15
training,7105.0,961.0,long_jobs,961,4508343407687980594,d26dac93109fa8d3,15
training,7105.0,962.0,mixed,962,8422513265088883537,3c2de3a71c98296f,15
training,7105.0,963.0,cpu_bursty,963,7701631839129611087,294081a8872b5d1f,15
training,7105.0,964.0,priority_skewed,964,397582643147474965,c4f3c8f30fa38608,15
training,7105.0,965.0,staggered_interactive,965,5357348282986045622,2b602aacbba656fb,15
training,7105.0,966.0,short_jobs,966,1876849523256370881,9c50abd4a499d340,15
training,7105.0,967.0,long_jobs,967,6147297040264151094,2fec080b8ff30d27,15
training,7105.0,968.0,mixed,968,4223495662168035863,f2ef829eab6e8537,15
training,7105.0,969.0,cpu_bursty,969,6881911464011096565,8c798187510cd6c5,15
training,7105.0,970.0,priority_skewed,970,4692014622797045720,75a6047ba8030521,15
training,7105.0,971.0,staggered_interactive,971,7593233209671610122,4a3e889871799228,15
training,7105.0,972.0,short_jobs,972,4957236687366764226,92f915c96b5ce187,15
training,7105.0,973.0,long_jobs,973,5598961570486040442,484eee31a90bc459,15
training,7105.0,974.0,mixed,974,3149343669486150327,eef2f2fed11a3c8f,15
training,7105.0,975.0,cpu_bursty,975,1628324478921687072,a52ed125242f43e0,15
training,7105.0,976.0,priority_skewed,976,7889649816278491238,6619c033658cc74a,15
training,7105.0,977.0,staggered_interactive,977,351779733010639044,698e03407418bbd1,15
training,7105.0,978.0,short_jobs,978,7531021320875944109,78ccb4779c254b4b,15
training,7105.0,979.0,long_jobs,979,5170669693716648783,eaf64a649044b176,15
training,7105.0,980.0,mixed,980,1806842353844670830,89675827909f8b02,15
training,7105.0,981.0,cpu_bursty,981,3686767115912523487,438e65ab1f154d0f,15
training,7105.0,982.0,priority_skewed,982,1189166544281275578,82f1d42cd9e6f2f3,15
training,7105.0,983.0,staggered_interactive,983,1349415052623816981,f56f4c57db7ca53a,15
training,7105.0,984.0,short_jobs,984,8536251244204193478,d3f9ca20aa53cdcf,15
training,7105.0,985.0,long_jobs,985,790630494510249701,b3041af446a5cfab,15
training,7105.0,986.0,mixed,986,2692614662833006661,99888c392bae2fdb,15
training,7105.0,987.0,cpu_bursty,987,8421199793859948404,ec2ae7f1de2a2a80,15
training,7105.0,988.0,priority_skewed,988,3424481259792865621,2e94ca10a4b2c5b4,15
training,7105.0,989.0,staggered_interactive,989,7860569176551149166,69ddf0a4987c9312,15
training,7105.0,990.0,short_jobs,990,1564953040435943028,5c8768b89606836e,15
training,7105.0,991.0,long_jobs,991,2139960688919487448,87c0d9f4a02de917,15
training,7105.0,992.0,mixed,992,7233864400519218285,3cca9abe5bf07ac3,15
training,7105.0,993.0,cpu_bursty,993,8875458395206863915,71dd815e31ff0356,15
training,7105.0,994.0,priority_skewed,994,802158997146268627,3982ed309ea141fa,15
training,7105.0,995.0,staggered_interactive,995,4385355382789741637,be358912b1524f89,15
training,7105.0,996.0,short_jobs,996,1879067790815892101,21f48c11ee47001a,15
training,7105.0,997.0,long_jobs,997,777494334746859878,1f3252b0b1da5f5e,15
training,7105.0,998.0,mixed,998,4986100302076122756,f4909e7eaee6cca5,15
training,7105.0,999.0,cpu_bursty,999,7647486463120559413,d7adf5112cb50d7b,15
training,7105.0,1000.0,priority_skewed,1000,7444702630076086585,f9d75f649401c16b,15
training,7105.0,1001.0,staggered_interactive,1001,5691774726857192471,9737c4f25648a6de,15
training,7105.0,1002.0,short_jobs,1002,2424756845761011471,c198f30381b18583,15
training,7105.0,1003.0,long_jobs,1003,7318794162465805892,5684764d7d5486dc,15
training,7105.0,1004.0,mixed,1004,8790129991719459731,79dd5d64c1f5a8d2,15
training,7105.0,1005.0,cpu_bursty,1005,243810016230462174,a49061f901280656,15
training,7105.0,1006.0,priority_skewed,1006,2535687153082886084,db5d27540076dff4,15
training,7105.0,1007.0,staggered_interactive,1007,823800195594833508,4761c891740246f0,15
training,7105.0,1008.0,short_jobs,1008,7977535978682158083,04895773826a2967,15
training,7105.0,1009.0,long_jobs,1009,4491120674910353721,04aedc8e1b616a7b,15
training,7105.0,1010.0,mixed,1010,2279426182427723051,4d833bcb95001234,15
training,7105.0,1011.0,cpu_bursty,1011,3212734700365944277,d97274d42fbbf8ec,15
training,7105.0,1012.0,priority_skewed,1012,2069759876998370247,b71be1984fc11e28,15
training,7105.0,1013.0,staggered_interactive,1013,1006527324603652798,e74c97efd2e2d278,15
training,7105.0,1014.0,short_jobs,1014,1796041730155379022,2c9bf010afb015c4,15
training,7105.0,1015.0,long_jobs,1015,5430062023017787309,39e57a114412d153,15
training,7105.0,1016.0,mixed,1016,6878624262715426091,2054113ba433ad5b,15
training,7105.0,1017.0,cpu_bursty,1017,8547173499744736838,a439499a0d34a4f4,15
training,7105.0,1018.0,priority_skewed,1018,5070828664874280623,b22d28ff14e4b333,15
training,7105.0,1019.0,staggered_interactive,1019,1035310599927196304,8a575cb57a01778a,15
training,7105.0,1020.0,short_jobs,1020,457642760881358254,8bf8ddbbb7229082,15
training,7105.0,1021.0,long_jobs,1021,8882218158387194562,a3ca5f8343121ee3,15
training,7105.0,1022.0,mixed,1022,2192147588037642567,5fe19cbd9b0d6955,15
training,7105.0,1023.0,cpu_bursty,1023,2236804703908875685,a08d9568c6f30e0d,15
training,7105.0,1024.0,priority_skewed,1024,8118907944950064629,e4c3621ec4a2e91e,15
training,7105.0,1025.0,staggered_interactive,1025,5605478508215955090,7469142e35fdc919,15
training,7105.0,1026.0,short_jobs,1026,7932189946562249816,bcd656e2f841c90c,15
training,7105.0,1027.0,long_jobs,1027,6261067193748111601,e244e671f1c6f743,15
training,7105.0,1028.0,mixed,1028,6335714070607181808,d43d4eec518f31ff,15
training,7105.0,1029.0,cpu_bursty,1029,5378493662532877470,a60d5b4d0286a28a,15
training,7105.0,1030.0,priority_skewed,1030,9140576085781142593,4c7a04291aa12013,15
training,7105.0,1031.0,staggered_interactive,1031,8768459275671397540,16f0de92ef03d387,15
training,7105.0,1032.0,short_jobs,1032,5915569232903998016,16e306cb9fedd6f3,15
training,7105.0,1033.0,long_jobs,1033,2769705332973047935,8f8da503bb58f9d1,15
training,7105.0,1034.0,mixed,1034,1318946807044842344,c0e91dbd8eda4a63,15
training,7105.0,1035.0,cpu_bursty,1035,4922492409679227514,f4997da2a6f64ac7,15
training,7105.0,1036.0,priority_skewed,1036,5372369713369870143,8cc811a72dd93bf2,15
training,7105.0,1037.0,staggered_interactive,1037,848823841839749500,f8cefdda1a51d069,15
training,7105.0,1038.0,short_jobs,1038,920832640787449485,72d2c3191112a9ca,15
training,7105.0,1039.0,long_jobs,1039,2376115247294985447,0ce8c96029e093f7,15
training,7105.0,1040.0,mixed,1040,7350793728705460848,6094603e52035417,15
training,7105.0,1041.0,cpu_bursty,1041,1418783762079458447,d0aa48aef06fe249,15
training,7105.0,1042.0,priority_skewed,1042,6800350609098979438,73a4c01c714d2978,15
training,7105.0,1043.0,staggered_interactive,1043,8027045573284022508,5b0a672002d0fb74,15
training,7105.0,1044.0,short_jobs,1044,6976640593026275946,1dbc5b1d32ad62d4,15
training,7105.0,1045.0,long_jobs,1045,2803560570637959890,3d5c46b6fc3fb0de,15
training,7105.0,1046.0,mixed,1046,7404177287034711238,3bfe5413bbe6a966,15
training,7105.0,1047.0,cpu_bursty,1047,3856560383991270106,2ab706dd5c65403e,15
training,7105.0,1048.0,priority_skewed,1048,5814757407499291727,97f20ae6b9a2f12e,15
training,7105.0,1049.0,staggered_interactive,1049,8281175435110243676,97dba25859f67213,15
training,7105.0,1050.0,short_jobs,1050,8886797467257378527,d1e7820f7ff18337,15
training,7105.0,1051.0,long_jobs,1051,1398490289282839426,71f7bda2d041fdca,15
training,7105.0,1052.0,mixed,1052,4440384913846882431,d9c028ee6dd7169d,15
training,7105.0,1053.0,cpu_bursty,1053,8884711649794685694,9da32602a3a6e5c8,15
training,7105.0,1054.0,priority_skewed,1054,8725731371695846749,c4012e1d74708ae5,15
training,7105.0,1055.0,staggered_interactive,1055,7099869938678371790,1a9faec215f4ce0a,15
training,7105.0,1056.0,short_jobs,1056,4957524785058233556,5c2ea8b699e02d58,15
training,7105.0,1057.0,long_jobs,1057,7018381195194654369,11def55c6c2497b1,15
training,7105.0,1058.0,mixed,1058,4716216641995865307,80306315231a4db6,15
training,7105.0,1059.0,cpu_bursty,1059,2339451757591439661,4447bc7f4305bc5a,15
training,7105.0,1060.0,priority_skewed,1060,2257021492609726602,388c6fb00bf69846,15
training,7105.0,1061.0,staggered_interactive,1061,2231811258200106472,efe2320f05b872bf,15
training,7105.0,1062.0,short_jobs,1062,8555182772580723834,336c1ec7424e47e7,15
training,7105.0,1063.0,long_jobs,1063,6312597278147138837,e34d05b82f69604d,15
training,7105.0,1064.0,mixed,1064,2282829096228877117,5616d22408ec44a0,15
training,7105.0,1065.0,cpu_bursty,1065,1239883005595288631,2b4d2474e0913b74,15
training,7105.0,1066.0,priority_skewed,1066,661023903859583004,f6638fe18ef2e81d,15
training,7105.0,1067.0,staggered_interactive,1067,6261412234239623973,37d166777e074516,15
training,7105.0,1068.0,short_jobs,1068,313564579978418688,9c1b70a0026ddf19,15
training,7105.0,1069.0,long_jobs,1069,4765102480749362047,c793508477de831e,15
training,7105.0,1070.0,mixed,1070,2480062195457732285,a631223b896780fd,15
training,7105.0,1071.0,cpu_bursty,1071,5611310713891067242,28ec7bce1f19ee7e,15
training,7105.0,1072.0,priority_skewed,1072,4843615063143286842,696ef79544c9e230,15
training,7105.0,1073.0,staggered_interactive,1073,9157207758858483127,c3236a32410e87d0,15
training,7105.0,1074.0,short_jobs,1074,3402942090364263196,7c36f2492b5adc34,15
training,7105.0,1075.0,long_jobs,1075,329541523263518364,6cb9d6331d453cda,15
training,7105.0,1076.0,mixed,1076,3565416248873080447,40a8555b3e781f4a,15
training,7105.0,1077.0,cpu_bursty,1077,9037979467498888465,ec8522683fda3690,15
training,7105.0,1078.0,priority_skewed,1078,7993226878397586596,041d625941bea2c1,15
training,7105.0,1079.0,staggered_interactive,1079,6735242103396619270,bde9e41f3900c9fe,15
training,7105.0,1080.0,short_jobs,1080,267162491819748993,d2bdebee1c46191d,15
training,7105.0,1081.0,long_jobs,1081,5841294429571978464,1159f093f82228aa,15
training,7105.0,1082.0,mixed,1082,2786599666756137192,75a221ac028f7e41,15
training,7105.0,1083.0,cpu_bursty,1083,19726219393520903,48dbe103cc6aff53,15
training,7105.0,1084.0,priority_skewed,1084,8209974852904448914,41d28ad336bc8db8,15
training,7105.0,1085.0,staggered_interactive,1085,8414401547777936013,1caa5db03e7882a8,15
training,7105.0,1086.0,short_jobs,1086,5678978488737292542,c12dfd86d228ec33,15
training,7105.0,1087.0,long_jobs,1087,5692706145256894291,af454b9ee8b6b32d,15
training,7105.0,1088.0,mixed,1088,6574565827676882239,8f5a76ff2548b4d3,15
training,7105.0,1089.0,cpu_bursty,1089,5451287139366535226,85ead5a91b3b3ac3,15
training,7105.0,1090.0,priority_skewed,1090,6689336558346280056,aff3f9d62f96be3b,15
training,7105.0,1091.0,staggered_interactive,1091,2296356456643788937,ba9b5a0a943bbda9,15
training,7105.0,1092.0,short_jobs,1092,4660648907294809274,b00ff81c7911ab53,15
training,7105.0,1093.0,long_jobs,1093,7066460047602125558,e49178a82f832f02,15
training,7105.0,1094.0,mixed,1094,8753897299735105899,ec51ed8eb821bdc1,15
training,7105.0,1095.0,cpu_bursty,1095,2942590994278435993,4b0a6b7e6b5f88a6,15
training,7105.0,1096.0,priority_skewed,1096,6923779959385752804,fe764e504782e90a,15
training,7105.0,1097.0,staggered_interactive,1097,96474343300828523,c831a746ea9b6ac3,15
training,7105.0,1098.0,short_jobs,1098,5123619848162362724,8550458a14506aa1,15
training,7105.0,1099.0,long_jobs,1099,8963484596362101241,388408b7f4acffff,15
training,7105.0,1100.0,mixed,1100,8080067792858632922,11bbd2193b01ce0e,15
training,7105.0,1101.0,cpu_bursty,1101,4072648070137833783,7ff82f3557b3dc69,15
training,7105.0,1102.0,priority_skewed,1102,503872519808518293,13bbe90531905eca,15
training,7105.0,1103.0,staggered_interactive,1103,3420557777127214840,1dd6702b1daf2703,15
training,7105.0,1104.0,short_jobs,1104,2080891958841012476,c93547b0f3cf3797,15
training,7105.0,1105.0,long_jobs,1105,2223500170063529016,59e0461d7c71a546,15
training,7105.0,1106.0,mixed,1106,6540245592343667826,0e39961cb8242cac,15
training,7105.0,1107.0,cpu_bursty,1107,8591271157644660132,694a20112b50a4fd,15
training,7105.0,1108.0,priority_skewed,1108,3963589494749509454,c7c9e356b0410e71,15
training,7105.0,1109.0,staggered_interactive,1109,3544758423092824260,9c8330c3a150ef24,15
training,7105.0,1110.0,short_jobs,1110,4030890438104120153,b99d5c8b278c9e7d,15
training,7105.0,1111.0,long_jobs,1111,3867260481904177358,a875e2a0735a649c,15
training,7105.0,1112.0,mixed,1112,7503200435557408776,991917336fd23cdf,15
training,7105.0,1113.0,cpu_bursty,1113,4719086492700117536,7a138fa4bd4a731a,15
training,7105.0,1114.0,priority_skewed,1114,3895733731351935134,c492ba90d3e3d82e,15
training,7105.0,1115.0,staggered_interactive,1115,6848184635980367239,8777cf080db144a9,15
training,7105.0,1116.0,short_jobs,1116,4459169002755497133,a0d1ff60efe53b74,15
training,7105.0,1117.0,long_jobs,1117,6302162635370594444,4f215a2892c518c2,15
training,7105.0,1118.0,mixed,1118,8424463858746060129,fac3aeae2c58edd8,15
training,7105.0,1119.0,cpu_bursty,1119,3003112907896165266,9ea1af89e640272d,15
training,7105.0,1120.0,priority_skewed,1120,3001401265195052080,41056900af7f8ce5,15
training,7105.0,1121.0,staggered_interactive,1121,1304748961550788859,4d4ca4837afeddd2,15
training,7105.0,1122.0,short_jobs,1122,7432140032814401863,14a4c3fad69c64ff,15
training,7105.0,1123.0,long_jobs,1123,5192908537662342705,e627be18d40e58be,15
training,7105.0,1124.0,mixed,1124,5384173550423310587,2746e197b19a7375,15
training,7105.0,1125.0,cpu_bursty,1125,7204671009804926283,d9623a9ca74d7a13,15
training,7105.0,1126.0,priority_skewed,1126,1614237824202686140,0f9d9bab822f4908,15
training,7105.0,1127.0,staggered_interactive,1127,8070391078271580181,019ee71af25a90d8,15
training,7105.0,1128.0,short_jobs,1128,4675422124883710223,a5145845c3fbe9ec,15
training,7105.0,1129.0,long_jobs,1129,285939233250377252,a05f2874cb15387a,15
training,7105.0,1130.0,mixed,1130,5742337055723500549,75b357c201b600a5,15
training,7105.0,1131.0,cpu_bursty,1131,2617467006344252115,493555e37518049f,15
training,7105.0,1132.0,priority_skewed,1132,2906463611977314809,5816e6532da2a7b6,15
training,7105.0,1133.0,staggered_interactive,1133,661099334977744407,16cc41f69e2f5dfd,15
training,7105.0,1134.0,short_jobs,1134,2612423307647883062,0fb58989f418d606,15
training,7105.0,1135.0,long_jobs,1135,2303509491589685643,1cd5afdf966a3259,15
training,7105.0,1136.0,mixed,1136,3860872591096182759,89372c41ff8ef4d7,15
training,7105.0,1137.0,cpu_bursty,1137,5503361674400215880,9dc1f99fbdebe159,15
training,7105.0,1138.0,priority_skewed,1138,547998298258684620,0920b66b31069574,15
training,7105.0,1139.0,staggered_interactive,1139,6720694837740608078,d8a702a0ccc37c41,15
training,7105.0,1140.0,short_jobs,1140,7604119675080737178,ab9419edf5bf3140,15
training,7105.0,1141.0,long_jobs,1141,1234827983805192272,a0f440a48bed7ab5,15
training,7105.0,1142.0,mixed,1142,8926381145863261841,a91d86e967431a95,15
training,7105.0,1143.0,cpu_bursty,1143,2346218672042666561,126d138f0a7cd403,15
training,7105.0,1144.0,priority_skewed,1144,1120917182031051142,7b60da48e5f683ad,15
training,7105.0,1145.0,staggered_interactive,1145,4887163655929411064,06faed2e43d957c0,15
training,7105.0,1146.0,short_jobs,1146,7280557837090436379,2330bf05d347ca7c,15
training,7105.0,1147.0,long_jobs,1147,7431661428100304545,b11b13a7e025815d,15
training,7105.0,1148.0,mixed,1148,5850506374632557794,0cf3389be1840057,15
training,7105.0,1149.0,cpu_bursty,1149,5254843484961091804,9dea587a0bcac331,15
training,7105.0,1150.0,priority_skewed,1150,7007121841910832490,3f3ab300e981da08,15
training,7105.0,1151.0,staggered_interactive,1151,6039253548477837073,cf476d0e8809acbf,15
training,7105.0,1152.0,short_jobs,1152,2567927688183524111,37e6ac5313bc2028,15
training,7105.0,1153.0,long_jobs,1153,6527586559822350960,91bd214d05315401,15
training,7105.0,1154.0,mixed,1154,2397893285200744026,85da6d506adf8fe2,15
training,7105.0,1155.0,cpu_bursty,1155,306133159716652501,76241c2aae9fc40f,15
training,7105.0,1156.0,priority_skewed,1156,4212509476185877252,a515bd0d0ec0d8ff,15
training,7105.0,1157.0,staggered_interactive,1157,8070973554482165768,ae0101aba2adcd95,15
training,7105.0,1158.0,short_jobs,1158,5374032306060631271,4a1921c803290943,15
training,7105.0,1159.0,long_jobs,1159,2028837741849631421,ebea99e48bdc6bf6,15
training,7105.0,1160.0,mixed,1160,161386416051488588,f32c00a58dfdec25,15
training,7105.0,1161.0,cpu_bursty,1161,8884551952406666662,4e27e55235f2ecc3,15
training,7105.0,1162.0,priority_skewed,1162,7978463676315818893,e48c69e085459267,15
training,7105.0,1163.0,staggered_interactive,1163,6223197312754046839,b51215c118464eef,15
training,7105.0,1164.0,short_jobs,1164,6222852387814816063,97ff56857be6d01a,15
training,7105.0,1165.0,long_jobs,1165,6610426671706298008,56a5d76598bdd4d9,15
training,7105.0,1166.0,mixed,1166,6531599351134610906,a330584273d4767f,15
training,7105.0,1167.0,cpu_bursty,1167,1239113636162489395,2380f05202cb9e2f,15
training,7105.0,1168.0,priority_skewed,1168,8215880132951260918,feba1f2ce9af70bd,15
training,7105.0,1169.0,staggered_interactive,1169,3323436065678421777,3545b80e2d07148c,15
training,7105.0,1170.0,short_jobs,1170,7327357226171697478,a1edd454b3d1489d,15
training,7105.0,1171.0,long_jobs,1171,3361357738802879097,32c3b52fe6688d1c,15
training,7105.0,1172.0,mixed,1172,3510600862806228339,6bdb7244e0dd86eb,15
training,7105.0,1173.0,cpu_bursty,1173,1873029391249751803,d77d111031296ef5,15
training,7105.0,1174.0,priority_skewed,1174,7039645867004520415,a193e9aec532a629,15
training,7105.0,1175.0,staggered_interactive,1175,1466768207642076317,d8662651bcaf9e89,15
training,7105.0,1176.0,short_jobs,1176,5261379662321504049,66de40a697478f12,15
training,7105.0,1177.0,long_jobs,1177,7451806658975966491,8caf698f5c55aee7,15
training,7105.0,1178.0,mixed,1178,6673678129877992659,dfa1f86c4f7d732a,15
training,7105.0,1179.0,cpu_bursty,1179,6259696348430618947,ff4c9684f6065e63,15
training,7105.0,1180.0,priority_skewed,1180,8901429310803315210,5ae4cb307747b09c,15
training,7105.0,1181.0,staggered_interactive,1181,264121058715502350,dad7f9cd2454b233,15
training,7105.0,1182.0,short_jobs,1182,4867570599260953055,0b6fa67aa9fbab8f,15
training,7105.0,1183.0,long_jobs,1183,8499872128151871993,c48d111a5b66cb6c,15
training,7105.0,1184.0,mixed,1184,1580147779265204106,aa77c9bd1359d4e5,15
training,7105.0,1185.0,cpu_bursty,1185,7012309174627640477,06a760a38b5b67b4,15
training,7105.0,1186.0,priority_skewed,1186,7503771423105479217,459690e9687680b3,15
training,7105.0,1187.0,staggered_interactive,1187,4368650780349344490,aa0ec1516693f815,15
training,7105.0,1188.0,short_jobs,1188,8817825403335722775,f4ed3f9777072517,15
training,7105.0,1189.0,long_jobs,1189,4542472102259361398,120940450f7fd7f5,15
training,7105.0,1190.0,mixed,1190,7031717248556432336,0a813c54763c7f2d,15
training,7105.0,1191.0,cpu_bursty,1191,5782917688827648191,6cb7bba414a4d07d,15
training,7105.0,1192.0,priority_skewed,1192,8677380229344884661,392277686de79204,15
training,7105.0,1193.0,staggered_interactive,1193,6891962143645794967,864445e19214cbd9,15
training,7105.0,1194.0,short_jobs,1194,2937902985629700657,a93b7367a7a0b393,15
training,7105.0,1195.0,long_jobs,1195,5214224179145847298,0ff0ee0027761566,15
training,7105.0,1196.0,mixed,1196,1533919127548895074,81e185240fbfdcb8,15
training,7105.0,1197.0,cpu_bursty,1197,1308555681224798935,c6f314c1b1b0c98c,15
training,7105.0,1198.0,priority_skewed,1198,6133441848410618700,10b66da4243b5fc1,15
training,7105.0,1199.0,staggered_interactive,1199,9194245550228950945,2075fde262d89870,15
validation,,,short_jobs,0,2061931226830546773,df96c55d869cc0e9,15
validation,,,short_jobs,1,1959036164539910028,afa5f1b5969cf2c0,15
validation,,,short_jobs,2,6763901032841681454,db407088380fd62a,15
validation,,,short_jobs,3,6978942136730837206,27dfc22f3e26933f,15
validation,,,short_jobs,4,4538323239931409321,4f4108d75d35b36d,15
validation,,,short_jobs,5,3195179479116482445,11febfe7abcae64b,15
validation,,,short_jobs,6,7363836742625331324,f81692b116da6f47,15
validation,,,short_jobs,7,1380748424804805007,6ea9dc2735766a78,15
validation,,,short_jobs,8,6214974320406420487,f97e0a42d8c6b69c,15
validation,,,short_jobs,9,5770583805247579620,8c5d619f6fcd65de,15
validation,,,short_jobs,10,4584548453680362205,97a88696d681868c,15
validation,,,short_jobs,11,1695221075746369978,e9e86536496c6edc,15
validation,,,short_jobs,12,2504139427469689984,a4630eb408c518ad,15
validation,,,short_jobs,13,4937560171261170124,96400dd75dc23fb4,15
validation,,,short_jobs,14,5813450399784611090,4f55a911e6bb190a,15
validation,,,short_jobs,15,4415351405006377558,067cb2fdc2185d21,15
validation,,,short_jobs,16,3832408087714727123,36d15df378000bfd,15
validation,,,short_jobs,17,1405621413816034561,c75d66cdafcbb2b8,15
validation,,,short_jobs,18,8887433149740155995,4fe4e5387cdbddec,15
validation,,,short_jobs,19,9065948692268621212,93d14097f8e5a9be,15
validation,,,long_jobs,0,2834233920056034669,4d96503e789beef0,15
validation,,,long_jobs,1,5380986912006875650,3e0ed1f61f04c54c,15
validation,,,long_jobs,2,8185708888889144459,499dddbf1d00b4bf,15
validation,,,long_jobs,3,5444301570203811134,15bf18e15ab4b08d,15
validation,,,long_jobs,4,6630512074516413611,fc65d62e3f9db82a,15
validation,,,long_jobs,5,6691681839207035457,62017994dde6df38,15
validation,,,long_jobs,6,5349085091642714519,0dc87b79ea9f49b8,15
validation,,,long_jobs,7,4876618622164052416,aed64cc0c08057dc,15
validation,,,long_jobs,8,8443970891590855137,837406a7a4a26b36,15
validation,,,long_jobs,9,1695606951014763938,9b31aa68739049ba,15
validation,,,long_jobs,10,259800008236226966,f747fedca823471d,15
validation,,,long_jobs,11,8131257755990545272,3ee60450b2ddfa45,15
validation,,,long_jobs,12,8557064511018210487,ec6657f620c39072,15
validation,,,long_jobs,13,443425974374820384,2e0085638da3fbe3,15
validation,,,long_jobs,14,4561588932651299204,63d19a1fdecb8e22,15
validation,,,long_jobs,15,4448083584884041327,68ab16d4144a749d,15
validation,,,long_jobs,16,4146353578698890579,bde67b6838bf89a9,15
validation,,,long_jobs,17,3571197459294464266,7bff27e19d1ef1ca,15
validation,,,long_jobs,18,3539190131979123747,dfe38cc23462928b,15
validation,,,long_jobs,19,792243706825932679,569db379080ff651,15
validation,,,mixed,0,8136094800210343195,9cfa8b1aa7ef0aa0,15
validation,,,mixed,1,4943239627412774429,6b57b8789c6afb6d,15
validation,,,mixed,2,2328641407640360792,24dd1e3bf4005d95,15
validation,,,mixed,3,7211012700828250839,2e27d074c28d116a,15
validation,,,mixed,4,1140645165967973987,f6ac79d7ca16e7c8,15
validation,,,mixed,5,1128252544677837050,2560e7c8364078cf,15
validation,,,mixed,6,6428024802904562835,4a1d66cf22a84b64,15
validation,,,mixed,7,2808196601840555276,9e6d0fda48fd2b54,15
validation,,,mixed,8,2478947384559437776,86d535dfc5da7ec7,15
validation,,,mixed,9,3981258963415400523,e23d7eb89e10c871,15
validation,,,mixed,10,7999937065656125967,2f6fcdf3b14c39bf,15
validation,,,mixed,11,7133264720172517436,3851ee4acf18cb32,15
validation,,,mixed,12,3416240171985218518,95c44d70f2a2d16a,15
validation,,,mixed,13,5225701024244957756,e12a2dc694099d4a,15
validation,,,mixed,14,1145558453764935642,9712d040d54f380f,15
validation,,,mixed,15,3672408833885636864,2469599c4e62301f,15
validation,,,mixed,16,7459921040639850991,8ff43f1c77b355bf,15
validation,,,mixed,17,4769080746393099139,45d4b1e5a32baa70,15
validation,,,mixed,18,6262884629955570013,45a3c96aae724bc4,15
validation,,,mixed,19,4504465482611208449,3f2216b44e78c932,15
validation,,,cpu_bursty,0,7374675614038482895,d2bc04c5ad37e29a,15
validation,,,cpu_bursty,1,252064868215647765,73ad59dec51a0181,15
validation,,,cpu_bursty,2,2611179882217657779,9bc1108eec279c21,15
validation,,,cpu_bursty,3,3009989657697086488,7ca4faa4f482eb32,15
validation,,,cpu_bursty,4,3722365664298805052,041abd9b20eb5328,15
validation,,,cpu_bursty,5,7666955059345179901,4baa8f47788f7c7f,15
validation,,,cpu_bursty,6,2761732254402876450,a801d313053a24a0,15
validation,,,cpu_bursty,7,4602807385964874596,e4d4d9140e41b1d3,15
validation,,,cpu_bursty,8,453131648912097096,f47522cb5aad9d57,15
validation,,,cpu_bursty,9,3695924067650136165,f85ed8725baf76f4,15
validation,,,cpu_bursty,10,1461335551444535980,72a916602a6f4ef3,15
validation,,,cpu_bursty,11,6309424404068845207,c8dba82a96473f9b,15
validation,,,cpu_bursty,12,709025817559771030,ae57bf05a69f629a,15
validation,,,cpu_bursty,13,6719900494865735657,83009bcae86dade7,15
validation,,,cpu_bursty,14,1035610076232964571,ef1874d05aacd4ec,15
validation,,,cpu_bursty,15,3061725640410923050,03955b19ef08b193,15
validation,,,cpu_bursty,16,6281539648514790910,65bba7a7cdb07772,15
validation,,,cpu_bursty,17,3793117629109203454,db77f9141c0fc771,15
validation,,,cpu_bursty,18,7020504411842117184,f7971fc2813d278a,15
validation,,,cpu_bursty,19,6368416586609690878,0c7e4e35ca8a306e,15
validation,,,priority_skewed,0,1608509105598489834,1a4a495eee0570c8,15
validation,,,priority_skewed,1,8782624403545616252,fd0660c3e4fbf5cf,15
validation,,,priority_skewed,2,8615606914509172321,cb01cb15e6ea0252,15
validation,,,priority_skewed,3,5605821523145710891,7ea7358aad804fe4,15
validation,,,priority_skewed,4,2783895596850008024,ede6e69a05c3b292,15
validation,,,priority_skewed,5,5766312056547251147,84099d60a1e0e2c9,15
validation,,,priority_skewed,6,2958879909773254347,d44615b565176dfb,15
validation,,,priority_skewed,7,4819086071420506978,d07d29d968fc7e91,15
validation,,,priority_skewed,8,3997218033841708529,09b5691f4011dcc3,15
validation,,,priority_skewed,9,6153299216721155205,fa89be88acfcefd7,15
validation,,,priority_skewed,10,8111597980545019451,da81cb022e17a6bc,15
validation,,,priority_skewed,11,7963522163383378180,5b6e3e7044757bc4,15
validation,,,priority_skewed,12,6795455332442401154,5aaad3f8c574beac,15
validation,,,priority_skewed,13,4389327781427556965,da270a492319730c,15
validation,,,priority_skewed,14,3920835004460163816,7dc4d9439717f96f,15
validation,,,priority_skewed,15,5555049174012624444,1d87e252fff823ed,15
validation,,,priority_skewed,16,7942138828518934521,fcb20be22fc76fd2,15
validation,,,priority_skewed,17,1303523512865251957,a25e35807813c413,15
validation,,,priority_skewed,18,2461970930379947098,d6cdc619527b5a9d,15
validation,,,priority_skewed,19,226157551700226712,7ba8a56dd15c2032,15
validation,,,staggered_interactive,0,8508850933161832709,275409d7458331f6,15
validation,,,staggered_interactive,1,7073083052751214916,557ba8f38f45752b,15
validation,,,staggered_interactive,2,3660014469890196459,f85d1cc4dd7fe227,15
validation,,,staggered_interactive,3,5933861698508292118,2d08a22f1bcae78f,15
validation,,,staggered_interactive,4,7799792568742081904,298bb4b9d8824529,15
validation,,,staggered_interactive,5,9147898609117685148,2ff7ecdd0ebd8458,15
validation,,,staggered_interactive,6,6035043954294594588,1093c34e689945a4,15
validation,,,staggered_interactive,7,3969055571557059267,22ef4f2d8234d462,15
validation,,,staggered_interactive,8,1862460490942291105,e9582a4671e4e397,15
validation,,,staggered_interactive,9,3593143186519523143,6501c706ff89bb4d,15
validation,,,staggered_interactive,10,2923751293397458119,6dbce10dddf6fd79,15
validation,,,staggered_interactive,11,4724697377687864317,98b736add9f6c5a6,15
validation,,,staggered_interactive,12,1213726067522085818,5f658213fe77f0ff,15
validation,,,staggered_interactive,13,2120223697771439404,e9c8790cb483c8fc,15
validation,,,staggered_interactive,14,4542094344761569492,0d2a38bc2ab759b8,15
validation,,,staggered_interactive,15,4045317823120532086,28c05bdb2a190506,15
validation,,,staggered_interactive,16,4046451447962595053,d86e864cea6b230d,15
validation,,,staggered_interactive,17,8100944539187214442,3a3dbe979afaffb2,15
validation,,,staggered_interactive,18,7656562458904036388,97e9c88a858e04d2,15
validation,,,staggered_interactive,19,8743274492818754980,314da46779945c56,15
validation,,,poisson_arrivals,0,1162244339171416947,b875c41b527555ed,15
validation,,,poisson_arrivals,1,7769831590350881517,34880db3204a44ba,15
validation,,,poisson_arrivals,2,2022275204844990296,7623c510fb4d1605,15
validation,,,poisson_arrivals,3,847820804645717407,c9c1615b7f30cd3b,15
validation,,,poisson_arrivals,4,6120462386891325318,68ce6c157a096758,15
validation,,,poisson_arrivals,5,877929290790414165,4764270a0ef43633,15
validation,,,poisson_arrivals,6,6585569195746677981,1ab6968d3e3d33ec,15
validation,,,poisson_arrivals,7,4767543362174944528,0f95a4c1bc50f450,15
validation,,,poisson_arrivals,8,305300222389174671,40f39e5878e687e1,15
validation,,,poisson_arrivals,9,1034834391089691986,b2fabe16ca68da54,15
validation,,,poisson_arrivals,10,4021117250484168121,f7a1760248bed2c5,15
validation,,,poisson_arrivals,11,6369632859243411317,f499bd6f5aeecc3b,15
validation,,,poisson_arrivals,12,9222938541521264336,ca41bd20fdf24978,15
validation,,,poisson_arrivals,13,1368301112639589924,52c4185d9f2fa715,15
validation,,,poisson_arrivals,14,2563964704876612888,ad1e4e19c999f041,15
validation,,,poisson_arrivals,15,5038859156170715289,43ab22ad2dd04445,15
validation,,,poisson_arrivals,16,5459236465952224075,df6051b1278f0351,15
validation,,,poisson_arrivals,17,8885332985430635351,fcb8b20eb122ad0c,15
validation,,,poisson_arrivals,18,7235633119308023191,9507ce13703616f9,15
validation,,,poisson_arrivals,19,8940389789564506020,e4d39ffa1c6a8be9,15
final_test,,,short_jobs,0,4967156024514780776,81d83fad02082061,15
final_test,,,short_jobs,1,684274934713731528,887a81f6759ed92f,15
final_test,,,short_jobs,2,1781653404546698610,671b675dbe30c258,15
final_test,,,short_jobs,3,5384694601691264334,f568f1a525a9b2b3,15
final_test,,,short_jobs,4,6524112832403863436,7671aabfcebd09e3,15
final_test,,,short_jobs,5,6786966607347663760,2ae3866f020644eb,15
final_test,,,short_jobs,6,3664168242290381674,b4b222a8f71830c4,15
final_test,,,short_jobs,7,4516799726824421984,abef75d09ba245c6,15
final_test,,,short_jobs,8,4663745782833714339,ca8c870403d44a17,15
final_test,,,short_jobs,9,5891435314486429422,5a1d0c557e3f4fe2,15
final_test,,,short_jobs,10,7989041057078255097,a91e2a77cb3aa60c,15
final_test,,,short_jobs,11,8696181487258604940,402a4a55e8a7473a,15
final_test,,,short_jobs,12,497858738754269390,04bfc9ed445d71db,15
final_test,,,short_jobs,13,3456725501936158032,54499f93f8b5b6ff,15
final_test,,,short_jobs,14,7163928906287570182,2efec1df3ebaeeef,15
final_test,,,short_jobs,15,6032704546530006941,a3b3fefd50b7d6d6,15
final_test,,,short_jobs,16,1418269481749100685,f816088c8f22d86f,15
final_test,,,short_jobs,17,3168249435298284921,64d57a4041a51dfa,15
final_test,,,short_jobs,18,662627788383604805,f21a64e6cec557d0,15
final_test,,,short_jobs,19,2709002795161208688,1aa90b49ee331681,15
final_test,,,short_jobs,20,4351012003800171454,761f3ca7850c71e0,15
final_test,,,short_jobs,21,4191524783183125973,27203f2b6c57f1a0,15
final_test,,,short_jobs,22,322211265595900822,5a695d0a3c77f7de,15
final_test,,,short_jobs,23,6372647822484758196,5676a6cefbf2534e,15
final_test,,,short_jobs,24,3043482537100916497,87ffdbe5f997aba0,15
final_test,,,short_jobs,25,6519804351042326453,05736b9b88415bd7,15
final_test,,,short_jobs,26,6474271696240372662,458be9eb00fde5e3,15
final_test,,,short_jobs,27,4459062589738326524,2c84731ee5783d50,15
final_test,,,short_jobs,28,2027064173639103076,ac2be6284693a935,15
final_test,,,short_jobs,29,5624205690585832451,00c1f61269641d07,15
final_test,,,long_jobs,0,7087536770159324305,c3dc7d6940407b36,15
final_test,,,long_jobs,1,3497250202291675832,0fe9102e1f9d2086,15
final_test,,,long_jobs,2,255714177603275940,6fa41fe303730df6,15
final_test,,,long_jobs,3,4195860857668472340,ba55fd3195999373,15
final_test,,,long_jobs,4,6912472253454385521,13ba4b529c84023a,15
final_test,,,long_jobs,5,6662378600823865763,73759cb82254ae1a,15
final_test,,,long_jobs,6,1037748207195966052,a95ff2ba033f4766,15
final_test,,,long_jobs,7,2121063378440811326,f5efb690134df442,15
final_test,,,long_jobs,8,9163392582290317353,14a76a57d321ad43,15
final_test,,,long_jobs,9,3497822793489396063,453b603d1f787ef9,15
final_test,,,long_jobs,10,5420165305747256350,2a3d22420d0c5902,15
final_test,,,long_jobs,11,166246742296077223,8e1f2bfdd18e7279,15
final_test,,,long_jobs,12,1537315297360907101,99046b708396a187,15
final_test,,,long_jobs,13,8643048788661726423,e2302d4685820d9d,15
final_test,,,long_jobs,14,808953124083216853,24670ef2a6935e6e,15
final_test,,,long_jobs,15,2345795481047049673,e89b7071be23ee82,15
final_test,,,long_jobs,16,3260431813132852980,21dc302ca6bbecb8,15
final_test,,,long_jobs,17,4717008320052901575,9ecddfaa6641b4d3,15
final_test,,,long_jobs,18,5358863851750533768,80bd90b89f72fa4f,15
final_test,,,long_jobs,19,7560114632723079726,b9d6d0274d6a95ea,15
final_test,,,long_jobs,20,6704789794457607256,ced2a7a6b09949e0,15
final_test,,,long_jobs,21,6623367727657101394,5aeab649e5dac9fd,15
final_test,,,long_jobs,22,5595949547811670756,c646e2d935dbb9ff,15
final_test,,,long_jobs,23,6312314274093972034,268332ab955cf89f,15
final_test,,,long_jobs,24,4267950073709554968,9566aa370c9e64db,15
final_test,,,long_jobs,25,1000544146008233839,6fda1022a56bd6dc,15
final_test,,,long_jobs,26,255840004445700497,27e2a71cec5cfba6,15
final_test,,,long_jobs,27,7398350431407298433,b7497282950f8e46,15
final_test,,,long_jobs,28,3543885651088805750,518901222c7d2cb1,15
final_test,,,long_jobs,29,2016300614336162328,f2cb91386bfd4348,15
final_test,,,mixed,0,7781637993199004157,5bbfd09f89710748,15
final_test,,,mixed,1,222974048401699211,c70f89e172322cd7,15
final_test,,,mixed,2,53110341876412169,b63c98d441f1a46f,15
final_test,,,mixed,3,930852889557771191,7404d4aa7f152249,15
final_test,,,mixed,4,8759433477311883655,7a7b4c5907bdc20f,15
final_test,,,mixed,5,8748573816854924111,2a4405190c260c1d,15
final_test,,,mixed,6,2308312631278558009,153b5f00745c45f8,15
final_test,,,mixed,7,6635914756442477234,bf079e2d6f893724,15
final_test,,,mixed,8,7172112911433824390,6300d27b835fa096,15
final_test,,,mixed,9,5900996224521919244,652031808403fffd,15
final_test,,,mixed,10,8079902343349085008,f87513a810194634,15
final_test,,,mixed,11,6573826473207109654,781f1d34268e5cce,15
final_test,,,mixed,12,6366003177952684635,87c0797c160e64e4,15
final_test,,,mixed,13,9182121896572418759,3e1dbb1016676a9a,15
final_test,,,mixed,14,2801263068664293338,7dc9ee5c0ee8ad7a,15
final_test,,,mixed,15,1881495544989653333,60e262bdee7d096d,15
final_test,,,mixed,16,1242159668020243589,944408dd7b74725f,15
final_test,,,mixed,17,811095547668650657,fe7a1c377facca6d,15
final_test,,,mixed,18,1729216308630522552,cab0caf4fb045de5,15
final_test,,,mixed,19,1286982527110102228,3341d1b64fccaa7d,15
final_test,,,mixed,20,8273741424666776899,d227943e0cb45db5,15
final_test,,,mixed,21,3582932653672329940,7f668abbb17e3fef,15
final_test,,,mixed,22,542588069290391036,56527e1cdbf0a38d,15
final_test,,,mixed,23,1868635609144434339,0c440212a54ae4de,15
final_test,,,mixed,24,1417976246164428633,3ffd589aa59d06a9,15
final_test,,,mixed,25,2392617341025516552,146e6339e46bb5ac,15
final_test,,,mixed,26,2127964017434430770,43099d1de6bb4d77,15
final_test,,,mixed,27,4474404900649152249,950ff3860154d9b7,15
final_test,,,mixed,28,7704963058264851084,0db3ff40e28efc69,15
final_test,,,mixed,29,3172275759383960280,8e51f09e5ff77ade,15
final_test,,,cpu_bursty,0,9141069350704270626,278c082665beb42c,15
final_test,,,cpu_bursty,1,8566835463306906338,60470e3da9d53746,15
final_test,,,cpu_bursty,2,7441160557882887137,0c1fb314b1cea85f,15
final_test,,,cpu_bursty,3,4080553897193126237,5fa8020745dbd12d,15
final_test,,,cpu_bursty,4,6843871671420965046,324bfadd88a94434,15
final_test,,,cpu_bursty,5,6831283950198420135,a9f7a9b376ae38b5,15
final_test,,,cpu_bursty,6,5342597030849867330,4fb680c2acae9c22,15
final_test,,,cpu_bursty,7,4414306397117890906,26110ccdec1dbc50,15
final_test,,,cpu_bursty,8,7555378298852963008,d65fd179f85a8a22,15
final_test,,,cpu_bursty,9,3870563931958847705,62a6e69728e91eb5,15
final_test,,,cpu_bursty,10,6765096770266699379,8e7335d945656986,15
final_test,,,cpu_bursty,11,5469024363180931196,7ad8e503ff751010,15
final_test,,,cpu_bursty,12,1164825822427154608,0329b653c0b0ee00,15
final_test,,,cpu_bursty,13,6302910018323270003,8fe3fe73915f6c0d,15
final_test,,,cpu_bursty,14,1671474819710967680,8b77ec3cde03354a,15
final_test,,,cpu_bursty,15,2633048601996259385,8ff9590551376863,15
final_test,,,cpu_bursty,16,2497470484968459743,350ff5b3ab51e168,15
final_test,,,cpu_bursty,17,2666850673516736601,262d89fb2d0d9a2c,15
final_test,,,cpu_bursty,18,493541562399387129,97d555edad65cd36,15
final_test,,,cpu_bursty,19,5195882358652836031,14d035c923d72578,15
final_test,,,cpu_bursty,20,7218394211395501174,124b5074d08170dd,15
final_test,,,cpu_bursty,21,2448931097243450426,d42233a907a6c81a,15
final_test,,,cpu_bursty,22,5968380895109168582,19865283775296e9,15
final_test,,,cpu_bursty,23,878117594234857720,cefdaa7c45425998,15
final_test,,,cpu_bursty,24,6419658514524069939,3c099db22587eb19,15
final_test,,,cpu_bursty,25,6789407652415051529,4c1a31aa5121e0cd,15
final_test,,,cpu_bursty,26,7197457955919143031,b24ebe6d4a2fc1b1,15
final_test,,,cpu_bursty,27,6447734768770398590,22b4fb23da1d5c2a,15
final_test,,,cpu_bursty,28,8491254758947301077,a095c35ce3739f5e,15
final_test,,,cpu_bursty,29,2519675396175688532,0926e1b4163013c8,15
final_test,,,priority_skewed,0,2516609948373454111,9685b67dbd538ff5,15
final_test,,,priority_skewed,1,7730321971641856637,b515094b591dedf1,15
final_test,,,priority_skewed,2,5087879142518069982,f2caed646ff54ad2,15
final_test,,,priority_skewed,3,5280021896075169753,7816a19f5a51456b,15
final_test,,,priority_skewed,4,558405151999962364,4da422de0e62d1aa,15
final_test,,,priority_skewed,5,7765518700890989389,c354a17491ca0a46,15
final_test,,,priority_skewed,6,6238569657269974102,0080662c996237d1,15
final_test,,,priority_skewed,7,4923522928561529343,773c4da85f8c8682,15
final_test,,,priority_skewed,8,3345131866067364234,375768059fa8c6d0,15
final_test,,,priority_skewed,9,7316679665558436139,9da11817b0246860,15
final_test,,,priority_skewed,10,3806884624338108765,833d48a826d2e4bf,15
final_test,,,priority_skewed,11,7245995310473275048,aa8647205311a00c,15
final_test,,,priority_skewed,12,2406331620239352878,8ee4f70eb187cdf1,15
final_test,,,priority_skewed,13,5651782922979565945,7074b4886ee64d2e,15
final_test,,,priority_skewed,14,2160402772947091578,30c42eb2e0e1ee0e,15
final_test,,,priority_skewed,15,2447711518746880670,62b786b8d214d1b3,15
final_test,,,priority_skewed,16,6794766697565713459,b157fc75ea825c26,15
final_test,,,priority_skewed,17,1893466858157724002,06508c281ed1c446,15
final_test,,,priority_skewed,18,1792304368967771791,571a9627fee0ddbf,15
final_test,,,priority_skewed,19,1802434146261349371,8591a74b9e5cf19b,15
final_test,,,priority_skewed,20,4979578399401227231,ce3e73f8915fa39e,15
final_test,,,priority_skewed,21,1882016868196288266,67903368f2eec1ba,15
final_test,,,priority_skewed,22,5058449057706336508,c571056ff4af42ed,15
final_test,,,priority_skewed,23,5122480176127936526,529dbe79477ddb92,15
final_test,,,priority_skewed,24,627637854742324505,6cd7259d97354bdf,15
final_test,,,priority_skewed,25,7647031800821424676,8f4b743b6009f394,15
final_test,,,priority_skewed,26,1682506502040976914,70b4331694be3395,15
final_test,,,priority_skewed,27,6600517756703438741,dc496e26a4872c57,15
final_test,,,priority_skewed,28,2472739345221041575,1eea8b6158943459,15
final_test,,,priority_skewed,29,8041393895957102371,e28d7b7897545058,15
final_test,,,staggered_interactive,0,2465787940477902328,9d9f964528c982ff,15
final_test,,,staggered_interactive,1,3217168913025433064,079ef477496242b4,15
final_test,,,staggered_interactive,2,6409182176465981535,4e22a890216a8c31,15
final_test,,,staggered_interactive,3,8760314420135228296,c5106a668208dfb7,15
final_test,,,staggered_interactive,4,8067370448740250813,a38455a107f18e20,15
final_test,,,staggered_interactive,5,5951764827576037636,663a798189f0536e,15
final_test,,,staggered_interactive,6,3798694107576453931,4265551f1667ff6d,15
final_test,,,staggered_interactive,7,1834323530394377673,e7a200d0eac83d7f,15
final_test,,,staggered_interactive,8,2042707019563009169,316a34800db81a1c,15
final_test,,,staggered_interactive,9,4708604267665686357,addee72defd8f051,15
final_test,,,staggered_interactive,10,6148327898343539006,91a322acd4710c09,15
final_test,,,staggered_interactive,11,720957473048289969,1605d61b47bd45b0,15
final_test,,,staggered_interactive,12,4378440814600807012,30fe963d2a369dab,15
final_test,,,staggered_interactive,13,6719225575420462017,6126d2aba0b1b110,15
final_test,,,staggered_interactive,14,3580446208618337691,31be695f66ea79fb,15
final_test,,,staggered_interactive,15,8338504063582650564,c316489740171a80,15
final_test,,,staggered_interactive,16,3406172141609057103,521953ab67f906ff,15
final_test,,,staggered_interactive,17,5836550916848136579,8087722bee711fcb,15
final_test,,,staggered_interactive,18,8850494293940672540,9cfd8b76b4b9e1ee,15
final_test,,,staggered_interactive,19,859882474515686423,7ecf5032de1887f9,15
final_test,,,staggered_interactive,20,4562919768552861691,45ec3e1c2dd52f2d,15
final_test,,,staggered_interactive,21,3992822376574109687,4b3caeb2286d3879,15
final_test,,,staggered_interactive,22,8207880186233496959,b67aefc98ed2a27b,15
final_test,,,staggered_interactive,23,2953313269217973904,07e100d72aa5e704,15
final_test,,,staggered_interactive,24,6661946777914621358,a6dd1ed240683f0a,15
final_test,,,staggered_interactive,25,7829109370472565279,3d8e4ae09e2ba8bf,15
final_test,,,staggered_interactive,26,2231575536710222508,7c617ac433da71c4,15
final_test,,,staggered_interactive,27,6779696307878892350,6d418f847e6b48bf,15
final_test,,,staggered_interactive,28,5108857223461800605,ec40b5ae57669e2f,15
final_test,,,staggered_interactive,29,403669143197915997,0975a97867e7bf11,15
final_test,,,poisson_arrivals,0,5079988731570608777,ab33f82c308ccf50,15
final_test,,,poisson_arrivals,1,1108195081098299761,39f055ceb39153ad,15
final_test,,,poisson_arrivals,2,4447180536267006783,adb30f5099e30210,15
final_test,,,poisson_arrivals,3,7034405453794000207,8adb92d708464e49,15
final_test,,,poisson_arrivals,4,8251700364257005628,1d4ff4a96c5c4a2b,15
final_test,,,poisson_arrivals,5,4182755963815841327,c3d432ffc7927d22,15
final_test,,,poisson_arrivals,6,3133827737043460877,5a94518c8b3c5fe6,15
final_test,,,poisson_arrivals,7,3882543955825594568,0d6b81a21b9837e9,15
final_test,,,poisson_arrivals,8,5881046106794578804,c6cd67d43a80ab8b,15
final_test,,,poisson_arrivals,9,7847363010714497987,5d24d7b7df2375d6,15
final_test,,,poisson_arrivals,10,4689423114792704041,b1c106cae31275ec,15
final_test,,,poisson_arrivals,11,522699621931572220,7d7ecad7e49bb608,15
final_test,,,poisson_arrivals,12,7739026187800933742,79fa275677c27887,15
final_test,,,poisson_arrivals,13,52120183205219864,c31338b81541a27b,15
final_test,,,poisson_arrivals,14,8653056904544172464,080b623a0051b10a,15
final_test,,,poisson_arrivals,15,6943868592310567949,c9c9d4b886253f7c,15
final_test,,,poisson_arrivals,16,5910326111533027452,a5fcf3b63ac13ed5,15
final_test,,,poisson_arrivals,17,2594884849424867226,36b7aefd2291e1d6,15
final_test,,,poisson_arrivals,18,4905112191114222070,36d844c2b809d486,15
final_test,,,poisson_arrivals,19,3796238029379328399,7a8c0c78a8949a21,15
final_test,,,poisson_arrivals,20,3316721572401159337,34d581c023b92457,15
final_test,,,poisson_arrivals,21,4826260567800733800,e40d1a4f7be39976,15
final_test,,,poisson_arrivals,22,2589368627212247049,ebf9b603e40507d6,15
final_test,,,poisson_arrivals,23,6282559331530873794,bc910a90bc7b6a82,15
final_test,,,poisson_arrivals,24,3977157034356152945,668a2deb59da5fe4,15
final_test,,,poisson_arrivals,25,6465325959288546589,24809f49211b7207,15
final_test,,,poisson_arrivals,26,5828939426121825496,c359219df0cb5c61,15
final_test,,,poisson_arrivals,27,8669259201806592511,f3cb1dfdbebaadef,15
final_test,,,poisson_arrivals,28,3224042064486180744,13986c1a53c742ba,15
final_test,,,poisson_arrivals,29,6973452973012469441,4ed394fcbdd3def5,15
