training_seed,state_index,action,action_name,q_value,visit_count,visited
7101,0,0,FCFS,-28.347248946951673,39,True
7101,0,1,SJF,-32.297358549200034,37,True
7101,0,2,Round Robin,-31.949697646596377,30,True
7101,0,3,Priority,-30.441631940812226,23,True
7101,1,0,FCFS,0.0,0,False
7101,1,1,SJF,0.0,0,False
7101,1,2,Round Robin,0.0,0,False
7101,1,3,Priority,0.0,0,False
7101,2,0,FCFS,0.0,0,False
7101,2,1,SJF,0.0,0,False
7101,2,2,Round Robin,0.0,0,False
7101,2,3,Priority,0.0,0,False
7101,3,0,FCFS,0.0,0,False
7101,3,1,SJF,0.0,0,False
7101,3,2,Round Robin,0.0,0,False
7101,3,3,Priority,0.0,0,False
7101,4,0,FCFS,0.0,0,False
7101,4,1,SJF,0.0,0,False
7101,4,2,Round Robin,0.0,0,False
7101,4,3,Priority,0.0,0,False
7101,5,0,FCFS,0.0,0,False
7101,5,1,SJF,0.0,0,False
7101,5,2,Round Robin,0.0,0,False
7101,5,3,Priority,0.0,0,False
7101,6,0,FCFS,-133.82774599763604,26,True
7101,6,1,SJF,-109.43852305905946,25,True
7101,6,2,Round Robin,-129.67337171008833,59,True
7101,6,3,Priority,-137.6673880143678,23,True
7101,7,0,FCFS,0.0,0,False
7101,7,1,SJF,0.0,0,False
7101,7,2,Round Robin,0.0,0,False
7101,7,3,Priority,0.0,0,False
7101,8,0,FCFS,0.0,0,False
7101,8,1,SJF,0.0,0,False
7101,8,2,Round Robin,0.0,0,False
7101,8,3,Priority,0.0,0,False
7101,9,0,FCFS,0.0,0,False
7101,9,1,SJF,0.0,0,False
7101,9,2,Round Robin,0.0,0,False
7101,9,3,Priority,0.0,0,False
7101,10,0,FCFS,0.0,0,False
7101,10,1,SJF,0.0,0,False
7101,10,2,Round Robin,0.0,0,False
7101,10,3,Priority,0.0,0,False
7101,11,0,FCFS,0.0,0,False
7101,11,1,SJF,0.0,0,False
7101,11,2,Round Robin,0.0,0,False
7101,11,3,Priority,0.0,0,False
7101,12,0,FCFS,-230.16961325952502,37,True
7101,12,1,SJF,-160.77787084584594,42,True
7101,12,2,Round Robin,-110.85779431566874,612,True
7101,12,3,Priority,-185.15316041249253,38,True
7101,13,0,FCFS,0.0,0,False
7101,13,1,SJF,0.0,0,False
7101,13,2,Round Robin,0.0,0,False
7101,13,3,Priority,0.0,0,False
7101,14,0,FCFS,0.0,0,False
7101,14,1,SJF,0.0,0,False
7101,14,2,Round Robin,0.0,0,False
7101,14,3,Priority,0.0,0,False
7101,15,0,FCFS,0.0,0,False
7101,15,1,SJF,0.0,0,False
7101,15,2,Round Robin,0.0,0,False
7101,15,3,Priority,0.0,0,False
7101,16,0,FCFS,0.0,0,False
7101,16,1,SJF,0.0,0,False
7101,16,2,Round Robin,0.0,0,False
7101,16,3,Priority,0.0,0,False
7101,17,0,FCFS,0.0,0,False
7101,17,1,SJF,0.0,0,False
7101,17,2,Round Robin,0.0,0,False
7101,17,3,Priority,0.0,0,False
7101,18,0,FCFS,0.0,0,False
7101,18,1,SJF,0.0,0,False
7101,18,2,Round Robin,-12.893117419080562,4,True
7101,18,3,Priority,-7.452759345612551,5,True
7101,19,0,FCFS,-12.763814721186101,6,True
7101,19,1,SJF,-19.783064851065838,8,True
7101,19,2,Round Robin,-17.494447485052017,5,True
7101,19,3,Priority,-13.257844798646893,3,True
7101,20,0,FCFS,0.0,0,False
7101,20,1,SJF,0.0,0,False
7101,20,2,Round Robin,0.0,0,False
7101,20,3,Priority,0.0,0,False
7101,21,0,FCFS,0.0,0,False
7101,21,1,SJF,0.0,0,False
7101,21,2,Round Robin,0.0,0,False
7101,21,3,Priority,0.0,0,False
7101,22,0,FCFS,0.0,0,False
7101,22,1,SJF,0.0,0,False
7101,22,2,Round Robin,0.0,0,False
7101,22,3,Priority,0.0,0,False
7101,23,0,FCFS,0.0,0,False
7101,23,1,SJF,0.0,0,False
7101,23,2,Round Robin,0.0,0,False
7101,23,3,Priority,0.0,0,False
7101,24,0,FCFS,0.0,0,False
7101,24,1,SJF,-23.20537474991063,4,True
7101,24,2,Round Robin,0.0,0,False
7101,24,3,Priority,0.0,0,False
7101,25,0,FCFS,-18.208828195627007,2,True
7101,25,1,SJF,-16.38387003257794,5,True
7101,25,2,Round Robin,-17.06319386137951,7,True
7101,25,3,Priority,-19.102755222796127,5,True
7101,26,0,FCFS,0.0,0,False
7101,26,1,SJF,0.0,0,False
7101,26,2,Round Robin,0.0,0,False
7101,26,3,Priority,0.0,0,False
7101,27,0,FCFS,0.0,0,False
7101,27,1,SJF,0.0,0,False
7101,27,2,Round Robin,0.0,0,False
7101,27,3,Priority,0.0,0,False
7101,28,0,FCFS,0.0,0,False
7101,28,1,SJF,-3.7889685218762845,2,True
7101,28,2,Round Robin,0.0,0,False
7101,28,3,Priority,0.0,0,False
7101,29,0,FCFS,0.0,0,False
7101,29,1,SJF,0.0,0,False
7101,29,2,Round Robin,0.0,0,False
7101,29,3,Priority,0.0,0,False
7101,30,0,FCFS,-26.46485011455891,1,True
7101,30,1,SJF,0.0,0,False
7101,30,2,Round Robin,0.0,0,False
7101,30,3,Priority,0.0,0,False
7101,31,0,FCFS,-55.50216155891664,2,True
7101,31,1,SJF,-58.0470295693177,4,True
7101,31,2,Round Robin,-58.66351311704264,16,True
7101,31,3,Priority,-45.800689747728605,2,True
7101,32,0,FCFS,-29.57016889949248,13,True
7101,32,1,SJF,-14.938724023106701,4,True
7101,32,2,Round Robin,-7.745554276761699,56,True
7101,32,3,Priority,-9.068690373384658,4,True
7101,33,0,FCFS,0.0,0,False
7101,33,1,SJF,0.0,0,False
7101,33,2,Round Robin,0.0,0,False
7101,33,3,Priority,0.0,0,False
7101,34,0,FCFS,0.0,0,False
7101,34,1,SJF,-11.20310001735859,3,True
7101,34,2,Round Robin,0.0,0,False
7101,34,3,Priority,0.0,0,False
7101,35,0,FCFS,0.0,0,False
7101,35,1,SJF,0.0,0,False
7101,35,2,Round Robin,0.0,0,False
7101,35,3,Priority,0.0,0,False
7101,36,0,FCFS,-0.696871843269652,81,True
7101,36,1,SJF,-0.7533088127603232,69,True
7101,36,2,Round Robin,-0.7677130143751665,45,True
7101,36,3,Priority,-0.7505259645600795,35,True
7101,37,0,FCFS,0.0,0,False
7101,37,1,SJF,0.0,0,False
7101,37,2,Round Robin,0.0,0,False
7101,37,3,Priority,0.0,0,False
7101,38,0,FCFS,-0.40551636690027687,38,True
7101,38,1,SJF,-0.546546669984869,12,True
7101,38,2,Round Robin,-0.5598297127898598,28,True
7101,38,3,Priority,-0.5328101260889303,18,True
7101,39,0,FCFS,0.0,0,False
7101,39,1,SJF,0.0,0,False
7101,39,2,Round Robin,0.0,0,False
7101,39,3,Priority,0.0,0,False
7101,40,0,FCFS,-0.43447966972842667,8,True
7101,40,1,SJF,0.0,0,False
7101,40,2,Round Robin,-0.3344518375680441,22,True
7101,40,3,Priority,-0.28295489135904894,22,True
7101,41,0,FCFS,-0.20310669893071728,22,True
7101,41,1,SJF,-0.19852721697633777,15,True
7101,41,2,Round Robin,-0.19852721697633777,16,True
7101,41,3,Priority,-0.19852721697633777,15,True
7101,42,0,FCFS,0.0,0,False
7101,42,1,SJF,0.0,0,False
7101,42,2,Round Robin,0.0,0,False
7101,42,3,Priority,0.0,0,False
7101,43,0,FCFS,0.0,0,False
7101,43,1,SJF,0.0,0,False
7101,43,2,Round Robin,0.0,0,False
7101,43,3,Priority,0.0,0,False
7101,44,0,FCFS,0.0,0,False
7101,44,1,SJF,0.0,0,False
7101,44,2,Round Robin,0.0,0,False
7101,44,3,Priority,0.0,0,False
7101,45,0,FCFS,0.0,0,False
7101,45,1,SJF,0.0,0,False
7101,45,2,Round Robin,0.0,0,False
7101,45,3,Priority,0.0,0,False
7101,46,0,FCFS,0.0,0,False
7101,46,1,SJF,-2.057646444934173,4,True
7101,46,2,Round Robin,-1.4393732627837332,2,True
7101,46,3,Priority,0.0,0,False
7101,47,0,FCFS,-0.24998277166847202,101,True
7101,47,1,SJF,-0.24998330422836734,100,True
7101,47,2,Round Robin,-0.26636187688365476,13,True
7101,47,3,Priority,-0.24998395644538945,108,True
7101,48,0,FCFS,0.0,0,False
7101,48,1,SJF,0.0,0,False
7101,48,2,Round Robin,0.0,0,False
7101,48,3,Priority,0.0,0,False
7101,49,0,FCFS,0.0,0,False
7101,49,1,SJF,0.0,0,False
7101,49,2,Round Robin,0.0,0,False
7101,49,3,Priority,0.0,0,False
7101,50,0,FCFS,0.0,0,False
7101,50,1,SJF,0.0,0,False
7101,50,2,Round Robin,0.0,0,False
7101,50,3,Priority,0.0,0,False
7101,51,0,FCFS,0.0,0,False
7101,51,1,SJF,0.0,0,False
7101,51,2,Round Robin,0.0,0,False
7101,51,3,Priority,0.0,0,False
7101,52,0,FCFS,0.0,0,False
7101,52,1,SJF,-34.70831724680352,19,True
7101,52,2,Round Robin,0.0,0,False
7101,52,3,Priority,0.0,0,False
7101,53,0,FCFS,-0.24997586854017673,269,True
7101,53,1,SJF,-0.24997533866530297,186,True
7101,53,2,Round Robin,-0.44401357636910255,59,True
7101,53,3,Priority,-0.24997590865346084,168,True
7101,54,0,FCFS,0.0,0,False
7101,54,1,SJF,-12.850132581353929,6,True
7101,54,2,Round Robin,0.0,0,False
7101,54,3,Priority,0.0,0,False
7101,55,0,FCFS,-9.828731631627912,7,True
7101,55,1,SJF,-10.781402389230733,12,True
7101,55,2,Round Robin,-10.299946511184551,7,True
7101,55,3,Priority,-10.940955374672486,8,True
7101,56,0,FCFS,0.0,0,False
7101,56,1,SJF,0.0,0,False
7101,56,2,Round Robin,0.0,0,False
7101,56,3,Priority,0.0,0,False
7101,57,0,FCFS,0.0,0,False
7101,57,1,SJF,0.0,0,False
7101,57,2,Round Robin,0.0,0,False
7101,57,3,Priority,0.0,0,False
7101,58,0,FCFS,0.0,0,False
7101,58,1,SJF,0.0,0,False
7101,58,2,Round Robin,0.0,0,False
7101,58,3,Priority,0.0,0,False
7101,59,0,FCFS,0.0,0,False
7101,59,1,SJF,0.0,0,False
7101,59,2,Round Robin,0.0,0,False
7101,59,3,Priority,0.0,0,False
7101,60,0,FCFS,-23.82316778811904,5,True
7101,60,1,SJF,-37.362246075628,11,True
7101,60,2,Round Robin,-32.80777808231133,5,True
7101,60,3,Priority,-23.17683397410743,17,True
7101,61,0,FCFS,-102.62899351736749,15,True
7101,61,1,SJF,-103.77464502978758,18,True
7101,61,2,Round Robin,-109.32784906677284,31,True
7101,61,3,Priority,-105.19584805096493,15,True
7101,62,0,FCFS,-8.81227902707942,3,True
7101,62,1,SJF,0.0,0,False
7101,62,2,Round Robin,-7.763429012082423,49,True
7101,62,3,Priority,-8.500515759595954,3,True
7101,63,0,FCFS,0.0,0,False
7101,63,1,SJF,0.0,0,False
7101,63,2,Round Robin,-0.45,1,True
7101,63,3,Priority,0.0,0,False
7101,64,0,FCFS,0.0,0,False
7101,64,1,SJF,0.0,0,False
7101,64,2,Round Robin,0.0,0,False
7101,64,3,Priority,0.0,0,False
7101,65,0,FCFS,0.0,0,False
7101,65,1,SJF,0.0,0,False
7101,65,2,Round Robin,0.0,0,False
7101,65,3,Priority,0.0,0,False
7101,66,0,FCFS,-122.97598523001665,11,True
7101,66,1,SJF,-100.01882454441542,38,True
7101,66,2,Round Robin,-122.10262432608349,37,True
7101,66,3,Priority,-124.81374017500454,12,True
7101,67,0,FCFS,-230.38234968187413,22,True
7101,67,1,SJF,-227.33165284580437,28,True
7101,67,2,Round Robin,-192.8421583436855,207,True
7101,67,3,Priority,-249.24186736639842,26,True
7101,68,0,FCFS,0.0,0,False
7101,68,1,SJF,-5.235906366433019,28,True
7101,68,2,Round Robin,-5.51618667953163,11,True
7101,68,3,Priority,-17.532918431891005,4,True
7101,69,0,FCFS,0.0,0,False
7101,69,1,SJF,0.0,0,False
7101,69,2,Round Robin,-30.01726470936995,2,True
7101,69,3,Priority,0.0,0,False
7101,70,0,FCFS,0.0,0,False
7101,70,1,SJF,0.0,0,False
7101,70,2,Round Robin,0.0,0,False
7101,70,3,Priority,0.0,0,False
7101,71,0,FCFS,0.0,0,False
7101,71,1,SJF,0.0,0,False
7101,71,2,Round Robin,0.0,0,False
7101,71,3,Priority,0.0,0,False
7101,72,0,FCFS,0.0,0,False
7101,72,1,SJF,0.0,0,False
7101,72,2,Round Robin,0.0,0,False
7101,72,3,Priority,0.0,0,False
7101,73,0,FCFS,-31.795072001922343,9,True
7101,73,1,SJF,-27.198378813069855,25,True
7101,73,2,Round Robin,-25.15230315402728,22,True
7101,73,3,Priority,-26.904269197695477,8,True
7101,74,0,FCFS,-20.10766045892868,6,True
7101,74,1,SJF,-8.72014145644885,58,True
7101,74,2,Round Robin,-8.766192826069723,45,True
7101,74,3,Priority,-10.237562380105995,4,True
7101,75,0,FCFS,0.0,0,False
7101,75,1,SJF,-2.4172694401534827,1,True
7101,75,2,Round Robin,0.0,0,False
7101,75,3,Priority,-0.7530157232450786,2,True
7101,76,0,FCFS,0.0,0,False
7101,76,1,SJF,0.0,0,False
7101,76,2,Round Robin,0.0,0,False
7101,76,3,Priority,0.0,0,False
7101,77,0,FCFS,0.0,0,False
7101,77,1,SJF,0.0,0,False
7101,77,2,Round Robin,0.0,0,False
7101,77,3,Priority,0.0,0,False
7101,78,0,FCFS,-32.07169472424164,4,True
7101,78,1,SJF,0.0,0,False
7101,78,2,Round Robin,0.0,0,False
7101,78,3,Priority,0.0,0,False
7101,79,0,FCFS,-43.28591150390527,9,True
7101,79,1,SJF,-37.80934984762003,10,True
7101,79,2,Round Robin,-37.89894269865981,14,True
7101,79,3,Priority,-39.61708252544454,14,True
7101,80,0,FCFS,-15.094399385304321,6,True
7101,80,1,SJF,-10.45669887671143,37,True
7101,80,2,Round Robin,-8.917721862758405,97,True
7101,80,3,Priority,-11.493485518645125,5,True
7101,81,0,FCFS,-3.662093593198401,1,True
7101,81,1,SJF,0.0,0,False
7101,81,2,Round Robin,0.0,0,False
7101,81,3,Priority,0.0,0,False
7101,82,0,FCFS,-2.4477165743661518,1,True
7101,82,1,SJF,0.0,0,False
7101,82,2,Round Robin,0.0,0,False
7101,82,3,Priority,0.0,0,False
7101,83,0,FCFS,0.0,0,False
7101,83,1,SJF,0.0,0,False
7101,83,2,Round Robin,0.0,0,False
7101,83,3,Priority,0.0,0,False
7101,84,0,FCFS,0.0,0,False
7101,84,1,SJF,0.0,0,False
7101,84,2,Round Robin,-8.046082200067179,2,True
7101,84,3,Priority,-10.22655570685864,2,True
7101,85,0,FCFS,0.0,0,False
7101,85,1,SJF,-124.90852173554832,13,True
7101,85,2,Round Robin,-117.50138140478273,23,True
7101,85,3,Priority,-118.76592381547397,13,True
7101,86,0,FCFS,-21.158843436677845,5,True
7101,86,1,SJF,-8.634383055632803,38,True
7101,86,2,Round Robin,-8.56628428712062,50,True
7101,86,3,Priority,-18.0338038175255,4,True
7101,87,0,FCFS,0.0,0,False
7101,87,1,SJF,0.0,0,False
7101,87,2,Round Robin,-41.21649051710405,4,True
7101,87,3,Priority,0.0,0,False
7101,88,0,FCFS,0.0,0,False
7101,88,1,SJF,0.0,0,False
7101,88,2,Round Robin,0.0,0,False
7101,88,3,Priority,-4.9527544273556,1,True
7101,89,0,FCFS,0.0,0,False
7101,89,1,SJF,0.0,0,False
7101,89,2,Round Robin,0.0,0,False
7101,89,3,Priority,0.0,0,False
7101,90,0,FCFS,-1.5147965012245537,21,True
7101,90,1,SJF,-1.4336088589453164,13,True
7101,90,2,Round Robin,-1.4103268161095734,20,True
7101,90,3,Priority,-1.4350658552189415,22,True
7101,91,0,FCFS,0.0,0,False
7101,91,1,SJF,0.0,0,False
7101,91,2,Round Robin,0.0,0,False
7101,91,3,Priority,0.0,0,False
7101,92,0,FCFS,-10.125875747228637,128,True
7101,92,1,SJF,-7.20155202423279,235,True
7101,92,2,Round Robin,-7.775539885278842,83,True
7101,92,3,Priority,-10.473835578360259,85,True
7101,93,0,FCFS,0.0,0,False
7101,93,1,SJF,0.0,0,False
7101,93,2,Round Robin,0.0,0,False
7101,93,3,Priority,0.0,0,False
7101,94,0,FCFS,-9.970081997246016,21,True
7101,94,1,SJF,-7.583677376122781,89,True
7101,94,2,Round Robin,-7.516690694677024,57,True
7101,94,3,Priority,-8.788912432433845,20,True
7101,95,0,FCFS,-8.245911982646156,20,True
7101,95,1,SJF,-5.196546608915975,97,True
7101,95,2,Round Robin,-6.725532900335327,47,True
7101,95,3,Priority,-7.70646637710529,14,True
7101,96,0,FCFS,0.0,0,False
7101,96,1,SJF,0.0,0,False
7101,96,2,Round Robin,0.0,0,False
7101,96,3,Priority,0.0,0,False
7101,97,0,FCFS,0.0,0,False
7101,97,1,SJF,0.0,0,False
7101,97,2,Round Robin,0.0,0,False
7101,97,3,Priority,0.0,0,False
7101,98,0,FCFS,-12.51176346933269,5,True
7101,98,1,SJF,-6.129309958461394,2,True
7101,98,2,Round Robin,-5.8188899216710865,12,True
7101,98,3,Priority,-11.818761464296106,5,True
7101,99,0,FCFS,0.0,0,False
7101,99,1,SJF,0.0,0,False
7101,99,2,Round Robin,-0.6000000000000001,1,True
7101,99,3,Priority,0.0,0,False
7101,100,0,FCFS,-13.369011413014855,5,True
7101,100,1,SJF,0.0,0,False
7101,100,2,Round Robin,-8.681012603085916,97,True
7101,100,3,Priority,-12.780633124246263,4,True
7101,101,0,FCFS,-8.871360119478487,90,True
7101,101,1,SJF,-5.996829702910775,554,True
7101,101,2,Round Robin,-9.492001777198395,100,True
7101,101,3,Priority,-11.678865311864566,112,True
7101,102,0,FCFS,0.0,0,False
7101,102,1,SJF,0.0,0,False
7101,102,2,Round Robin,0.0,0,False
7101,102,3,Priority,0.0,0,False
7101,103,0,FCFS,0.0,0,False
7101,103,1,SJF,0.0,0,False
7101,103,2,Round Robin,0.0,0,False
7101,103,3,Priority,0.0,0,False
7101,104,0,FCFS,0.0,0,False
7101,104,1,SJF,-7.822899990893502,6,True
7101,104,2,Round Robin,0.0,0,False
7101,104,3,Priority,0.0,0,False
7101,105,0,FCFS,-11.536055845432093,1,True
7101,105,1,SJF,0.0,0,False
7101,105,2,Round Robin,0.0,0,False
7101,105,3,Priority,0.0,0,False
7101,106,0,FCFS,0.0,0,False
7101,106,1,SJF,-3.6933636034219246,3,True
7101,106,2,Round Robin,-0.5944636426680111,1,True
7101,106,3,Priority,0.0,0,False
7101,107,0,FCFS,-13.7016454945923,170,True
7101,107,1,SJF,-9.980670789688393,639,True
7101,107,2,Round Robin,-13.068738703353862,395,True
7101,107,3,Priority,-15.072720793615288,245,True
7101,108,0,FCFS,0.0,0,False
7101,108,1,SJF,0.0,0,False
7101,108,2,Round Robin,0.0,0,False
7101,108,3,Priority,0.0,0,False
7101,109,0,FCFS,-20.14019129589707,3,True
7101,109,1,SJF,-18.860703289255262,10,True
7101,109,2,Round Robin,0.0,0,False
7101,109,3,Priority,-17.948745129137535,6,True
7101,110,0,FCFS,0.0,0,False
7101,110,1,SJF,0.0,0,False
7101,110,2,Round Robin,0.0,0,False
7101,110,3,Priority,0.0,0,False
7101,111,0,FCFS,0.0,0,False
7101,111,1,SJF,0.0,0,False
7101,111,2,Round Robin,0.0,0,False
7101,111,3,Priority,-15.658981367232226,3,True
7101,112,0,FCFS,0.0,0,False
7101,112,1,SJF,0.0,0,False
7101,112,2,Round Robin,0.0,0,False
7101,112,3,Priority,0.0,0,False
7101,113,0,FCFS,0.0,0,False
7101,113,1,SJF,0.0,0,False
7101,113,2,Round Robin,0.0,0,False
7101,113,3,Priority,0.0,0,False
7101,114,0,FCFS,0.0,0,False
7101,114,1,SJF,0.0,0,False
7101,114,2,Round Robin,0.0,0,False
7101,114,3,Priority,0.0,0,False
7101,115,0,FCFS,-120.59679636211612,9,True
7101,115,1,SJF,-122.84764422774485,15,True
7101,115,2,Round Robin,-122.94023763683369,22,True
7101,115,3,Priority,-122.00700673394392,11,True
7101,116,0,FCFS,0.0,0,False
7101,116,1,SJF,0.0,0,False
7101,116,2,Round Robin,0.0,0,False
7101,116,3,Priority,0.0,0,False
7101,117,0,FCFS,-110.05946146082631,7,True
7101,117,1,SJF,-102.73472553634058,9,True
7101,117,2,Round Robin,-98.97205066808587,25,True
7101,117,3,Priority,-115.02570119865254,6,True
7101,118,0,FCFS,0.0,0,False
7101,118,1,SJF,0.0,0,False
7101,118,2,Round Robin,0.0,0,False
7101,118,3,Priority,0.0,0,False
7101,119,0,FCFS,-112.1832902021452,6,True
7101,119,1,SJF,0.0,0,False
7101,119,2,Round Robin,0.0,0,False
7101,119,3,Priority,0.0,0,False
7101,120,0,FCFS,0.0,0,False
7101,120,1,SJF,0.0,0,False
7101,120,2,Round Robin,-105.33963336849445,8,True
7101,120,3,Priority,0.0,0,False
7101,121,0,FCFS,-248.85108657284343,24,True
7101,121,1,SJF,-246.45762146474306,38,True
7101,121,2,Round Robin,-194.5604262753147,316,True
7101,121,3,Priority,-258.07511960084616,28,True
7101,122,0,FCFS,0.0,0,False
7101,122,1,SJF,0.0,0,False
7101,122,2,Round Robin,0.0,0,False
7101,122,3,Priority,0.0,0,False
7101,123,0,FCFS,-268.5154047927585,21,True
7101,123,1,SJF,-271.34068848982696,95,True
7101,123,2,Round Robin,-185.77475942243655,579,True
7101,123,3,Priority,-305.61576900551665,37,True
7101,124,0,FCFS,0.0,0,False
7101,124,1,SJF,0.0,0,False
7101,124,2,Round Robin,0.0,0,False
7101,124,3,Priority,0.0,0,False
7101,125,0,FCFS,-274.06152011935103,24,True
7101,125,1,SJF,-273.9235427824322,74,True
7101,125,2,Round Robin,-205.6513001145662,173,True
7101,125,3,Priority,-299.7547337193389,26,True
7101,126,0,FCFS,0.0,0,False
7101,126,1,SJF,0.0,0,False
7101,126,2,Round Robin,0.0,0,False
7101,126,3,Priority,0.0,0,False
7101,127,0,FCFS,-49.42858759370717,18,True
7101,127,1,SJF,-52.12482523288711,54,True
7101,127,2,Round Robin,-48.38979123439451,34,True
7101,127,3,Priority,-51.716761256189,26,True
7101,128,0,FCFS,-14.90354229766793,43,True
7101,128,1,SJF,-14.573556483720255,55,True
7101,128,2,Round Robin,-14.6935662133301,39,True
7101,128,3,Priority,-14.627801090117085,30,True
7101,129,0,FCFS,-60.154258219240596,21,True
7101,129,1,SJF,-60.83659935764115,60,True
7101,129,2,Round Robin,-61.657759868648796,50,True
7101,129,3,Priority,-67.94831393430144,26,True
7101,130,0,FCFS,-15.699805846333732,30,True
7101,130,1,SJF,-15.711034271284115,43,True
7101,130,2,Round Robin,-16.020540244330267,31,True
7101,130,3,Priority,-16.147496509878575,29,True
7101,131,0,FCFS,-51.54211779654104,14,True
7101,131,1,SJF,-46.125728227579984,27,True
7101,131,2,Round Robin,-46.724423480765225,27,True
7101,131,3,Priority,-49.8199895566096,12,True
7101,132,0,FCFS,0.0,0,False
7101,132,1,SJF,0.0,0,False
7101,132,2,Round Robin,0.0,0,False
7101,132,3,Priority,0.0,0,False
7101,133,0,FCFS,-77.88911251189221,15,True
7101,133,1,SJF,-74.9098986279414,18,True
7101,133,2,Round Robin,-76.26812405266917,22,True
7101,133,3,Priority,-79.75323693088825,13,True
7101,134,0,FCFS,0.0,0,False
7101,134,1,SJF,0.0,0,False
7101,134,2,Round Robin,0.0,0,False
7101,134,3,Priority,0.0,0,False
7101,135,0,FCFS,-133.14285501887522,22,True
7101,135,1,SJF,-120.94588991712631,50,True
7101,135,2,Round Robin,-116.7080562563481,55,True
7101,135,3,Priority,-115.38711690095931,16,True
7101,136,0,FCFS,0.0,0,False
7101,136,1,SJF,0.0,0,False
7101,136,2,Round Robin,0.0,0,False
7101,136,3,Priority,0.0,0,False
7101,137,0,FCFS,-146.8815846957629,26,True
7101,137,1,SJF,-148.9418276023749,55,True
7101,137,2,Round Robin,-144.16531826117057,114,True
7101,137,3,Priority,-149.060415538971,32,True
7101,138,0,FCFS,0.0,0,False
7101,138,1,SJF,0.0,0,False
7101,138,2,Round Robin,0.0,0,False
7101,138,3,Priority,0.0,0,False
7101,139,0,FCFS,-183.94779994508178,12,True
7101,139,1,SJF,-174.84818590723592,22,True
7101,139,2,Round Robin,-166.93760089888377,31,True
7101,139,3,Priority,-177.28819251644165,15,True
7101,140,0,FCFS,0.0,0,False
7101,140,1,SJF,0.0,0,False
7101,140,2,Round Robin,0.0,0,False
7101,140,3,Priority,0.0,0,False
7101,141,0,FCFS,-281.12372118264136,47,True
7101,141,1,SJF,-190.5180972611177,331,True
7101,141,2,Round Robin,-227.49362216070364,224,True
7101,141,3,Priority,-251.5128031221078,35,True
7101,142,0,FCFS,0.0,0,False
7101,142,1,SJF,0.0,0,False
7101,142,2,Round Robin,0.0,0,False
7101,142,3,Priority,0.0,0,False
7101,143,0,FCFS,-269.36239048379826,209,True
7101,143,1,SJF,-231.05163248590264,1249,True
7101,143,2,Round Robin,-262.0810730974998,1106,True
7101,143,3,Priority,-268.4534775533649,227,True
7101,144,0,FCFS,0.0,0,False
7101,144,1,SJF,0.0,0,False
7101,144,2,Round Robin,0.0,0,False
7101,144,3,Priority,0.0,0,False
7101,145,0,FCFS,-22.65518844486564,3,True
7101,145,1,SJF,-23.170663618597352,9,True
7101,145,2,Round Robin,-24.73042739426679,8,True
7101,145,3,Priority,0.0,0,False
7101,146,0,FCFS,-16.10382053622314,80,True
7101,146,1,SJF,-15.852231364117442,284,True
7101,146,2,Round Robin,-14.80573818123506,115,True
7101,146,3,Priority,-15.710017741949114,94,True
7101,147,0,FCFS,-68.51372326719849,26,True
7101,147,1,SJF,-68.48167304695097,164,True
7101,147,2,Round Robin,-68.55229131505395,62,True
7101,147,3,Priority,-72.90334356018265,25,True
7101,148,0,FCFS,-17.424389468482737,73,True
7101,148,1,SJF,-15.392691889455755,127,True
7101,148,2,Round Robin,-17.56531636382801,101,True
7101,148,3,Priority,-17.656875215161744,56,True
7101,149,0,FCFS,-74.1047601903315,81,True
7101,149,1,SJF,-70.29998419382531,338,True
7101,149,2,Round Robin,-61.866173230783126,445,True
7101,149,3,Priority,-68.34493381164997,89,True
7101,150,0,FCFS,0.0,0,False
7101,150,1,SJF,0.0,0,False
7101,150,2,Round Robin,0.0,0,False
7101,150,3,Priority,0.0,0,False
7101,151,0,FCFS,0.0,0,False
7101,151,1,SJF,0.0,0,False
7101,151,2,Round Robin,0.0,0,False
7101,151,3,Priority,-16.82704454536173,2,True
7101,152,0,FCFS,0.0,0,False
7101,152,1,SJF,0.0,0,False
7101,152,2,Round Robin,0.0,0,False
7101,152,3,Priority,0.0,0,False
7101,153,0,FCFS,-82.83710848003123,15,True
7101,153,1,SJF,-82.54870797547377,73,True
7101,153,2,Round Robin,-82.47994737160487,50,True
7101,153,3,Priority,-86.70271424712182,31,True
7101,154,0,FCFS,0.0,0,False
7101,154,1,SJF,0.0,0,False
7101,154,2,Round Robin,0.0,0,False
7101,154,3,Priority,0.0,0,False
7101,155,0,FCFS,-121.89007794520639,361,True
7101,155,1,SJF,-118.85936369181098,484,True
7101,155,2,Round Robin,-87.60275269249769,7435,True
7101,155,3,Priority,-120.56754493792758,396,True
7101,156,0,FCFS,0.0,0,False
7101,156,1,SJF,0.0,0,False
7101,156,2,Round Robin,0.0,0,False
7101,156,3,Priority,0.0,0,False
7101,157,0,FCFS,0.0,0,False
7101,157,1,SJF,0.0,0,False
7101,157,2,Round Robin,0.0,0,False
7101,157,3,Priority,-17.199328626055035,1,True
7101,158,0,FCFS,0.0,0,False
7101,158,1,SJF,0.0,0,False
7101,158,2,Round Robin,0.0,0,False
7101,158,3,Priority,0.0,0,False
7101,159,0,FCFS,0.0,0,False
7101,159,1,SJF,-97.40332943255837,14,True
7101,159,2,Round Robin,-99.67561931027919,11,True
7101,159,3,Priority,-104.27891366012753,7,True
7101,160,0,FCFS,0.0,0,False
7101,160,1,SJF,0.0,0,False
7101,160,2,Round Robin,0.0,0,False
7101,160,3,Priority,0.0,0,False
7101,161,0,FCFS,-187.8548313233475,1243,True
7101,161,1,SJF,-176.4412349389978,1546,True
7101,161,2,Round Robin,-164.92126920358024,23060,True
7101,161,3,Priority,-202.92443253080415,1237,True
7102,0,0,FCFS,-33.772199296490626,40,True
7102,0,1,SJF,-26.746217383505147,21,True
7102,0,2,Round Robin,-18.107621780207666,22,True
7102,0,3,Priority,-26.80809359372172,30,True
7102,1,0,FCFS,0.0,0,False
7102,1,1,SJF,0.0,0,False
7102,1,2,Round Robin,0.0,0,False
7102,1,3,Priority,0.0,0,False
7102,2,0,FCFS,0.0,0,False
7102,2,1,SJF,0.0,0,False
7102,2,2,Round Robin,0.0,0,False
7102,2,3,Priority,0.0,0,False
7102,3,0,FCFS,0.0,0,False
7102,3,1,SJF,0.0,0,False
7102,3,2,Round Robin,0.0,0,False
7102,3,3,Priority,0.0,0,False
7102,4,0,FCFS,0.0,0,False
7102,4,1,SJF,0.0,0,False
7102,4,2,Round Robin,0.0,0,False
7102,4,3,Priority,0.0,0,False
7102,5,0,FCFS,0.0,0,False
7102,5,1,SJF,0.0,0,False
7102,5,2,Round Robin,0.0,0,False
7102,5,3,Priority,0.0,0,False
7102,6,0,FCFS,-103.75078437750307,30,True
7102,6,1,SJF,-98.8057636823968,15,True
7102,6,2,Round Robin,-100.60054985852477,51,True
7102,6,3,Priority,-98.80705301402132,24,True
7102,7,0,FCFS,0.0,0,False
7102,7,1,SJF,0.0,0,False
7102,7,2,Round Robin,0.0,0,False
7102,7,3,Priority,0.0,0,False
7102,8,0,FCFS,0.0,0,False
7102,8,1,SJF,0.0,0,False
7102,8,2,Round Robin,0.0,0,False
7102,8,3,Priority,0.0,0,False
7102,9,0,FCFS,0.0,0,False
7102,9,1,SJF,0.0,0,False
7102,9,2,Round Robin,0.0,0,False
7102,9,3,Priority,0.0,0,False
7102,10,0,FCFS,0.0,0,False
7102,10,1,SJF,0.0,0,False
7102,10,2,Round Robin,0.0,0,False
7102,10,3,Priority,0.0,0,False
7102,11,0,FCFS,0.0,0,False
7102,11,1,SJF,0.0,0,False
7102,11,2,Round Robin,0.0,0,False
7102,11,3,Priority,0.0,0,False
7102,12,0,FCFS,-175.19815289947744,57,True
7102,12,1,SJF,-183.14606218510446,51,True
7102,12,2,Round Robin,-154.9856857201533,553,True
7102,12,3,Priority,-173.3768497291603,50,True
7102,13,0,FCFS,0.0,0,False
7102,13,1,SJF,0.0,0,False
7102,13,2,Round Robin,0.0,0,False
7102,13,3,Priority,0.0,0,False
7102,14,0,FCFS,0.0,0,False
7102,14,1,SJF,0.0,0,False
7102,14,2,Round Robin,0.0,0,False
7102,14,3,Priority,0.0,0,False
7102,15,0,FCFS,0.0,0,False
7102,15,1,SJF,0.0,0,False
7102,15,2,Round Robin,0.0,0,False
7102,15,3,Priority,0.0,0,False
7102,16,0,FCFS,0.0,0,False
7102,16,1,SJF,0.0,0,False
7102,16,2,Round Robin,0.0,0,False
7102,16,3,Priority,0.0,0,False
7102,17,0,FCFS,0.0,0,False
7102,17,1,SJF,0.0,0,False
7102,17,2,Round Robin,0.0,0,False
7102,17,3,Priority,0.0,0,False
7102,18,0,FCFS,0.0,0,False
7102,18,1,SJF,-9.421699235524237,5,True
7102,18,2,Round Robin,0.0,0,False
7102,18,3,Priority,0.0,0,False
7102,19,0,FCFS,0.0,0,False
7102,19,1,SJF,-14.411816190296996,12,True
7102,19,2,Round Robin,0.0,0,False
7102,19,3,Priority,-12.802379396864687,6,True
7102,20,0,FCFS,0.0,0,False
7102,20,1,SJF,0.0,0,False
7102,20,2,Round Robin,0.0,0,False
7102,20,3,Priority,0.0,0,False
7102,21,0,FCFS,0.0,0,False
7102,21,1,SJF,0.0,0,False
7102,21,2,Round Robin,-2.6523539329776744,1,True
7102,21,3,Priority,0.0,0,False
7102,22,0,FCFS,0.0,0,False
7102,22,1,SJF,0.0,0,False
7102,22,2,Round Robin,0.0,0,False
7102,22,3,Priority,0.0,0,False
7102,23,0,FCFS,0.0,0,False
7102,23,1,SJF,0.0,0,False
7102,23,2,Round Robin,0.0,0,False
7102,23,3,Priority,0.0,0,False
7102,24,0,FCFS,0.0,0,False
7102,24,1,SJF,0.0,0,False
7102,24,2,Round Robin,0.0,0,False
7102,24,3,Priority,-1.4856315602771488,3,True
7102,25,0,FCFS,-7.332264700091375,3,True
7102,25,1,SJF,0.0,0,False
7102,25,2,Round Robin,-16.976650189679454,4,True
7102,25,3,Priority,-4.184431564991566,1,True
7102,26,0,FCFS,0.0,0,False
7102,26,1,SJF,0.0,0,False
7102,26,2,Round Robin,-7.450362701273621,1,True
7102,26,3,Priority,0.0,0,False
7102,27,0,FCFS,0.0,0,False
7102,27,1,SJF,0.0,0,False
7102,27,2,Round Robin,0.0,0,False
7102,27,3,Priority,0.0,0,False
7102,28,0,FCFS,0.0,0,False
7102,28,1,SJF,0.0,0,False
7102,28,2,Round Robin,-0.8353708854018252,2,True
7102,28,3,Priority,0.0,0,False
7102,29,0,FCFS,0.0,0,False
7102,29,1,SJF,0.0,0,False
7102,29,2,Round Robin,0.0,0,False
7102,29,3,Priority,0.0,0,False
7102,30,0,FCFS,-81.38934052469848,4,True
7102,30,1,SJF,0.0,0,False
7102,30,2,Round Robin,0.0,0,False
7102,30,3,Priority,-64.40191404947237,3,True
7102,31,0,FCFS,-42.5368379495477,2,True
7102,31,1,SJF,-35.417144038712216,4,True
7102,31,2,Round Robin,-27.934506058755964,6,True
7102,31,3,Priority,-39.78720712683237,2,True
7102,32,0,FCFS,-11.148725168634583,3,True
7102,32,1,SJF,-15.787705165419954,3,True
7102,32,2,Round Robin,-9.290528789117255,63,True
7102,32,3,Priority,-11.938493059775192,3,True
7102,33,0,FCFS,0.0,0,False
7102,33,1,SJF,0.0,0,False
7102,33,2,Round Robin,-7.7316809138128635,1,True
7102,33,3,Priority,0.0,0,False
7102,34,0,FCFS,0.0,0,False
7102,34,1,SJF,-15.851340166954314,4,True
7102,34,2,Round Robin,0.0,0,False
7102,34,3,Priority,0.0,0,False
7102,35,0,FCFS,0.0,0,False
7102,35,1,SJF,0.0,0,False
7102,35,2,Round Robin,0.0,0,False
7102,35,3,Priority,0.0,0,False
7102,36,0,FCFS,-0.8429468330097276,53,True
7102,36,1,SJF,-0.8367229914216642,40,True
7102,36,2,Round Robin,-0.7689837195814705,37,True
7102,36,3,Priority,-0.834094834234278,39,True
7102,37,0,FCFS,0.0,0,False
7102,37,1,SJF,0.0,0,False
7102,37,2,Round Robin,0.0,0,False
7102,37,3,Priority,0.0,0,False
7102,38,0,FCFS,-0.43582749955473055,18,True
7102,38,1,SJF,-0.3771793945164613,35,True
7102,38,2,Round Robin,-0.3239447555723657,17,True
7102,38,3,Priority,-0.47731061270312125,22,True
7102,39,0,FCFS,0.0,0,False
7102,39,1,SJF,0.0,0,False
7102,39,2,Round Robin,0.0,0,False
7102,39,3,Priority,0.0,0,False
7102,40,0,FCFS,-0.33351285143519105,14,True
7102,40,1,SJF,-0.32234728045753486,13,True
7102,40,2,Round Robin,-0.25659886420379857,30,True
7102,40,3,Priority,-0.29252783869743026,12,True
7102,41,0,FCFS,-0.2037593801732502,18,True
7102,41,1,SJF,-0.20541560276372522,18,True
7102,41,2,Round Robin,-0.203674495278704,17,True
7102,41,3,Priority,-0.203674495278704,16,True
7102,42,0,FCFS,0.0,0,False
7102,42,1,SJF,0.0,0,False
7102,42,2,Round Robin,0.0,0,False
7102,42,3,Priority,0.0,0,False
7102,43,0,FCFS,0.0,0,False
7102,43,1,SJF,0.0,0,False
7102,43,2,Round Robin,0.0,0,False
7102,43,3,Priority,0.0,0,False
7102,44,0,FCFS,0.0,0,False
7102,44,1,SJF,0.0,0,False
7102,44,2,Round Robin,0.0,0,False
7102,44,3,Priority,0.0,0,False
7102,45,0,FCFS,0.0,0,False
7102,45,1,SJF,0.0,0,False
7102,45,2,Round Robin,0.0,0,False
7102,45,3,Priority,0.0,0,False
7102,46,0,FCFS,-1.5196599944611129,5,True
7102,46,1,SJF,0.0,0,False
7102,46,2,Round Robin,-1.6080655146035958,3,True
7102,46,3,Priority,-1.800948260925467,2,True
7102,47,0,FCFS,-0.24995407442728418,85,True
7102,47,1,SJF,-0.24995648551733388,87,True
7102,47,2,Round Robin,-0.27649469885574257,12,True
7102,47,3,Priority,-0.2499519575080138,134,True
7102,48,0,FCFS,0.0,0,False
7102,48,1,SJF,0.0,0,False
7102,48,2,Round Robin,0.0,0,False
7102,48,3,Priority,0.0,0,False
7102,49,0,FCFS,0.0,0,False
7102,49,1,SJF,0.0,0,False
7102,49,2,Round Robin,0.0,0,False
7102,49,3,Priority,0.0,0,False
7102,50,0,FCFS,0.0,0,False
7102,50,1,SJF,0.0,0,False
7102,50,2,Round Robin,0.0,0,False
7102,50,3,Priority,0.0,0,False
7102,51,0,FCFS,0.0,0,False
7102,51,1,SJF,0.0,0,False
7102,51,2,Round Robin,0.0,0,False
7102,51,3,Priority,0.0,0,False
7102,52,0,FCFS,0.0,0,False
7102,52,1,SJF,0.0,0,False
7102,52,2,Round Robin,0.0,0,False
7102,52,3,Priority,-28.061796793171677,22,True
7102,53,0,FCFS,-0.24993935684170307,182,True
7102,53,1,SJF,-0.24993268568587826,210,True
7102,53,2,Round Robin,-0.4347129054065313,66,True
7102,53,3,Priority,-0.2499361815885422,233,True
7102,54,0,FCFS,0.0,0,False
7102,54,1,SJF,0.0,0,False
7102,54,2,Round Robin,0.0,0,False
7102,54,3,Priority,-8.613866056694532,7,True
7102,55,0,FCFS,-23.14621516048566,8,True
7102,55,1,SJF,-15.682173471291653,17,True
7102,55,2,Round Robin,-13.120900099960823,11,True
7102,55,3,Priority,-14.388200218581309,10,True
7102,56,0,FCFS,0.0,0,False
7102,56,1,SJF,0.0,0,False
7102,56,2,Round Robin,0.0,0,False
7102,56,3,Priority,0.0,0,False
7102,57,0,FCFS,0.0,0,False
7102,57,1,SJF,-0.19564668336905133,1,True
7102,57,2,Round Robin,0.0,0,False
7102,57,3,Priority,0.0,0,False
7102,58,0,FCFS,0.0,0,False
7102,58,1,SJF,0.0,0,False
7102,58,2,Round Robin,0.0,0,False
7102,58,3,Priority,0.0,0,False
7102,59,0,FCFS,0.0,0,False
7102,59,1,SJF,0.0,0,False
7102,59,2,Round Robin,0.0,0,False
7102,59,3,Priority,0.0,0,False
7102,60,0,FCFS,-28.923907796753724,4,True
7102,60,1,SJF,-31.151684259037513,7,True
7102,60,2,Round Robin,-27.966416553354843,19,True
7102,60,3,Priority,-39.424759437689566,8,True
7102,61,0,FCFS,-87.72367418153017,12,True
7102,61,1,SJF,-87.62974132827277,16,True
7102,61,2,Round Robin,-95.76993238975949,31,True
7102,61,3,Priority,-92.04006390993638,10,True
7102,62,0,FCFS,-5.97180232812226,2,True
7102,62,1,SJF,-4.7233508244388105,13,True
7102,62,2,Round Robin,-4.52417172119971,15,True
7102,62,3,Priority,-7.5081369022247095,4,True
7102,63,0,FCFS,0.0,0,False
7102,63,1,SJF,0.0,0,False
7102,63,2,Round Robin,0.0,0,False
7102,63,3,Priority,0.0,0,False
7102,64,0,FCFS,0.0,0,False
7102,64,1,SJF,0.0,0,False
7102,64,2,Round Robin,0.0,0,False
7102,64,3,Priority,0.0,0,False
7102,65,0,FCFS,0.0,0,False
7102,65,1,SJF,0.0,0,False
7102,65,2,Round Robin,0.0,0,False
7102,65,3,Priority,0.0,0,False
7102,66,0,FCFS,-128.10960205664384,14,True
7102,66,1,SJF,-107.98007206217282,30,True
7102,66,2,Round Robin,-96.46442001497428,51,True
7102,66,3,Priority,-128.07786577828185,7,True
7102,67,0,FCFS,-230.92919700603866,24,True
7102,67,1,SJF,-190.72013421602827,44,True
7102,67,2,Round Robin,-214.355725647183,213,True
7102,67,3,Priority,-219.46156857277316,18,True
7102,68,0,FCFS,-10.890482252460183,2,True
7102,68,1,SJF,-6.185574713555403,17,True
7102,68,2,Round Robin,-6.648657892535354,19,True
7102,68,3,Priority,0.0,0,False
7102,69,0,FCFS,0.0,0,False
7102,69,1,SJF,0.0,0,False
7102,69,2,Round Robin,-11.114871841428151,1,True
7102,69,3,Priority,0.0,0,False
7102,70,0,FCFS,0.0,0,False
7102,70,1,SJF,0.0,0,False
7102,70,2,Round Robin,0.0,0,False
7102,70,3,Priority,0.0,0,False
7102,71,0,FCFS,0.0,0,False
7102,71,1,SJF,0.0,0,False
7102,71,2,Round Robin,0.0,0,False
7102,71,3,Priority,0.0,0,False
7102,72,0,FCFS,0.0,0,False
7102,72,1,SJF,0.0,0,False
7102,72,2,Round Robin,0.0,0,False
7102,72,3,Priority,-9.571082981735842,3,True
7102,73,0,FCFS,-31.684461972717905,17,True
7102,73,1,SJF,-29.146039900248873,21,True
7102,73,2,Round Robin,-34.98631482914971,18,True
7102,73,3,Priority,-34.901238299179624,18,True
7102,74,0,FCFS,-21.145851281909042,5,True
7102,74,1,SJF,-12.411264340365708,64,True
7102,74,2,Round Robin,-11.595000926341944,45,True
7102,74,3,Priority,-14.011021119948488,4,True
7102,75,0,FCFS,0.0,0,False
7102,75,1,SJF,-14.070986090925006,9,True
7102,75,2,Round Robin,0.0,0,False
7102,75,3,Priority,-13.418395323703775,3,True
7102,76,0,FCFS,0.0,0,False
7102,76,1,SJF,0.0,0,False
7102,76,2,Round Robin,0.0,0,False
7102,76,3,Priority,0.0,0,False
7102,77,0,FCFS,0.0,0,False
7102,77,1,SJF,0.0,0,False
7102,77,2,Round Robin,0.0,0,False
7102,77,3,Priority,0.0,0,False
7102,78,0,FCFS,-5.36412914093584,3,True
7102,78,1,SJF,0.0,0,False
7102,78,2,Round Robin,-1.0356133687747984,1,True
7102,78,3,Priority,0.0,0,False
7102,79,0,FCFS,-41.02867828994264,4,True
7102,79,1,SJF,-48.665079977139364,13,True
7102,79,2,Round Robin,-39.67634935683105,13,True
7102,79,3,Priority,-57.58261654421413,9,True
7102,80,0,FCFS,-12.345459849457846,4,True
7102,80,1,SJF,-11.382317842234615,53,True
7102,80,2,Round Robin,-10.34426843452047,70,True
7102,80,3,Priority,-18.752774721947073,8,True
7102,81,0,FCFS,0.0,0,False
7102,81,1,SJF,0.0,0,False
7102,81,2,Round Robin,0.0,0,False
7102,81,3,Priority,-1.6386950650132677,2,True
7102,82,0,FCFS,0.0,0,False
7102,82,1,SJF,-0.2,1,True
7102,82,2,Round Robin,0.0,0,False
7102,82,3,Priority,0.0,0,False
7102,83,0,FCFS,0.0,0,False
7102,83,1,SJF,0.0,0,False
7102,83,2,Round Robin,0.0,0,False
7102,83,3,Priority,0.0,0,False
7102,84,0,FCFS,0.0,0,False
7102,84,1,SJF,-24.552619256817128,6,True
7102,84,2,Round Robin,0.0,0,False
7102,84,3,Priority,-36.89557042344842,3,True
7102,85,0,FCFS,-105.3956571486114,9,True
7102,85,1,SJF,-101.68384416565804,12,True
7102,85,2,Round Robin,-98.05687130281511,17,True
7102,85,3,Priority,-114.62019446229405,8,True
7102,86,0,FCFS,-14.342764165906145,3,True
7102,86,1,SJF,-10.117162162523377,29,True
7102,86,2,Round Robin,-10.232502952595695,73,True
7102,86,3,Priority,-12.105057642115598,2,True
7102,87,0,FCFS,0.0,0,False
7102,87,1,SJF,0.0,0,False
7102,87,2,Round Robin,-56.12535539986669,5,True
7102,87,3,Priority,0.0,0,False
7102,88,0,FCFS,0.0,0,False
7102,88,1,SJF,0.0,0,False
7102,88,2,Round Robin,0.0,0,False
7102,88,3,Priority,0.0,0,False
7102,89,0,FCFS,0.0,0,False
7102,89,1,SJF,0.0,0,False
7102,89,2,Round Robin,0.0,0,False
7102,89,3,Priority,0.0,0,False
7102,90,0,FCFS,-1.2941365535181646,15,True
7102,90,1,SJF,-1.2825259912386007,17,True
7102,90,2,Round Robin,-1.397712018331884,11,True
7102,90,3,Priority,-1.323663478498162,13,True
7102,91,0,FCFS,0.0,0,False
7102,91,1,SJF,0.0,0,False
7102,91,2,Round Robin,0.0,0,False
7102,91,3,Priority,-1.1389610762879259,1,True
7102,92,0,FCFS,-7.0849273561416375,50,True
7102,92,1,SJF,-4.247212611169184,254,True
7102,92,2,Round Robin,-5.390685858767357,97,True
7102,92,3,Priority,-6.345032839696067,44,True
7102,93,0,FCFS,0.0,0,False
7102,93,1,SJF,0.0,0,False
7102,93,2,Round Robin,0.0,0,False
7102,93,3,Priority,0.0,0,False
7102,94,0,FCFS,-7.873816032669317,21,True
7102,94,1,SJF,-6.674024676821249,93,True
7102,94,2,Round Robin,-5.5758568070111965,59,True
7102,94,3,Priority,-8.054759424862292,20,True
7102,95,0,FCFS,-7.48098892945733,19,True
7102,95,1,SJF,-5.4835784362713245,148,True
7102,95,2,Round Robin,-7.488044567052241,34,True
7102,95,3,Priority,-7.861041832837005,25,True
7102,96,0,FCFS,0.0,0,False
7102,96,1,SJF,0.0,0,False
7102,96,2,Round Robin,0.0,0,False
7102,96,3,Priority,0.0,0,False
7102,97,0,FCFS,-0.5,1,True
7102,97,1,SJF,0.0,0,False
7102,97,2,Round Robin,0.0,0,False
7102,97,3,Priority,0.0,0,False
7102,98,0,FCFS,-14.510348240764547,5,True
7102,98,1,SJF,-13.11041253886758,21,True
7102,98,2,Round Robin,0.0,0,False
7102,98,3,Priority,0.0,0,False
7102,99,0,FCFS,0.0,0,False
7102,99,1,SJF,0.0,0,False
7102,99,2,Round Robin,0.0,0,False
7102,99,3,Priority,0.0,0,False
7102,100,0,FCFS,0.0,0,False
7102,100,1,SJF,-7.927216343283254,19,True
7102,100,2,Round Robin,-7.203584641120139,53,True
7102,100,3,Priority,-8.929878906641525,4,True
7102,101,0,FCFS,-9.083380730253364,73,True
7102,101,1,SJF,-5.201185807239428,569,True
7102,101,2,Round Robin,-9.136400896522362,140,True
7102,101,3,Priority,-9.599019893309153,53,True
7102,102,0,FCFS,0.0,0,False
7102,102,1,SJF,0.0,0,False
7102,102,2,Round Robin,0.0,0,False
7102,102,3,Priority,0.0,0,False
7102,103,0,FCFS,0.0,0,False
7102,103,1,SJF,0.0,0,False
7102,103,2,Round Robin,0.0,0,False
7102,103,3,Priority,0.0,0,False
7102,104,0,FCFS,-33.263392636382136,9,True
7102,104,1,SJF,0.0,0,False
7102,104,2,Round Robin,0.0,0,False
7102,104,3,Priority,-31.663697660359798,8,True
7102,105,0,FCFS,0.0,0,False
7102,105,1,SJF,0.0,0,False
7102,105,2,Round Robin,0.0,0,False
7102,105,3,Priority,0.0,0,False
7102,106,0,FCFS,0.0,0,False
7102,106,1,SJF,0.0,0,False
7102,106,2,Round Robin,-1.9799205169832539,2,True
7102,106,3,Priority,0.0,0,False
7102,107,0,FCFS,-15.278769739831812,214,True
7102,107,1,SJF,-8.202224299232723,655,True
7102,107,2,Round Robin,-12.794166775527227,301,True
7102,107,3,Priority,-12.726700202266626,188,True
7102,108,0,FCFS,0.0,0,False
7102,108,1,SJF,0.0,0,False
7102,108,2,Round Robin,0.0,0,False
7102,108,3,Priority,0.0,0,False
7102,109,0,FCFS,0.0,0,False
7102,109,1,SJF,-22.772069690989653,16,True
7102,109,2,Round Robin,-15.551036724085666,10,True
7102,109,3,Priority,0.0,0,False
7102,110,0,FCFS,0.0,0,False
7102,110,1,SJF,0.0,0,False
7102,110,2,Round Robin,0.0,0,False
7102,110,3,Priority,0.0,0,False
7102,111,0,FCFS,0.0,0,False
7102,111,1,SJF,0.0,0,False
7102,111,2,Round Robin,-8.585915194212413,2,True
7102,111,3,Priority,-14.27099534308643,3,True
7102,112,0,FCFS,0.0,0,False
7102,112,1,SJF,0.0,0,False
7102,112,2,Round Robin,0.0,0,False
7102,112,3,Priority,0.0,0,False
7102,113,0,FCFS,0.0,0,False
7102,113,1,SJF,0.0,0,False
7102,113,2,Round Robin,0.0,0,False
7102,113,3,Priority,0.0,0,False
7102,114,0,FCFS,0.0,0,False
7102,114,1,SJF,0.0,0,False
7102,114,2,Round Robin,0.0,0,False
7102,114,3,Priority,-19.5149562970187,1,True
7102,115,0,FCFS,0.0,0,False
7102,115,1,SJF,0.0,0,False
7102,115,2,Round Robin,-117.00721658821935,38,True
7102,115,3,Priority,-126.4341809964719,12,True
7102,116,0,FCFS,0.0,0,False
7102,116,1,SJF,0.0,0,False
7102,116,2,Round Robin,0.0,0,False
7102,116,3,Priority,0.0,0,False
7102,117,0,FCFS,-99.10069247654774,10,True
7102,117,1,SJF,-96.07234164332955,12,True
7102,117,2,Round Robin,-95.33526071041862,14,True
7102,117,3,Priority,-119.04407532514962,8,True
7102,118,0,FCFS,0.0,0,False
7102,118,1,SJF,0.0,0,False
7102,118,2,Round Robin,0.0,0,False
7102,118,3,Priority,0.0,0,False
7102,119,0,FCFS,0.0,0,False
7102,119,1,SJF,0.0,0,False
7102,119,2,Round Robin,-44.540951204695006,10,True
7102,119,3,Priority,0.0,0,False
7102,120,0,FCFS,-68.5198821064246,3,True
7102,120,1,SJF,0.0,0,False
7102,120,2,Round Robin,0.0,0,False
7102,120,3,Priority,0.0,0,False
7102,121,0,FCFS,-251.9826958517246,31,True
7102,121,1,SJF,-252.33127051643947,63,True
7102,121,2,Round Robin,-236.55983902932255,283,True
7102,121,3,Priority,-251.98086299602298,23,True
7102,122,0,FCFS,0.0,0,False
7102,122,1,SJF,0.0,0,False
7102,122,2,Round Robin,0.0,0,False
7102,122,3,Priority,0.0,0,False
7102,123,0,FCFS,-269.26278109755043,25,True
7102,123,1,SJF,-257.87575828145907,72,True
7102,123,2,Round Robin,-248.84376807706735,497,True
7102,123,3,Priority,-305.6696234538699,36,True
7102,124,0,FCFS,0.0,0,False
7102,124,1,SJF,0.0,0,False
7102,124,2,Round Robin,0.0,0,False
7102,124,3,Priority,0.0,0,False
7102,125,0,FCFS,-266.0882150822656,19,True
7102,125,1,SJF,-262.1879594297022,57,True
7102,125,2,Round Robin,-263.5561817654434,289,True
7102,125,3,Priority,-272.68854050687906,22,True
7102,126,0,FCFS,0.0,0,False
7102,126,1,SJF,0.0,0,False
7102,126,2,Round Robin,0.0,0,False
7102,126,3,Priority,0.0,0,False
7102,127,0,FCFS,-53.62188355031811,22,True
7102,127,1,SJF,-44.14195035387097,42,True
7102,127,2,Round Robin,-44.41006728900606,39,True
7102,127,3,Priority,-41.09935863012012,28,True
7102,128,0,FCFS,-12.978174954496424,29,True
7102,128,1,SJF,-13.158706306635219,47,True
7102,128,2,Round Robin,-13.20848991296921,32,True
7102,128,3,Priority,-12.981260146519958,29,True
7102,129,0,FCFS,-68.58486140214498,18,True
7102,129,1,SJF,-64.22439126189882,66,True
7102,129,2,Round Robin,-65.12735982848423,47,True
7102,129,3,Priority,-65.13779537565553,24,True
7102,130,0,FCFS,-18.441420181750843,39,True
7102,130,1,SJF,-18.377987714752226,50,True
7102,130,2,Round Robin,-18.299352051139458,42,True
7102,130,3,Priority,-18.480834449009265,41,True
7102,131,0,FCFS,-48.72305187618428,11,True
7102,131,1,SJF,-56.297601683558185,27,True
7102,131,2,Round Robin,-47.27469891483642,25,True
7102,131,3,Priority,-55.11535723895608,17,True
7102,132,0,FCFS,0.0,0,False
7102,132,1,SJF,0.0,0,False
7102,132,2,Round Robin,0.0,0,False
7102,132,3,Priority,0.0,0,False
7102,133,0,FCFS,-102.51405746034305,10,True
7102,133,1,SJF,-76.33139703904993,25,True
7102,133,2,Round Robin,-74.70278103248833,21,True
7102,133,3,Priority,-83.03204796054166,12,True
7102,134,0,FCFS,0.0,0,False
7102,134,1,SJF,0.0,0,False
7102,134,2,Round Robin,0.0,0,False
7102,134,3,Priority,0.0,0,False
7102,135,0,FCFS,-101.93426728950794,12,True
7102,135,1,SJF,-99.8691852690538,48,True
7102,135,2,Round Robin,-104.38762814239473,47,True
7102,135,3,Priority,-98.93923139096525,16,True
7102,136,0,FCFS,0.0,0,False
7102,136,1,SJF,0.0,0,False
7102,136,2,Round Robin,0.0,0,False
7102,136,3,Priority,0.0,0,False
7102,137,0,FCFS,-147.40099453626368,20,True
7102,137,1,SJF,-135.92638306386073,55,True
7102,137,2,Round Robin,-142.76978359167583,116,True
7102,137,3,Priority,-143.12477116302267,21,True
7102,138,0,FCFS,0.0,0,False
7102,138,1,SJF,0.0,0,False
7102,138,2,Round Robin,0.0,0,False
7102,138,3,Priority,0.0,0,False
7102,139,0,FCFS,-185.04644829729494,12,True
7102,139,1,SJF,-183.91675698092422,23,True
7102,139,2,Round Robin,-182.57784547108935,37,True
7102,139,3,Priority,-185.84350426467893,12,True
7102,140,0,FCFS,0.0,0,False
7102,140,1,SJF,0.0,0,False
7102,140,2,Round Robin,0.0,0,False
7102,140,3,Priority,0.0,0,False
7102,141,0,FCFS,-252.4260651828115,34,True
7102,141,1,SJF,-211.86078574959612,439,True
7102,141,2,Round Robin,-230.9675625727234,120,True
7102,141,3,Priority,-258.3560936209208,40,True
7102,142,0,FCFS,0.0,0,False
7102,142,1,SJF,0.0,0,False
7102,142,2,Round Robin,0.0,0,False
7102,142,3,Priority,0.0,0,False
7102,143,0,FCFS,-295.81571298292175,207,True
7102,143,1,SJF,-251.78837587636286,1186,True
7102,143,2,Round Robin,-258.2349954010154,1614,True
7102,143,3,Priority,-277.4784298107655,193,True
7102,144,0,FCFS,0.0,0,False
7102,144,1,SJF,0.0,0,False
7102,144,2,Round Robin,0.0,0,False
7102,144,3,Priority,0.0,0,False
7102,145,0,FCFS,0.0,0,False
7102,145,1,SJF,-24.376746385579168,8,True
7102,145,2,Round Robin,-27.85551561459175,9,True
7102,145,3,Priority,-23.721847769092,6,True
7102,146,0,FCFS,-17.107522275512434,92,True
7102,146,1,SJF,-16.997566443877876,246,True
7102,146,2,Round Robin,-15.590480279311379,150,True
7102,146,3,Priority,-17.172636822253608,122,True
7102,147,0,FCFS,-77.11977804837898,38,True
7102,147,1,SJF,-78.39130268314258,145,True
7102,147,2,Round Robin,-76.40138633904078,91,True
7102,147,3,Priority,-77.43803941299605,31,True
7102,148,0,FCFS,-20.63927193636638,100,True
7102,148,1,SJF,-19.337507841150924,172,True
7102,148,2,Round Robin,-20.735370706147183,103,True
7102,148,3,Priority,-20.60187206111237,77,True
7102,149,0,FCFS,-73.44237343345993,148,True
7102,149,1,SJF,-73.76426966694987,192,True
7102,149,2,Round Robin,-74.35305914065846,524,True
7102,149,3,Priority,-59.88204949887305,140,True
7102,150,0,FCFS,0.0,0,False
7102,150,1,SJF,0.0,0,False
7102,150,2,Round Robin,0.0,0,False
7102,150,3,Priority,0.0,0,False
7102,151,0,FCFS,0.0,0,False
7102,151,1,SJF,0.0,0,False
7102,151,2,Round Robin,-8.844520947280474,3,True
7102,151,3,Priority,-17.494306701264268,2,True
7102,152,0,FCFS,0.0,0,False
7102,152,1,SJF,0.0,0,False
7102,152,2,Round Robin,0.0,0,False
7102,152,3,Priority,0.0,0,False
7102,153,0,FCFS,-86.50620000984837,23,True
7102,153,1,SJF,-83.82865947767176,51,True
7102,153,2,Round Robin,-80.25594418181151,44,True
7102,153,3,Priority,-84.65128225799522,26,True
7102,154,0,FCFS,0.0,0,False
7102,154,1,SJF,0.0,0,False
7102,154,2,Round Robin,0.0,0,False
7102,154,3,Priority,0.0,0,False
7102,155,0,FCFS,-117.28706081112098,359,True
7102,155,1,SJF,-100.09529455147735,592,True
7102,155,2,Round Robin,-110.12611398036543,7250,True
7102,155,3,Priority,-114.19592425453857,350,True
7102,156,0,FCFS,0.0,0,False
7102,156,1,SJF,0.0,0,False
7102,156,2,Round Robin,0.0,0,False
7102,156,3,Priority,0.0,0,False
7102,157,0,FCFS,0.0,0,False
7102,157,1,SJF,0.0,0,False
7102,157,2,Round Robin,0.0,0,False
7102,157,3,Priority,0.0,0,False
7102,158,0,FCFS,0.0,0,False
7102,158,1,SJF,0.0,0,False
7102,158,2,Round Robin,0.0,0,False
7102,158,3,Priority,0.0,0,False
7102,159,0,FCFS,-127.55796479264914,9,True
7102,159,1,SJF,-121.20145674609776,17,True
7102,159,2,Round Robin,-118.83846303938726,20,True
7102,159,3,Priority,0.0,0,False
7102,160,0,FCFS,0.0,0,False
7102,160,1,SJF,0.0,0,False
7102,160,2,Round Robin,0.0,0,False
7102,160,3,Priority,0.0,0,False
7102,161,0,FCFS,-210.74786672122377,1221,True
7102,161,1,SJF,-195.7716505854893,1586,True
7102,161,2,Round Robin,-165.37382321202975,22988,True
7102,161,3,Priority,-208.1709098731413,1227,True
7103,0,0,FCFS,-23.92354784389332,52,True
7103,0,1,SJF,-24.68943555038039,25,True
7103,0,2,Round Robin,-21.763537242766134,35,True
7103,0,3,Priority,-27.64404178393117,24,True
7103,1,0,FCFS,0.0,0,False
7103,1,1,SJF,0.0,0,False
7103,1,2,Round Robin,0.0,0,False
7103,1,3,Priority,0.0,0,False
7103,2,0,FCFS,0.0,0,False
7103,2,1,SJF,0.0,0,False
7103,2,2,Round Robin,0.0,0,False
7103,2,3,Priority,0.0,0,False
7103,3,0,FCFS,0.0,0,False
7103,3,1,SJF,0.0,0,False
7103,3,2,Round Robin,0.0,0,False
7103,3,3,Priority,0.0,0,False
7103,4,0,FCFS,0.0,0,False
7103,4,1,SJF,0.0,0,False
7103,4,2,Round Robin,0.0,0,False
7103,4,3,Priority,0.0,0,False
7103,5,0,FCFS,0.0,0,False
7103,5,1,SJF,0.0,0,False
7103,5,2,Round Robin,0.0,0,False
7103,5,3,Priority,0.0,0,False
7103,6,0,FCFS,-119.92369797043422,34,True
7103,6,1,SJF,-116.78718480502671,19,True
7103,6,2,Round Robin,-120.05028728430155,43,True
7103,6,3,Priority,-119.95084933733617,23,True
7103,7,0,FCFS,0.0,0,False
7103,7,1,SJF,0.0,0,False
7103,7,2,Round Robin,0.0,0,False
7103,7,3,Priority,0.0,0,False
7103,8,0,FCFS,0.0,0,False
7103,8,1,SJF,0.0,0,False
7103,8,2,Round Robin,0.0,0,False
7103,8,3,Priority,0.0,0,False
7103,9,0,FCFS,0.0,0,False
7103,9,1,SJF,0.0,0,False
7103,9,2,Round Robin,0.0,0,False
7103,9,3,Priority,0.0,0,False
7103,10,0,FCFS,0.0,0,False
7103,10,1,SJF,0.0,0,False
7103,10,2,Round Robin,0.0,0,False
7103,10,3,Priority,0.0,0,False
7103,11,0,FCFS,0.0,0,False
7103,11,1,SJF,0.0,0,False
7103,11,2,Round Robin,0.0,0,False
7103,11,3,Priority,0.0,0,False
7103,12,0,FCFS,-207.67167113534902,47,True
7103,12,1,SJF,-206.87080476053384,45,True
7103,12,2,Round Robin,-139.5660846922052,606,True
7103,12,3,Priority,-178.71782314640055,52,True
7103,13,0,FCFS,0.0,0,False
7103,13,1,SJF,0.0,0,False
7103,13,2,Round Robin,0.0,0,False
7103,13,3,Priority,0.0,0,False
7103,14,0,FCFS,0.0,0,False
7103,14,1,SJF,0.0,0,False
7103,14,2,Round Robin,0.0,0,False
7103,14,3,Priority,0.0,0,False
7103,15,0,FCFS,0.0,0,False
7103,15,1,SJF,0.0,0,False
7103,15,2,Round Robin,0.0,0,False
7103,15,3,Priority,0.0,0,False
7103,16,0,FCFS,0.0,0,False
7103,16,1,SJF,0.0,0,False
7103,16,2,Round Robin,0.0,0,False
7103,16,3,Priority,0.0,0,False
7103,17,0,FCFS,0.0,0,False
7103,17,1,SJF,0.0,0,False
7103,17,2,Round Robin,0.0,0,False
7103,17,3,Priority,0.0,0,False
7103,18,0,FCFS,0.0,0,False
7103,18,1,SJF,-1.397282058602155,3,True
7103,18,2,Round Robin,-1.30297585321434,3,True
7103,18,3,Priority,-3.6732456478201545,6,True
7103,19,0,FCFS,-12.750866967858695,13,True
7103,19,1,SJF,0.0,0,False
7103,19,2,Round Robin,-9.657620566324407,8,True
7103,19,3,Priority,-10.917399801915353,10,True
7103,20,0,FCFS,0.0,0,False
7103,20,1,SJF,0.0,0,False
7103,20,2,Round Robin,0.0,0,False
7103,20,3,Priority,0.0,0,False
7103,21,0,FCFS,0.0,0,False
7103,21,1,SJF,0.0,0,False
7103,21,2,Round Robin,0.0,0,False
7103,21,3,Priority,0.0,0,False
7103,22,0,FCFS,0.0,0,False
7103,22,1,SJF,0.0,0,False
7103,22,2,Round Robin,0.0,0,False
7103,22,3,Priority,0.0,0,False
7103,23,0,FCFS,0.0,0,False
7103,23,1,SJF,0.0,0,False
7103,23,2,Round Robin,0.0,0,False
7103,23,3,Priority,0.0,0,False
7103,24,0,FCFS,0.0,0,False
7103,24,1,SJF,0.0,0,False
7103,24,2,Round Robin,-5.996669884697203,4,True
7103,24,3,Priority,0.0,0,False
7103,25,0,FCFS,0.0,0,False
7103,25,1,SJF,-27.72194171351208,4,True
7103,25,2,Round Robin,-21.431476220386855,8,True
7103,25,3,Priority,-21.040807583341685,7,True
7103,26,0,FCFS,0.0,0,False
7103,26,1,SJF,0.0,0,False
7103,26,2,Round Robin,0.0,0,False
7103,26,3,Priority,0.0,0,False
7103,27,0,FCFS,0.0,0,False
7103,27,1,SJF,0.0,0,False
7103,27,2,Round Robin,0.0,0,False
7103,27,3,Priority,0.0,0,False
7103,28,0,FCFS,0.0,0,False
7103,28,1,SJF,0.0,0,False
7103,28,2,Round Robin,0.0,0,False
7103,28,3,Priority,0.0,0,False
7103,29,0,FCFS,0.0,0,False
7103,29,1,SJF,0.0,0,False
7103,29,2,Round Robin,0.0,0,False
7103,29,3,Priority,0.0,0,False
7103,30,0,FCFS,0.0,0,False
7103,30,1,SJF,-104.26352508216324,7,True
7103,30,2,Round Robin,0.0,0,False
7103,30,3,Priority,0.0,0,False
7103,31,0,FCFS,-75.68647520069885,3,True
7103,31,1,SJF,-47.720358197829874,3,True
7103,31,2,Round Robin,-46.216915674173286,12,True
7103,31,3,Priority,0.0,0,False
7103,32,0,FCFS,-11.109590977568242,4,True
7103,32,1,SJF,-11.93397292669089,4,True
7103,32,2,Round Robin,-7.722710490774113,52,True
7103,32,3,Priority,-7.660864340315081,3,True
7103,33,0,FCFS,-49.519821246684714,2,True
7103,33,1,SJF,0.0,0,False
7103,33,2,Round Robin,0.0,0,False
7103,33,3,Priority,0.0,0,False
7103,34,0,FCFS,0.0,0,False
7103,34,1,SJF,-18.40118287846699,8,True
7103,34,2,Round Robin,0.0,0,False
7103,34,3,Priority,0.0,0,False
7103,35,0,FCFS,0.0,0,False
7103,35,1,SJF,0.0,0,False
7103,35,2,Round Robin,0.0,0,False
7103,35,3,Priority,0.0,0,False
7103,36,0,FCFS,-0.7767421916043675,41,True
7103,36,1,SJF,-0.7985310963435169,40,True
7103,36,2,Round Robin,-0.7235131375555995,51,True
7103,36,3,Priority,-0.7888973965147423,51,True
7103,37,0,FCFS,0.0,0,False
7103,37,1,SJF,0.0,0,False
7103,37,2,Round Robin,0.0,0,False
7103,37,3,Priority,0.0,0,False
7103,38,0,FCFS,-0.45197255566656414,13,True
7103,38,1,SJF,-0.486623328437661,33,True
7103,38,2,Round Robin,-0.4260516921057098,23,True
7103,38,3,Priority,-0.5041245817861476,26,True
7103,39,0,FCFS,0.0,0,False
7103,39,1,SJF,0.0,0,False
7103,39,2,Round Robin,0.0,0,False
7103,39,3,Priority,0.0,0,False
7103,40,0,FCFS,-0.38055916994163563,23,True
7103,40,1,SJF,-0.341514647328865,13,True
7103,40,2,Round Robin,-0.28506367059350546,24,True
7103,40,3,Priority,-0.2962428742026291,12,True
7103,41,0,FCFS,-0.19582923037645397,16,True
7103,41,1,SJF,-0.19852721697633777,16,True
7103,41,2,Round Robin,-0.19852721697633777,15,True
7103,41,3,Priority,-0.19777945799882707,21,True
7103,42,0,FCFS,0.0,0,False
7103,42,1,SJF,0.0,0,False
7103,42,2,Round Robin,0.0,0,False
7103,42,3,Priority,0.0,0,False
7103,43,0,FCFS,0.0,0,False
7103,43,1,SJF,0.0,0,False
7103,43,2,Round Robin,0.0,0,False
7103,43,3,Priority,0.0,0,False
7103,44,0,FCFS,0.0,0,False
7103,44,1,SJF,0.0,0,False
7103,44,2,Round Robin,0.0,0,False
7103,44,3,Priority,0.0,0,False
7103,45,0,FCFS,0.0,0,False
7103,45,1,SJF,0.0,0,False
7103,45,2,Round Robin,0.0,0,False
7103,45,3,Priority,0.0,0,False
7103,46,0,FCFS,-4.57562110022627,5,True
7103,46,1,SJF,0.0,0,False
7103,46,2,Round Robin,0.0,0,False
7103,46,3,Priority,0.0,0,False
7103,47,0,FCFS,-0.24993353122775888,117,True
7103,47,1,SJF,-0.24993128335303297,80,True
7103,47,2,Round Robin,-0.32215589954109525,16,True
7103,47,3,Priority,-0.24992811764837036,105,True
7103,48,0,FCFS,0.0,0,False
7103,48,1,SJF,0.0,0,False
7103,48,2,Round Robin,0.0,0,False
7103,48,3,Priority,0.0,0,False
7103,49,0,FCFS,0.0,0,False
7103,49,1,SJF,0.0,0,False
7103,49,2,Round Robin,0.0,0,False
7103,49,3,Priority,0.0,0,False
7103,50,0,FCFS,0.0,0,False
7103,50,1,SJF,0.0,0,False
7103,50,2,Round Robin,0.0,0,False
7103,50,3,Priority,0.0,0,False
7103,51,0,FCFS,0.0,0,False
7103,51,1,SJF,0.0,0,False
7103,51,2,Round Robin,0.0,0,False
7103,51,3,Priority,0.0,0,False
7103,52,0,FCFS,-24.16736207946115,14,True
7103,52,1,SJF,-23.7466408844845,13,True
7103,52,2,Round Robin,0.0,0,False
7103,52,3,Priority,0.0,0,False
7103,53,0,FCFS,-0.24998029228444035,231,True
7103,53,1,SJF,-0.24997848899311323,177,True
7103,53,2,Round Robin,-0.44912641126709685,79,True
7103,53,3,Priority,-0.24998012142812737,222,True
7103,54,0,FCFS,0.0,0,False
7103,54,1,SJF,0.0,0,False
7103,54,2,Round Robin,-4.7722322305208245,7,True
7103,54,3,Priority,-9.840532524360857,4,True
7103,55,0,FCFS,-16.7230504991476,5,True
7103,55,1,SJF,-23.06126899009814,16,True
7103,55,2,Round Robin,-20.46371069044531,7,True
7103,55,3,Priority,-23.649806315284344,6,True
7103,56,0,FCFS,0.0,0,False
7103,56,1,SJF,0.0,0,False
7103,56,2,Round Robin,0.0,0,False
7103,56,3,Priority,0.0,0,False
7103,57,0,FCFS,0.0,0,False
7103,57,1,SJF,0.0,0,False
7103,57,2,Round Robin,0.0,0,False
7103,57,3,Priority,0.0,0,False
7103,58,0,FCFS,0.0,0,False
7103,58,1,SJF,0.0,0,False
7103,58,2,Round Robin,0.0,0,False
7103,58,3,Priority,0.0,0,False
7103,59,0,FCFS,0.0,0,False
7103,59,1,SJF,0.0,0,False
7103,59,2,Round Robin,0.0,0,False
7103,59,3,Priority,0.0,0,False
7103,60,0,FCFS,-42.23147394482549,3,True
7103,60,1,SJF,-34.62752275767113,10,True
7103,60,2,Round Robin,-26.168916934185784,17,True
7103,60,3,Priority,-23.717130858171217,6,True
7103,61,0,FCFS,-78.46866762342748,8,True
7103,61,1,SJF,-81.08645333396919,18,True
7103,61,2,Round Robin,-55.101941222769895,30,True
7103,61,3,Priority,-86.4454335549952,11,True
7103,62,0,FCFS,-12.243135268426986,5,True
7103,62,1,SJF,-9.520835551625245,41,True
7103,62,2,Round Robin,0.0,0,False
7103,62,3,Priority,-12.06655832717081,5,True
7103,63,0,FCFS,0.0,0,False
7103,63,1,SJF,0.0,0,False
7103,63,2,Round Robin,0.0,0,False
7103,63,3,Priority,0.0,0,False
7103,64,0,FCFS,0.0,0,False
7103,64,1,SJF,0.0,0,False
7103,64,2,Round Robin,0.0,0,False
7103,64,3,Priority,0.0,0,False
7103,65,0,FCFS,0.0,0,False
7103,65,1,SJF,0.0,0,False
7103,65,2,Round Robin,0.0,0,False
7103,65,3,Priority,0.0,0,False
7103,66,0,FCFS,-126.01088272145486,26,True
7103,66,1,SJF,-142.9792513005104,21,True
7103,66,2,Round Robin,-139.20764655532733,30,True
7103,66,3,Priority,-145.54532349330324,11,True
7103,67,0,FCFS,-235.95720011897245,22,True
7103,67,1,SJF,-221.92910871389725,55,True
7103,67,2,Round Robin,-186.18366229905695,192,True
7103,67,3,Priority,-224.1719912776763,22,True
7103,68,0,FCFS,-14.381082914490452,3,True
7103,68,1,SJF,-6.472122598362311,28,True
7103,68,2,Round Robin,-6.177845455223154,11,True
7103,68,3,Priority,0.0,0,False
7103,69,0,FCFS,0.0,0,False
7103,69,1,SJF,0.0,0,False
7103,69,2,Round Robin,-8.233061169777747,1,True
7103,69,3,Priority,0.0,0,False
7103,70,0,FCFS,0.0,0,False
7103,70,1,SJF,0.0,0,False
7103,70,2,Round Robin,0.0,0,False
7103,70,3,Priority,0.0,0,False
7103,71,0,FCFS,0.0,0,False
7103,71,1,SJF,0.0,0,False
7103,71,2,Round Robin,0.0,0,False
7103,71,3,Priority,0.0,0,False
7103,72,0,FCFS,0.0,0,False
7103,72,1,SJF,0.0,0,False
7103,72,2,Round Robin,0.0,0,False
7103,72,3,Priority,0.0,0,False
7103,73,0,FCFS,-35.758276355667796,17,True
7103,73,1,SJF,-24.586506921633358,19,True
7103,73,2,Round Robin,-24.533300647267637,20,True
7103,73,3,Priority,-25.78120265870986,17,True
7103,74,0,FCFS,-10.96056596320205,3,True
7103,74,1,SJF,-9.181902239824273,70,True
7103,74,2,Round Robin,-9.340778421608208,35,True
7103,74,3,Priority,0.0,0,False
7103,75,0,FCFS,-15.482876574605575,2,True
7103,75,1,SJF,-2.957869378902289,2,True
7103,75,2,Round Robin,-3.2193380194542667,4,True
7103,75,3,Priority,0.0,0,False
7103,76,0,FCFS,0.0,0,False
7103,76,1,SJF,0.0,0,False
7103,76,2,Round Robin,0.0,0,False
7103,76,3,Priority,0.0,0,False
7103,77,0,FCFS,0.0,0,False
7103,77,1,SJF,0.0,0,False
7103,77,2,Round Robin,0.0,0,False
7103,77,3,Priority,0.0,0,False
7103,78,0,FCFS,0.0,0,False
7103,78,1,SJF,0.0,0,False
7103,78,2,Round Robin,-0.7027305277256078,1,True
7103,78,3,Priority,0.0,0,False
7103,79,0,FCFS,-50.32623966186424,16,True
7103,79,1,SJF,0.0,0,False
7103,79,2,Round Robin,-66.77609383880821,15,True
7103,79,3,Priority,-57.682586513985925,6,True
7103,80,0,FCFS,-10.607501029001098,4,True
7103,80,1,SJF,-10.954358241630587,36,True
7103,80,2,Round Robin,-10.487718205017186,85,True
7103,80,3,Priority,-11.227761101093254,5,True
7103,81,0,FCFS,-2.5925619907447635,1,True
7103,81,1,SJF,-3.1471533372564666,3,True
7103,81,2,Round Robin,-6.8214100968932865,2,True
7103,81,3,Priority,-1.4060367791499986,1,True
7103,82,0,FCFS,0.0,0,False
7103,82,1,SJF,0.0,0,False
7103,82,2,Round Robin,-1.586719065743535,2,True
7103,82,3,Priority,0.0,0,False
7103,83,0,FCFS,0.0,0,False
7103,83,1,SJF,0.0,0,False
7103,83,2,Round Robin,0.0,0,False
7103,83,3,Priority,0.0,0,False
7103,84,0,FCFS,0.0,0,False
7103,84,1,SJF,-42.47424494199108,4,True
7103,84,2,Round Robin,0.0,0,False
7103,84,3,Priority,0.0,0,False
7103,85,0,FCFS,-113.57144033839772,11,True
7103,85,1,SJF,-114.3093313660371,11,True
7103,85,2,Round Robin,-117.06954064862649,31,True
7103,85,3,Priority,0.0,0,False
7103,86,0,FCFS,-34.93524031659467,9,True
7103,86,1,SJF,-10.16412647111987,28,True
7103,86,2,Round Robin,-8.618197786039095,51,True
7103,86,3,Priority,-27.268818037761843,7,True
7103,87,0,FCFS,0.0,0,False
7103,87,1,SJF,-63.36154412714244,5,True
7103,87,2,Round Robin,0.0,0,False
7103,87,3,Priority,0.0,0,False
7103,88,0,FCFS,0.0,0,False
7103,88,1,SJF,0.0,0,False
7103,88,2,Round Robin,0.0,0,False
7103,88,3,Priority,0.0,0,False
7103,89,0,FCFS,0.0,0,False
7103,89,1,SJF,0.0,0,False
7103,89,2,Round Robin,0.0,0,False
7103,89,3,Priority,0.0,0,False
7103,90,0,FCFS,-1.2954594261713808,12,True
7103,90,1,SJF,-1.2007828980934996,19,True
7103,90,2,Round Robin,-1.2486501668974288,14,True
7103,90,3,Priority,-1.2366255122807466,11,True
7103,91,0,FCFS,0.0,0,False
7103,91,1,SJF,0.0,0,False
7103,91,2,Round Robin,0.0,0,False
7103,91,3,Priority,-1.9007194485134649,3,True
7103,92,0,FCFS,-8.580893776755625,49,True
7103,92,1,SJF,-4.924246346348136,242,True
7103,92,2,Round Robin,-6.763682479052944,87,True
7103,92,3,Priority,-8.738742187536978,77,True
7103,93,0,FCFS,0.0,0,False
7103,93,1,SJF,-0.47617660726318434,1,True
7103,93,2,Round Robin,0.0,0,False
7103,93,3,Priority,0.0,0,False
7103,94,0,FCFS,-4.398131305588897,32,True
7103,94,1,SJF,-4.2242661656648774,61,True
7103,94,2,Round Robin,-4.263168116068766,36,True
7103,94,3,Priority,-6.708601004789179,26,True
7103,95,0,FCFS,-7.838214415902206,27,True
7103,95,1,SJF,-5.611060450297684,134,True
7103,95,2,Round Robin,-7.23528395709595,52,True
7103,95,3,Priority,-7.870526357147405,24,True
7103,96,0,FCFS,0.0,0,False
7103,96,1,SJF,0.0,0,False
7103,96,2,Round Robin,0.0,0,False
7103,96,3,Priority,0.0,0,False
7103,97,0,FCFS,0.0,0,False
7103,97,1,SJF,0.0,0,False
7103,97,2,Round Robin,0.0,0,False
7103,97,3,Priority,0.0,0,False
7103,98,0,FCFS,0.0,0,False
7103,98,1,SJF,-9.20279260736115,16,True
7103,98,2,Round Robin,0.0,0,False
7103,98,3,Priority,-12.673538509491799,6,True
7103,99,0,FCFS,0.0,0,False
7103,99,1,SJF,0.0,0,False
7103,99,2,Round Robin,0.0,0,False
7103,99,3,Priority,0.0,0,False
7103,100,0,FCFS,-13.43596806147156,6,True
7103,100,1,SJF,-11.478135439486243,26,True
7103,100,2,Round Robin,0.0,0,False
7103,100,3,Priority,-12.550899158199133,6,True
7103,101,0,FCFS,-8.572977954205355,72,True
7103,101,1,SJF,-6.5092278793119185,643,True
7103,101,2,Round Robin,-8.497142838230525,106,True
7103,101,3,Priority,-9.56424906818383,51,True
7103,102,0,FCFS,0.0,0,False
7103,102,1,SJF,0.0,0,False
7103,102,2,Round Robin,0.0,0,False
7103,102,3,Priority,0.0,0,False
7103,103,0,FCFS,0.0,0,False
7103,103,1,SJF,-0.325,1,True
7103,103,2,Round Robin,0.0,0,False
7103,103,3,Priority,0.0,0,False
7103,104,0,FCFS,0.0,0,False
7103,104,1,SJF,0.0,0,False
7103,104,2,Round Robin,0.0,0,False
7103,104,3,Priority,-30.82319643549394,8,True
7103,105,0,FCFS,0.0,0,False
7103,105,1,SJF,0.0,0,False
7103,105,2,Round Robin,-0.7902934295482317,1,True
7103,105,3,Priority,0.0,0,False
7103,106,0,FCFS,-9.7818057797137,2,True
7103,106,1,SJF,-5.592732092811943,9,True
7103,106,2,Round Robin,0.0,0,False
7103,106,3,Priority,0.0,0,False
7103,107,0,FCFS,-12.36698425454284,215,True
7103,107,1,SJF,-6.962171601343718,654,True
7103,107,2,Round Robin,-14.593875841857361,278,True
7103,107,3,Priority,-16.034898415480694,116,True
7103,108,0,FCFS,0.0,0,False
7103,108,1,SJF,0.0,0,False
7103,108,2,Round Robin,0.0,0,False
7103,108,3,Priority,0.0,0,False
7103,109,0,FCFS,0.0,0,False
7103,109,1,SJF,-10.53484374719028,8,True
7103,109,2,Round Robin,-12.986191883651923,8,True
7103,109,3,Priority,0.0,0,False
7103,110,0,FCFS,0.0,0,False
7103,110,1,SJF,0.0,0,False
7103,110,2,Round Robin,0.0,0,False
7103,110,3,Priority,0.0,0,False
7103,111,0,FCFS,0.0,0,False
7103,111,1,SJF,-32.95975083966026,6,True
7103,111,2,Round Robin,-16.450993742352786,4,True
7103,111,3,Priority,0.0,0,False
7103,112,0,FCFS,0.0,0,False
7103,112,1,SJF,0.0,0,False
7103,112,2,Round Robin,0.0,0,False
7103,112,3,Priority,0.0,0,False
7103,113,0,FCFS,0.0,0,False
7103,113,1,SJF,0.0,0,False
7103,113,2,Round Robin,0.0,0,False
7103,113,3,Priority,0.0,0,False
7103,114,0,FCFS,0.0,0,False
7103,114,1,SJF,0.0,0,False
7103,114,2,Round Robin,0.0,0,False
7103,114,3,Priority,0.0,0,False
7103,115,0,FCFS,-133.7824714757158,8,True
7103,115,1,SJF,-124.59643191458669,31,True
7103,115,2,Round Robin,0.0,0,False
7103,115,3,Priority,-140.30591353565205,14,True
7103,116,0,FCFS,0.0,0,False
7103,116,1,SJF,0.0,0,False
7103,116,2,Round Robin,0.0,0,False
7103,116,3,Priority,0.0,0,False
7103,117,0,FCFS,0.0,0,False
7103,117,1,SJF,-67.19466215903061,5,True
7103,117,2,Round Robin,-76.47211928422901,27,True
7103,117,3,Priority,-79.78596177637297,8,True
7103,118,0,FCFS,0.0,0,False
7103,118,1,SJF,0.0,0,False
7103,118,2,Round Robin,0.0,0,False
7103,118,3,Priority,0.0,0,False
7103,119,0,FCFS,0.0,0,False
7103,119,1,SJF,0.0,0,False
7103,119,2,Round Robin,0.0,0,False
7103,119,3,Priority,-98.1256697229573,6,True
7103,120,0,FCFS,0.0,0,False
7103,120,1,SJF,-55.869764618199525,3,True
7103,120,2,Round Robin,0.0,0,False
7103,120,3,Priority,0.0,0,False
7103,121,0,FCFS,-250.93397357214147,25,True
7103,121,1,SJF,-248.9580487774869,52,True
7103,121,2,Round Robin,-249.95352067109732,261,True
7103,121,3,Priority,-256.49985275692865,21,True
7103,122,0,FCFS,0.0,0,False
7103,122,1,SJF,0.0,0,False
7103,122,2,Round Robin,0.0,0,False
7103,122,3,Priority,0.0,0,False
7103,123,0,FCFS,-281.16622570466546,28,True
7103,123,1,SJF,-258.2076227361077,65,True
7103,123,2,Round Robin,-265.96195462548906,450,True
7103,123,3,Priority,-287.04620107484277,40,True
7103,124,0,FCFS,0.0,0,False
7103,124,1,SJF,0.0,0,False
7103,124,2,Round Robin,0.0,0,False
7103,124,3,Priority,0.0,0,False
7103,125,0,FCFS,-276.3595221937895,25,True
7103,125,1,SJF,-271.65645752011164,44,True
7103,125,2,Round Robin,-275.91679933066905,284,True
7103,125,3,Priority,-279.3768267564734,20,True
7103,126,0,FCFS,0.0,0,False
7103,126,1,SJF,0.0,0,False
7103,126,2,Round Robin,0.0,0,False
7103,126,3,Priority,0.0,0,False
7103,127,0,FCFS,-44.361001287816755,21,True
7103,127,1,SJF,-44.45577935881394,52,True
7103,127,2,Round Robin,-42.43999825016249,37,True
7103,127,3,Priority,-41.25267247311488,22,True
7103,128,0,FCFS,-12.61767693985559,30,True
7103,128,1,SJF,-13.305933603145522,41,True
7103,128,2,Round Robin,-13.264445818526003,29,True
7103,128,3,Priority,-13.388890039486839,31,True
7103,129,0,FCFS,-59.51622455923211,14,True
7103,129,1,SJF,-58.72274955655313,67,True
7103,129,2,Round Robin,-61.490754372547684,49,True
7103,129,3,Priority,-61.30808949538024,25,True
7103,130,0,FCFS,-20.27838055692574,47,True
7103,130,1,SJF,-20.152985389784128,70,True
7103,130,2,Round Robin,-20.38606267626617,38,True
7103,130,3,Priority,-20.573537890339804,45,True
7103,131,0,FCFS,-53.99724509508005,12,True
7103,131,1,SJF,-52.364810296057456,26,True
7103,131,2,Round Robin,-51.34632708702803,27,True
7103,131,3,Priority,-54.592155577351136,9,True
7103,132,0,FCFS,0.0,0,False
7103,132,1,SJF,0.0,0,False
7103,132,2,Round Robin,0.0,0,False
7103,132,3,Priority,0.0,0,False
7103,133,0,FCFS,-83.90085385596188,14,True
7103,133,1,SJF,-90.2294477675146,26,True
7103,133,2,Round Robin,-84.19588593431574,29,True
7103,133,3,Priority,-94.47017712953696,12,True
7103,134,0,FCFS,0.0,0,False
7103,134,1,SJF,0.0,0,False
7103,134,2,Round Robin,0.0,0,False
7103,134,3,Priority,0.0,0,False
7103,135,0,FCFS,-111.67155054807947,17,True
7103,135,1,SJF,-113.72529319238797,46,True
7103,135,2,Round Robin,-122.4813387678054,56,True
7103,135,3,Priority,-122.85637045116223,15,True
7103,136,0,FCFS,0.0,0,False
7103,136,1,SJF,0.0,0,False
7103,136,2,Round Robin,0.0,0,False
7103,136,3,Priority,0.0,0,False
7103,137,0,FCFS,-147.64278192737865,29,True
7103,137,1,SJF,-148.14513356691458,34,True
7103,137,2,Round Robin,-142.8105682920426,125,True
7103,137,3,Priority,-147.1341222788727,35,True
7103,138,0,FCFS,0.0,0,False
7103,138,1,SJF,-1.6771775818411851,1,True
7103,138,2,Round Robin,0.0,0,False
7103,138,3,Priority,0.0,0,False
7103,139,0,FCFS,-176.80472423774697,14,True
7103,139,1,SJF,-176.33353164570158,23,True
7103,139,2,Round Robin,-177.98022257205494,39,True
7103,139,3,Priority,-173.82804215479695,12,True
7103,140,0,FCFS,0.0,0,False
7103,140,1,SJF,0.0,0,False
7103,140,2,Round Robin,0.0,0,False
7103,140,3,Priority,0.0,0,False
7103,141,0,FCFS,-251.76114522105937,38,True
7103,141,1,SJF,-218.27228627323802,436,True
7103,141,2,Round Robin,-231.21444830940135,126,True
7103,141,3,Priority,-254.9919450421914,44,True
7103,142,0,FCFS,0.0,0,False
7103,142,1,SJF,0.0,0,False
7103,142,2,Round Robin,0.0,0,False
7103,142,3,Priority,0.0,0,False
7103,143,0,FCFS,-268.2458969944411,213,True
7103,143,1,SJF,-233.08884776995464,1213,True
7103,143,2,Round Robin,-261.47590871356795,962,True
7103,143,3,Priority,-295.46681964752383,172,True
7103,144,0,FCFS,0.0,0,False
7103,144,1,SJF,0.0,0,False
7103,144,2,Round Robin,0.0,0,False
7103,144,3,Priority,0.0,0,False
7103,145,0,FCFS,-24.316430381024823,6,True
7103,145,1,SJF,-23.948524649908883,9,True
7103,145,2,Round Robin,-24.791707612464222,5,True
7103,145,3,Priority,-23.524057289465716,11,True
7103,146,0,FCFS,-15.97878345204283,113,True
7103,146,1,SJF,-12.524803240165806,333,True
7103,146,2,Round Robin,-16.288767528091576,81,True
7103,146,3,Priority,-16.008496687535494,86,True
7103,147,0,FCFS,-73.77179623490406,45,True
7103,147,1,SJF,-71.89856416584402,126,True
7103,147,2,Round Robin,-73.46924895225835,74,True
7103,147,3,Priority,-74.38882785108864,43,True
7103,148,0,FCFS,-20.139662070542393,72,True
7103,148,1,SJF,-19.672529184406436,200,True
7103,148,2,Round Robin,-18.242363452962138,94,True
7103,148,3,Priority,-19.595821237128767,95,True
7103,149,0,FCFS,-77.37114662140533,118,True
7103,149,1,SJF,-77.61637676585518,251,True
7103,149,2,Round Robin,-76.97368631294074,428,True
7103,149,3,Priority,-66.29259007823863,221,True
7103,150,0,FCFS,0.0,0,False
7103,150,1,SJF,0.0,0,False
7103,150,2,Round Robin,0.0,0,False
7103,150,3,Priority,0.0,0,False
7103,151,0,FCFS,-15.958063099241652,3,True
7103,151,1,SJF,0.0,0,False
7103,151,2,Round Robin,-14.187335689147165,5,True
7103,151,3,Priority,-20.30120345580473,4,True
7103,152,0,FCFS,0.0,0,False
7103,152,1,SJF,0.0,0,False
7103,152,2,Round Robin,0.0,0,False
7103,152,3,Priority,0.0,0,False
7103,153,0,FCFS,-84.19914566561647,23,True
7103,153,1,SJF,-82.75253625916312,63,True
7103,153,2,Round Robin,-85.0089189549176,41,True
7103,153,3,Priority,-86.13019413649407,21,True
7103,154,0,FCFS,0.0,0,False
7103,154,1,SJF,0.0,0,False
7103,154,2,Round Robin,0.0,0,False
7103,154,3,Priority,0.0,0,False
7103,155,0,FCFS,-129.75781575097244,436,True
7103,155,1,SJF,-115.91482823724402,463,True
7103,155,2,Round Robin,-87.5264818579541,7971,True
7103,155,3,Priority,-122.02975922582311,392,True
7103,156,0,FCFS,0.0,0,False
7103,156,1,SJF,0.0,0,False
7103,156,2,Round Robin,0.0,0,False
7103,156,3,Priority,0.0,0,False
7103,157,0,FCFS,0.0,0,False
7103,157,1,SJF,0.0,0,False
7103,157,2,Round Robin,0.0,0,False
7103,157,3,Priority,-29.10152190379446,1,True
7103,158,0,FCFS,0.0,0,False
7103,158,1,SJF,0.0,0,False
7103,158,2,Round Robin,0.0,0,False
7103,158,3,Priority,0.0,0,False
7103,159,0,FCFS,-153.0406524475984,14,True
7103,159,1,SJF,-143.2778277473099,27,True
7103,159,2,Round Robin,0.0,0,False
7103,159,3,Priority,-146.95299435239113,10,True
7103,160,0,FCFS,0.0,0,False
7103,160,1,SJF,0.0,0,False
7103,160,2,Round Robin,0.0,0,False
7103,160,3,Priority,0.0,0,False
7103,161,0,FCFS,-217.95643702444178,1236,True
7103,161,1,SJF,-201.43444203138816,1383,True
7103,161,2,Round Robin,-160.51613729600066,23150,True
7103,161,3,Priority,-214.8429460954454,1203,True
7104,0,0,FCFS,-33.15194176423158,34,True
7104,0,1,SJF,-29.289145704724938,20,True
7104,0,2,Round Robin,-27.061377504261216,60,True
7104,0,3,Priority,-28.611650092476296,19,True
7104,1,0,FCFS,0.0,0,False
7104,1,1,SJF,0.0,0,False
7104,1,2,Round Robin,0.0,0,False
7104,1,3,Priority,0.0,0,False
7104,2,0,FCFS,0.0,0,False
7104,2,1,SJF,0.0,0,False
7104,2,2,Round Robin,0.0,0,False
7104,2,3,Priority,0.0,0,False
7104,3,0,FCFS,0.0,0,False
7104,3,1,SJF,0.0,0,False
7104,3,2,Round Robin,0.0,0,False
7104,3,3,Priority,0.0,0,False
7104,4,0,FCFS,0.0,0,False
7104,4,1,SJF,0.0,0,False
7104,4,2,Round Robin,0.0,0,False
7104,4,3,Priority,0.0,0,False
7104,5,0,FCFS,0.0,0,False
7104,5,1,SJF,0.0,0,False
7104,5,2,Round Robin,0.0,0,False
7104,5,3,Priority,0.0,0,False
7104,6,0,FCFS,-118.90840218064136,27,True
7104,6,1,SJF,-125.44043253299294,22,True
7104,6,2,Round Robin,-120.5260482823356,42,True
7104,6,3,Priority,-118.08459676432653,18,True
7104,7,0,FCFS,0.0,0,False
7104,7,1,SJF,0.0,0,False
7104,7,2,Round Robin,0.0,0,False
7104,7,3,Priority,0.0,0,False
7104,8,0,FCFS,0.0,0,False
7104,8,1,SJF,0.0,0,False
7104,8,2,Round Robin,0.0,0,False
7104,8,3,Priority,0.0,0,False
7104,9,0,FCFS,0.0,0,False
7104,9,1,SJF,0.0,0,False
7104,9,2,Round Robin,0.0,0,False
7104,9,3,Priority,0.0,0,False
7104,10,0,FCFS,0.0,0,False
7104,10,1,SJF,0.0,0,False
7104,10,2,Round Robin,0.0,0,False
7104,10,3,Priority,0.0,0,False
7104,11,0,FCFS,0.0,0,False
7104,11,1,SJF,0.0,0,False
7104,11,2,Round Robin,0.0,0,False
7104,11,3,Priority,0.0,0,False
7104,12,0,FCFS,-176.59150421314763,45,True
7104,12,1,SJF,-209.00118611962193,47,True
7104,12,2,Round Robin,-146.07823431397065,576,True
7104,12,3,Priority,-185.05291193815555,50,True
7104,13,0,FCFS,0.0,0,False
7104,13,1,SJF,0.0,0,False
7104,13,2,Round Robin,0.0,0,False
7104,13,3,Priority,0.0,0,False
7104,14,0,FCFS,0.0,0,False
7104,14,1,SJF,0.0,0,False
7104,14,2,Round Robin,0.0,0,False
7104,14,3,Priority,0.0,0,False
7104,15,0,FCFS,0.0,0,False
7104,15,1,SJF,0.0,0,False
7104,15,2,Round Robin,0.0,0,False
7104,15,3,Priority,0.0,0,False
7104,16,0,FCFS,0.0,0,False
7104,16,1,SJF,0.0,0,False
7104,16,2,Round Robin,0.0,0,False
7104,16,3,Priority,0.0,0,False
7104,17,0,FCFS,0.0,0,False
7104,17,1,SJF,0.0,0,False
7104,17,2,Round Robin,0.0,0,False
7104,17,3,Priority,0.0,0,False
7104,18,0,FCFS,-9.928325612721824,5,True
7104,18,1,SJF,-3.5128375751991796,3,True
7104,18,2,Round Robin,-5.995317075225212,3,True
7104,18,3,Priority,-3.128390016192197,1,True
7104,19,0,FCFS,-20.308352022416667,13,True
7104,19,1,SJF,0.0,0,False
7104,19,2,Round Robin,-12.597172492415043,6,True
7104,19,3,Priority,-12.17978373722358,13,True
7104,20,0,FCFS,0.0,0,False
7104,20,1,SJF,0.0,0,False
7104,20,2,Round Robin,0.0,0,False
7104,20,3,Priority,0.0,0,False
7104,21,0,FCFS,0.0,0,False
7104,21,1,SJF,0.0,0,False
7104,21,2,Round Robin,0.0,0,False
7104,21,3,Priority,0.0,0,False
7104,22,0,FCFS,0.0,0,False
7104,22,1,SJF,0.0,0,False
7104,22,2,Round Robin,0.0,0,False
7104,22,3,Priority,0.0,0,False
7104,23,0,FCFS,0.0,0,False
7104,23,1,SJF,0.0,0,False
7104,23,2,Round Robin,0.0,0,False
7104,23,3,Priority,0.0,0,False
7104,24,0,FCFS,0.0,0,False
7104,24,1,SJF,-8.61557897107022,2,True
7104,24,2,Round Robin,0.0,0,False
7104,24,3,Priority,-9.311168036466587,1,True
7104,25,0,FCFS,0.0,0,False
7104,25,1,SJF,-55.22671988053339,10,True
7104,25,2,Round Robin,0.0,0,False
7104,25,3,Priority,-35.004226241695726,6,True
7104,26,0,FCFS,0.0,0,False
7104,26,1,SJF,0.0,0,False
7104,26,2,Round Robin,0.0,0,False
7104,26,3,Priority,0.0,0,False
7104,27,0,FCFS,0.0,0,False
7104,27,1,SJF,0.0,0,False
7104,27,2,Round Robin,0.0,0,False
7104,27,3,Priority,0.0,0,False
7104,28,0,FCFS,0.0,0,False
7104,28,1,SJF,0.0,0,False
7104,28,2,Round Robin,0.0,0,False
7104,28,3,Priority,0.0,0,False
7104,29,0,FCFS,0.0,0,False
7104,29,1,SJF,0.0,0,False
7104,29,2,Round Robin,0.0,0,False
7104,29,3,Priority,0.0,0,False
7104,30,0,FCFS,0.0,0,False
7104,30,1,SJF,-111.09092174178176,9,True
7104,30,2,Round Robin,-13.270312595776986,2,True
7104,30,3,Priority,-31.41089574765977,2,True
7104,31,0,FCFS,-37.22739525154631,2,True
7104,31,1,SJF,0.0,0,False
7104,31,2,Round Robin,-33.51265577037917,8,True
7104,31,3,Priority,-55.60943055095931,3,True
7104,32,0,FCFS,-21.068426636364386,8,True
7104,32,1,SJF,-15.90796335533977,5,True
7104,32,2,Round Robin,-9.231941401807294,56,True
7104,32,3,Priority,-16.108281689586676,4,True
7104,33,0,FCFS,0.0,0,False
7104,33,1,SJF,0.0,0,False
7104,33,2,Round Robin,0.0,0,False
7104,33,3,Priority,0.0,0,False
7104,34,0,FCFS,-22.19512197103154,6,True
7104,34,1,SJF,0.0,0,False
7104,34,2,Round Robin,0.0,0,False
7104,34,3,Priority,-22.499334916619528,7,True
7104,35,0,FCFS,0.0,0,False
7104,35,1,SJF,0.0,0,False
7104,35,2,Round Robin,0.0,0,False
7104,35,3,Priority,0.0,0,False
7104,36,0,FCFS,-0.7015422767989004,64,True
7104,36,1,SJF,-0.7771409417902191,42,True
7104,36,2,Round Robin,-0.7703926334293478,52,True
7104,36,3,Priority,-0.7685898524031594,50,True
7104,37,0,FCFS,0.0,0,False
7104,37,1,SJF,0.0,0,False
7104,37,2,Round Robin,0.0,0,False
7104,37,3,Priority,0.0,0,False
7104,38,0,FCFS,-0.45989012425602477,18,True
7104,38,1,SJF,-0.3290074432350516,29,True
7104,38,2,Round Robin,-0.5015589635951808,37,True
7104,38,3,Priority,-0.4989629839394577,13,True
7104,39,0,FCFS,0.0,0,False
7104,39,1,SJF,0.0,0,False
7104,39,2,Round Robin,0.0,0,False
7104,39,3,Priority,0.0,0,False
7104,40,0,FCFS,-0.35881472080180415,15,True
7104,40,1,SJF,-0.40931481612875453,17,True
7104,40,2,Round Robin,-0.37494877794091,14,True
7104,40,3,Priority,-0.33080304582278225,11,True
7104,41,0,FCFS,-0.24179089684025473,43,True
7104,41,1,SJF,-0.2405855811509011,40,True
7104,41,2,Round Robin,-0.24023825827495715,32,True
7104,41,3,Priority,-0.24020864085325674,35,True
7104,42,0,FCFS,0.0,0,False
7104,42,1,SJF,0.0,0,False
7104,42,2,Round Robin,0.0,0,False
7104,42,3,Priority,0.0,0,False
7104,43,0,FCFS,0.0,0,False
7104,43,1,SJF,0.0,0,False
7104,43,2,Round Robin,0.0,0,False
7104,43,3,Priority,0.0,0,False
7104,44,0,FCFS,0.0,0,False
7104,44,1,SJF,0.0,0,False
7104,44,2,Round Robin,0.0,0,False
7104,44,3,Priority,0.0,0,False
7104,45,0,FCFS,0.0,0,False
7104,45,1,SJF,0.0,0,False
7104,45,2,Round Robin,0.0,0,False
7104,45,3,Priority,0.0,0,False
7104,46,0,FCFS,0.0,0,False
7104,46,1,SJF,0.0,0,False
7104,46,2,Round Robin,0.0,0,False
7104,46,3,Priority,-7.832824223206637,16,True
7104,47,0,FCFS,-0.2499168047376037,131,True
7104,47,1,SJF,-0.24992153694700694,93,True
7104,47,2,Round Robin,-0.3357385392961769,22,True
7104,47,3,Priority,-0.2335480283469563,87,True
7104,48,0,FCFS,0.0,0,False
7104,48,1,SJF,0.0,0,False
7104,48,2,Round Robin,0.0,0,False
7104,48,3,Priority,0.0,0,False
7104,49,0,FCFS,0.0,0,False
7104,49,1,SJF,0.0,0,False
7104,49,2,Round Robin,0.0,0,False
7104,49,3,Priority,0.0,0,False
7104,50,0,FCFS,0.0,0,False
7104,50,1,SJF,0.0,0,False
7104,50,2,Round Robin,0.0,0,False
7104,50,3,Priority,0.0,0,False
7104,51,0,FCFS,0.0,0,False
7104,51,1,SJF,0.0,0,False
7104,51,2,Round Robin,0.0,0,False
7104,51,3,Priority,0.0,0,False
7104,52,0,FCFS,-6.938523841310413,3,True
7104,52,1,SJF,-10.965973829027005,5,True
7104,52,2,Round Robin,-4.182191221776015,4,True
7104,52,3,Priority,-10.022143508320553,5,True
7104,53,0,FCFS,-0.24988383549482676,135,True
7104,53,1,SJF,-0.24833455550093994,181,True
7104,53,2,Round Robin,-0.44902470061672367,47,True
7104,53,3,Priority,-0.24989983582030365,223,True
7104,54,0,FCFS,-30.78011707510176,1,True
7104,54,1,SJF,-1.0226398079915766,4,True
7104,54,2,Round Robin,0.0,0,False
7104,54,3,Priority,-5.927541679335539,3,True
7104,55,0,FCFS,-33.21014030182363,5,True
7104,55,1,SJF,-19.099413038050344,20,True
7104,55,2,Round Robin,-17.952801134179627,13,True
7104,55,3,Priority,-19.185716483585647,10,True
7104,56,0,FCFS,0.0,0,False
7104,56,1,SJF,0.0,0,False
7104,56,2,Round Robin,0.0,0,False
7104,56,3,Priority,0.0,0,False
7104,57,0,FCFS,0.0,0,False
7104,57,1,SJF,0.0,0,False
7104,57,2,Round Robin,0.0,0,False
7104,57,3,Priority,0.0,0,False
7104,58,0,FCFS,0.0,0,False
7104,58,1,SJF,0.0,0,False
7104,58,2,Round Robin,0.0,0,False
7104,58,3,Priority,0.0,0,False
7104,59,0,FCFS,0.0,0,False
7104,59,1,SJF,0.0,0,False
7104,59,2,Round Robin,0.0,0,False
7104,59,3,Priority,0.0,0,False
7104,60,0,FCFS,-19.159877835106307,7,True
7104,60,1,SJF,-22.82736654428073,11,True
7104,60,2,Round Robin,-24.240795709325276,16,True
7104,60,3,Priority,0.0,0,False
7104,61,0,FCFS,-97.37526132581769,19,True
7104,61,1,SJF,-89.46275935873834,16,True
7104,61,2,Round Robin,-82.93047753179081,22,True
7104,61,3,Priority,-93.26701255623206,11,True
7104,62,0,FCFS,-8.669859638503313,4,True
7104,62,1,SJF,-6.867454274813269,24,True
7104,62,2,Round Robin,-7.048514484723488,23,True
7104,62,3,Priority,-11.50381441351383,4,True
7104,63,0,FCFS,0.0,0,False
7104,63,1,SJF,0.0,0,False
7104,63,2,Round Robin,0.0,0,False
7104,63,3,Priority,0.0,0,False
7104,64,0,FCFS,0.0,0,False
7104,64,1,SJF,0.0,0,False
7104,64,2,Round Robin,0.0,0,False
7104,64,3,Priority,0.0,0,False
7104,65,0,FCFS,0.0,0,False
7104,65,1,SJF,0.0,0,False
7104,65,2,Round Robin,0.0,0,False
7104,65,3,Priority,0.0,0,False
7104,66,0,FCFS,-116.09615457604505,10,True
7104,66,1,SJF,-92.28173637698933,20,True
7104,66,2,Round Robin,-118.14404571422205,50,True
7104,66,3,Priority,-149.78693508010085,12,True
7104,67,0,FCFS,-233.2566155846276,26,True
7104,67,1,SJF,-234.53957270328993,33,True
7104,67,2,Round Robin,-232.81270043585118,205,True
7104,67,3,Priority,-239.62315710457472,26,True
7104,68,0,FCFS,0.0,0,False
7104,68,1,SJF,-7.184634353214985,15,True
7104,68,2,Round Robin,-6.666257162225536,12,True
7104,68,3,Priority,-23.391243052535856,7,True
7104,69,0,FCFS,-28.620889240579903,1,True
7104,69,1,SJF,0.0,0,False
7104,69,2,Round Robin,0.0,0,False
7104,69,3,Priority,0.0,0,False
7104,70,0,FCFS,0.0,0,False
7104,70,1,SJF,0.0,0,False
7104,70,2,Round Robin,0.0,0,False
7104,70,3,Priority,0.0,0,False
7104,71,0,FCFS,0.0,0,False
7104,71,1,SJF,0.0,0,False
7104,71,2,Round Robin,0.0,0,False
7104,71,3,Priority,0.0,0,False
7104,72,0,FCFS,0.0,0,False
7104,72,1,SJF,0.0,0,False
7104,72,2,Round Robin,-4.684136322071904,2,True
7104,72,3,Priority,0.0,0,False
7104,73,0,FCFS,-36.325832155522065,23,True
7104,73,1,SJF,-24.63597985554872,24,True
7104,73,2,Round Robin,-29.781590579661376,18,True
7104,73,3,Priority,-34.779339977406366,14,True
7104,74,0,FCFS,-11.315023702616706,5,True
7104,74,1,SJF,-8.191622622070598,63,True
7104,74,2,Round Robin,-8.53836455331432,42,True
7104,74,3,Priority,-10.59022043121995,4,True
7104,75,0,FCFS,0.0,0,False
7104,75,1,SJF,0.0,0,False
7104,75,2,Round Robin,-12.453949897792159,8,True
7104,75,3,Priority,0.0,0,False
7104,76,0,FCFS,0.0,0,False
7104,76,1,SJF,0.0,0,False
7104,76,2,Round Robin,0.0,0,False
7104,76,3,Priority,0.0,0,False
7104,77,0,FCFS,0.0,0,False
7104,77,1,SJF,0.0,0,False
7104,77,2,Round Robin,0.0,0,False
7104,77,3,Priority,0.0,0,False
7104,78,0,FCFS,-4.188441188325591,2,True
7104,78,1,SJF,-6.322496554174724,6,True
7104,78,2,Round Robin,0.0,0,False
7104,78,3,Priority,0.0,0,False
7104,79,0,FCFS,-53.4191962345439,7,True
7104,79,1,SJF,-45.46668567782769,16,True
7104,79,2,Round Robin,-51.344073066735376,14,True
7104,79,3,Priority,-53.90487831397513,8,True
7104,80,0,FCFS,-15.837063440604274,7,True
7104,80,1,SJF,-12.381288574829625,4,True
7104,80,2,Round Robin,-9.620440181978918,149,True
7104,80,3,Priority,-14.276549743669838,5,True
7104,81,0,FCFS,0.0,0,False
7104,81,1,SJF,0.0,0,False
7104,81,2,Round Robin,0.0,0,False
7104,81,3,Priority,0.0,0,False
7104,82,0,FCFS,0.0,0,False
7104,82,1,SJF,0.0,0,False
7104,82,2,Round Robin,0.0,0,False
7104,82,3,Priority,0.0,0,False
7104,83,0,FCFS,0.0,0,False
7104,83,1,SJF,0.0,0,False
7104,83,2,Round Robin,0.0,0,False
7104,83,3,Priority,0.0,0,False
7104,84,0,FCFS,0.0,0,False
7104,84,1,SJF,0.0,0,False
7104,84,2,Round Robin,-6.513048215541266,6,True
7104,84,3,Priority,0.0,0,False
7104,85,0,FCFS,0.0,0,False
7104,85,1,SJF,-115.00969165809596,9,True
7104,85,2,Round Robin,-113.1160452401822,25,True
7104,85,3,Priority,-126.877116199861,12,True
7104,86,0,FCFS,-20.545750726017893,4,True
7104,86,1,SJF,-14.365232786065105,55,True
7104,86,2,Round Robin,-13.001262857603662,9,True
7104,86,3,Priority,-15.188164156240024,3,True
7104,87,0,FCFS,0.0,0,False
7104,87,1,SJF,0.0,0,False
7104,87,2,Round Robin,-54.37552521249691,4,True
7104,87,3,Priority,0.0,0,False
7104,88,0,FCFS,0.0,0,False
7104,88,1,SJF,0.0,0,False
7104,88,2,Round Robin,0.0,0,False
7104,88,3,Priority,0.0,0,False
7104,89,0,FCFS,0.0,0,False
7104,89,1,SJF,0.0,0,False
7104,89,2,Round Robin,0.0,0,False
7104,89,3,Priority,0.0,0,False
7104,90,0,FCFS,-1.3957698387218314,18,True
7104,90,1,SJF,-1.6749422375576684,24,True
7104,90,2,Round Robin,-1.3610025919850846,20,True
7104,90,3,Priority,-1.376236623196913,12,True
7104,91,0,FCFS,-3.574827212277447,2,True
7104,91,1,SJF,0.0,0,False
7104,91,2,Round Robin,0.0,0,False
7104,91,3,Priority,0.0,0,False
7104,92,0,FCFS,-6.740475404158447,54,True
7104,92,1,SJF,-4.697132053537519,339,True
7104,92,2,Round Robin,-6.385133981831411,85,True
7104,92,3,Priority,-7.266619542609367,65,True
7104,93,0,FCFS,0.0,0,False
7104,93,1,SJF,0.0,0,False
7104,93,2,Round Robin,0.0,0,False
7104,93,3,Priority,0.0,0,False
7104,94,0,FCFS,-7.393496119974886,27,True
7104,94,1,SJF,-5.788257150684299,73,True
7104,94,2,Round Robin,-7.008290326751522,19,True
7104,94,3,Priority,-8.225075391347474,32,True
7104,95,0,FCFS,-10.334835139499283,39,True
7104,95,1,SJF,-5.669718781363223,86,True
7104,95,2,Round Robin,-7.631576430816851,38,True
7104,95,3,Priority,-8.27503242131107,120,True
7104,96,0,FCFS,0.0,0,False
7104,96,1,SJF,0.0,0,False
7104,96,2,Round Robin,0.0,0,False
7104,96,3,Priority,0.0,0,False
7104,97,0,FCFS,0.0,0,False
7104,97,1,SJF,0.0,0,False
7104,97,2,Round Robin,0.0,0,False
7104,97,3,Priority,0.0,0,False
7104,98,0,FCFS,0.0,0,False
7104,98,1,SJF,-4.583849608028948,23,True
7104,98,2,Round Robin,-4.628840072112925,16,True
7104,98,3,Priority,0.0,0,False
7104,99,0,FCFS,0.0,0,False
7104,99,1,SJF,0.0,0,False
7104,99,2,Round Robin,0.0,0,False
7104,99,3,Priority,0.0,0,False
7104,100,0,FCFS,-8.978899998448325,4,True
7104,100,1,SJF,-6.592864043248749,55,True
7104,100,2,Round Robin,-7.082216926942514,43,True
7104,100,3,Priority,-7.643211241935637,3,True
7104,101,0,FCFS,-10.429146004626254,58,True
7104,101,1,SJF,-11.013175468881409,73,True
7104,101,2,Round Robin,-10.7757852079807,289,True
7104,101,3,Priority,-7.793299050333292,582,True
7104,102,0,FCFS,0.0,0,False
7104,102,1,SJF,0.0,0,False
7104,102,2,Round Robin,0.0,0,False
7104,102,3,Priority,0.0,0,False
7104,103,0,FCFS,0.0,0,False
7104,103,1,SJF,0.0,0,False
7104,103,2,Round Robin,0.0,0,False
7104,103,3,Priority,0.0,0,False
7104,104,0,FCFS,0.0,0,False
7104,104,1,SJF,0.0,0,False
7104,104,2,Round Robin,0.0,0,False
7104,104,3,Priority,-33.413924619295564,10,True
7104,105,0,FCFS,0.0,0,False
7104,105,1,SJF,0.0,0,False
7104,105,2,Round Robin,0.0,0,False
7104,105,3,Priority,0.0,0,False
7104,106,0,FCFS,0.0,0,False
7104,106,1,SJF,-0.820440368457642,4,True
7104,106,2,Round Robin,-0.8324124412350383,2,True
7104,106,3,Priority,0.0,0,False
7104,107,0,FCFS,-11.519294295847228,285,True
7104,107,1,SJF,-10.263263306806538,514,True
7104,107,2,Round Robin,-14.628049560937836,261,True
7104,107,3,Priority,-16.11774877379912,172,True
7104,108,0,FCFS,0.0,0,False
7104,108,1,SJF,0.0,0,False
7104,108,2,Round Robin,0.0,0,False
7104,108,3,Priority,0.0,0,False
7104,109,0,FCFS,-12.228136196133036,3,True
7104,109,1,SJF,-12.813814809888509,10,True
7104,109,2,Round Robin,-26.3806269833208,4,True
7104,109,3,Priority,0.0,0,False
7104,110,0,FCFS,0.0,0,False
7104,110,1,SJF,0.0,0,False
7104,110,2,Round Robin,0.0,0,False
7104,110,3,Priority,0.0,0,False
7104,111,0,FCFS,-24.606325260105493,2,True
7104,111,1,SJF,0.0,0,False
7104,111,2,Round Robin,0.0,0,False
7104,111,3,Priority,0.0,0,False
7104,112,0,FCFS,0.0,0,False
7104,112,1,SJF,0.0,0,False
7104,112,2,Round Robin,0.0,0,False
7104,112,3,Priority,0.0,0,False
7104,113,0,FCFS,0.0,0,False
7104,113,1,SJF,0.0,0,False
7104,113,2,Round Robin,0.0,0,False
7104,113,3,Priority,0.0,0,False
7104,114,0,FCFS,0.0,0,False
7104,114,1,SJF,0.0,0,False
7104,114,2,Round Robin,0.0,0,False
7104,114,3,Priority,0.0,0,False
7104,115,0,FCFS,-96.88134280343755,7,True
7104,115,1,SJF,-93.83160733257078,19,True
7104,115,2,Round Robin,-105.12126827500364,12,True
7104,115,3,Priority,-110.89421289876107,6,True
7104,116,0,FCFS,0.0,0,False
7104,116,1,SJF,0.0,0,False
7104,116,2,Round Robin,0.0,0,False
7104,116,3,Priority,0.0,0,False
7104,117,0,FCFS,-210.52017069596235,29,True
7104,117,1,SJF,0.0,0,False
7104,117,2,Round Robin,0.0,0,False
7104,117,3,Priority,0.0,0,False
7104,118,0,FCFS,0.0,0,False
7104,118,1,SJF,0.0,0,False
7104,118,2,Round Robin,0.0,0,False
7104,118,3,Priority,0.0,0,False
7104,119,0,FCFS,-14.768308503503139,1,True
7104,119,1,SJF,0.0,0,False
7104,119,2,Round Robin,0.0,0,False
7104,119,3,Priority,0.0,0,False
7104,120,0,FCFS,0.0,0,False
7104,120,1,SJF,0.0,0,False
7104,120,2,Round Robin,-40.60873438445205,4,True
7104,120,3,Priority,0.0,0,False
7104,121,0,FCFS,-261.99507506816445,29,True
7104,121,1,SJF,-248.6200866812002,54,True
7104,121,2,Round Robin,-240.01980591353987,288,True
7104,121,3,Priority,-253.0538608820973,23,True
7104,122,0,FCFS,0.0,0,False
7104,122,1,SJF,0.0,0,False
7104,122,2,Round Robin,0.0,0,False
7104,122,3,Priority,0.0,0,False
7104,123,0,FCFS,-305.0035741206876,31,True
7104,123,1,SJF,-259.4039626667835,86,True
7104,123,2,Round Robin,-259.48021521900404,506,True
7104,123,3,Priority,-297.5010659464365,30,True
7104,124,0,FCFS,0.0,0,False
7104,124,1,SJF,0.0,0,False
7104,124,2,Round Robin,0.0,0,False
7104,124,3,Priority,0.0,0,False
7104,125,0,FCFS,-266.04817808870763,20,True
7104,125,1,SJF,-263.4999263463496,52,True
7104,125,2,Round Robin,-263.61307298971604,292,True
7104,125,3,Priority,-263.3363500976931,18,True
7104,126,0,FCFS,0.0,0,False
7104,126,1,SJF,0.0,0,False
7104,126,2,Round Robin,0.0,0,False
7104,126,3,Priority,0.0,0,False
7104,127,0,FCFS,-42.03712842228174,28,True
7104,127,1,SJF,-46.53225188281201,54,True
7104,127,2,Round Robin,-41.589856383956935,47,True
7104,127,3,Priority,-43.316393242376414,16,True
7104,128,0,FCFS,-14.089004503771747,25,True
7104,128,1,SJF,-14.666859394429132,44,True
7104,128,2,Round Robin,-14.149887468848359,38,True
7104,128,3,Priority,-16.240711183447974,39,True
7104,129,0,FCFS,-66.22589610203178,16,True
7104,129,1,SJF,-56.346063891462975,46,True
7104,129,2,Round Robin,-55.95978405402056,52,True
7104,129,3,Priority,-57.643220817243936,20,True
7104,130,0,FCFS,-16.83521343251846,31,True
7104,130,1,SJF,-16.82002859674794,51,True
7104,130,2,Round Robin,-16.894665248268808,39,True
7104,130,3,Priority,-16.710848428424175,36,True
7104,131,0,FCFS,-41.16159855904611,14,True
7104,131,1,SJF,-39.49961045643261,25,True
7104,131,2,Round Robin,-41.73671144648605,22,True
7104,131,3,Priority,-42.50551561958752,9,True
7104,132,0,FCFS,0.0,0,False
7104,132,1,SJF,0.0,0,False
7104,132,2,Round Robin,0.0,0,False
7104,132,3,Priority,0.0,0,False
7104,133,0,FCFS,-62.85343882423251,10,True
7104,133,1,SJF,-64.30597215160105,22,True
7104,133,2,Round Robin,-62.21205076397783,26,True
7104,133,3,Priority,-61.069956496292015,12,True
7104,134,0,FCFS,0.0,0,False
7104,134,1,SJF,0.0,0,False
7104,134,2,Round Robin,0.0,0,False
7104,134,3,Priority,0.0,0,False
7104,135,0,FCFS,-125.72574847665634,21,True
7104,135,1,SJF,-107.16292357599232,37,True
7104,135,2,Round Robin,-106.24829334515235,48,True
7104,135,3,Priority,-115.46532755340033,14,True
7104,136,0,FCFS,0.0,0,False
7104,136,1,SJF,0.0,0,False
7104,136,2,Round Robin,0.0,0,False
7104,136,3,Priority,0.0,0,False
7104,137,0,FCFS,-124.33790231212215,20,True
7104,137,1,SJF,-119.39410837449437,38,True
7104,137,2,Round Robin,-114.2119535229254,105,True
7104,137,3,Priority,-119.05920448046669,18,True
7104,138,0,FCFS,0.0,0,False
7104,138,1,SJF,0.0,0,False
7104,138,2,Round Robin,0.0,0,False
7104,138,3,Priority,0.0,0,False
7104,139,0,FCFS,-178.56607794089956,13,True
7104,139,1,SJF,-173.16020685792404,29,True
7104,139,2,Round Robin,-177.68829240158067,34,True
7104,139,3,Priority,-178.6017106354811,12,True
7104,140,0,FCFS,0.0,0,False
7104,140,1,SJF,0.0,0,False
7104,140,2,Round Robin,0.0,0,False
7104,140,3,Priority,0.0,0,False
7104,141,0,FCFS,-246.95056582549458,45,True
7104,141,1,SJF,-240.4438729650655,252,True
7104,141,2,Round Robin,-224.6838245641063,341,True
7104,141,3,Priority,-255.44718128279274,37,True
7104,142,0,FCFS,0.0,0,False
7104,142,1,SJF,0.0,0,False
7104,142,2,Round Robin,0.0,0,False
7104,142,3,Priority,0.0,0,False
7104,143,0,FCFS,-269.20189506276927,191,True
7104,143,1,SJF,-244.13326995185432,1394,True
7104,143,2,Round Robin,-252.80188066111373,691,True
7104,143,3,Priority,-272.60888303815784,193,True
7104,144,0,FCFS,0.0,0,False
7104,144,1,SJF,0.0,0,False
7104,144,2,Round Robin,0.0,0,False
7104,144,3,Priority,0.0,0,False
7104,145,0,FCFS,-25.0739803168916,14,True
7104,145,1,SJF,-21.779521523118742,9,True
7104,145,2,Round Robin,-24.227552075048784,9,True
7104,145,3,Priority,-23.01701040896581,6,True
7104,146,0,FCFS,-12.28519530946346,138,True
7104,146,1,SJF,-15.667833133108214,241,True
7104,146,2,Round Robin,-15.984757065490948,95,True
7104,146,3,Priority,-16.01945535097003,71,True
7104,147,0,FCFS,-64.7888191112342,33,True
7104,147,1,SJF,-64.42393425739243,154,True
7104,147,2,Round Robin,-65.04548797509598,77,True
7104,147,3,Priority,-65.4244268503985,39,True
7104,148,0,FCFS,-19.166946045899092,70,True
7104,148,1,SJF,-18.981238335618084,164,True
7104,148,2,Round Robin,-19.397744746830863,65,True
7104,148,3,Priority,-17.19153163612852,81,True
7104,149,0,FCFS,-68.4811857595452,98,True
7104,149,1,SJF,-70.32772885159413,216,True
7104,149,2,Round Robin,-56.36164285967911,386,True
7104,149,3,Priority,-70.66137166417161,201,True
7104,150,0,FCFS,0.0,0,False
7104,150,1,SJF,0.0,0,False
7104,150,2,Round Robin,0.0,0,False
7104,150,3,Priority,0.0,0,False
7104,151,0,FCFS,0.0,0,False
7104,151,1,SJF,0.0,0,False
7104,151,2,Round Robin,-35.26064235918197,9,True
7104,151,3,Priority,-34.19360494702061,7,True
7104,152,0,FCFS,0.0,0,False
7104,152,1,SJF,0.0,0,False
7104,152,2,Round Robin,0.0,0,False
7104,152,3,Priority,0.0,0,False
7104,153,0,FCFS,-91.10076527534302,26,True
7104,153,1,SJF,-87.14516651722896,67,True
7104,153,2,Round Robin,-84.26758206421509,47,True
7104,153,3,Priority,-83.33582649916097,18,True
7104,154,0,FCFS,0.0,0,False
7104,154,1,SJF,0.0,0,False
7104,154,2,Round Robin,0.0,0,False
7104,154,3,Priority,0.0,0,False
7104,155,0,FCFS,-124.96030085504796,386,True
7104,155,1,SJF,-123.76327444207185,464,True
7104,155,2,Round Robin,-102.12171492519275,7197,True
7104,155,3,Priority,-129.93996747759334,347,True
7104,156,0,FCFS,0.0,0,False
7104,156,1,SJF,0.0,0,False
7104,156,2,Round Robin,0.0,0,False
7104,156,3,Priority,0.0,0,False
7104,157,0,FCFS,-24.382276449935297,1,True
7104,157,1,SJF,0.0,0,False
7104,157,2,Round Robin,0.0,0,False
7104,157,3,Priority,0.0,0,False
7104,158,0,FCFS,0.0,0,False
7104,158,1,SJF,0.0,0,False
7104,158,2,Round Robin,0.0,0,False
7104,158,3,Priority,0.0,0,False
7104,159,0,FCFS,-91.26379336160694,6,True
7104,159,1,SJF,-86.58657137179412,13,True
7104,159,2,Round Robin,0.0,0,False
7104,159,3,Priority,-95.35906839212117,7,True
7104,160,0,FCFS,0.0,0,False
7104,160,1,SJF,0.0,0,False
7104,160,2,Round Robin,0.0,0,False
7104,160,3,Priority,0.0,0,False
7104,161,0,FCFS,-213.35325344152298,1260,True
7104,161,1,SJF,-197.34223510894617,1540,True
7104,161,2,Round Robin,-179.07884539680552,23733,True
7104,161,3,Priority,-211.36236506932798,1261,True
7105,0,0,FCFS,-34.46096911695602,35,True
7105,0,1,SJF,-24.12111961393584,31,True
7105,0,2,Round Robin,-39.358003039279936,24,True
7105,0,3,Priority,-29.799698344575283,44,True
7105,1,0,FCFS,0.0,0,False
7105,1,1,SJF,0.0,0,False
7105,1,2,Round Robin,0.0,0,False
7105,1,3,Priority,0.0,0,False
7105,2,0,FCFS,0.0,0,False
7105,2,1,SJF,0.0,0,False
7105,2,2,Round Robin,0.0,0,False
7105,2,3,Priority,0.0,0,False
7105,3,0,FCFS,0.0,0,False
7105,3,1,SJF,0.0,0,False
7105,3,2,Round Robin,0.0,0,False
7105,3,3,Priority,0.0,0,False
7105,4,0,FCFS,0.0,0,False
7105,4,1,SJF,0.0,0,False
7105,4,2,Round Robin,0.0,0,False
7105,4,3,Priority,0.0,0,False
7105,5,0,FCFS,0.0,0,False
7105,5,1,SJF,0.0,0,False
7105,5,2,Round Robin,0.0,0,False
7105,5,3,Priority,0.0,0,False
7105,6,0,FCFS,-115.97942318056027,25,True
7105,6,1,SJF,-116.38686101965607,21,True
7105,6,2,Round Robin,-86.71666370616602,69,True
7105,6,3,Priority,-111.42919139405898,17,True
7105,7,0,FCFS,0.0,0,False
7105,7,1,SJF,0.0,0,False
7105,7,2,Round Robin,0.0,0,False
7105,7,3,Priority,0.0,0,False
7105,8,0,FCFS,0.0,0,False
7105,8,1,SJF,0.0,0,False
7105,8,2,Round Robin,0.0,0,False
7105,8,3,Priority,0.0,0,False
7105,9,0,FCFS,0.0,0,False
7105,9,1,SJF,0.0,0,False
7105,9,2,Round Robin,0.0,0,False
7105,9,3,Priority,0.0,0,False
7105,10,0,FCFS,0.0,0,False
7105,10,1,SJF,0.0,0,False
7105,10,2,Round Robin,0.0,0,False
7105,10,3,Priority,0.0,0,False
7105,11,0,FCFS,0.0,0,False
7105,11,1,SJF,0.0,0,False
7105,11,2,Round Robin,0.0,0,False
7105,11,3,Priority,0.0,0,False
7105,12,0,FCFS,-186.32709638126644,48,True
7105,12,1,SJF,-188.45107820772665,50,True
7105,12,2,Round Robin,-117.04800246792946,559,True
7105,12,3,Priority,-167.44332619411367,49,True
7105,13,0,FCFS,0.0,0,False
7105,13,1,SJF,0.0,0,False
7105,13,2,Round Robin,0.0,0,False
7105,13,3,Priority,0.0,0,False
7105,14,0,FCFS,0.0,0,False
7105,14,1,SJF,0.0,0,False
7105,14,2,Round Robin,0.0,0,False
7105,14,3,Priority,0.0,0,False
7105,15,0,FCFS,0.0,0,False
7105,15,1,SJF,0.0,0,False
7105,15,2,Round Robin,0.0,0,False
7105,15,3,Priority,0.0,0,False
7105,16,0,FCFS,0.0,0,False
7105,16,1,SJF,0.0,0,False
7105,16,2,Round Robin,0.0,0,False
7105,16,3,Priority,0.0,0,False
7105,17,0,FCFS,0.0,0,False
7105,17,1,SJF,0.0,0,False
7105,17,2,Round Robin,0.0,0,False
7105,17,3,Priority,0.0,0,False
7105,18,0,FCFS,0.0,0,False
7105,18,1,SJF,0.0,0,False
7105,18,2,Round Robin,-19.694717923025618,9,True
7105,18,3,Priority,0.0,0,False
7105,19,0,FCFS,-19.399117057984853,16,True
7105,19,1,SJF,-18.507430753742018,9,True
7105,19,2,Round Robin,0.0,0,False
7105,19,3,Priority,0.0,0,False
7105,20,0,FCFS,0.0,0,False
7105,20,1,SJF,0.0,0,False
7105,20,2,Round Robin,0.0,0,False
7105,20,3,Priority,0.0,0,False
7105,21,0,FCFS,0.0,0,False
7105,21,1,SJF,0.0,0,False
7105,21,2,Round Robin,0.0,0,False
7105,21,3,Priority,0.0,0,False
7105,22,0,FCFS,0.0,0,False
7105,22,1,SJF,0.0,0,False
7105,22,2,Round Robin,0.0,0,False
7105,22,3,Priority,0.0,0,False
7105,23,0,FCFS,0.0,0,False
7105,23,1,SJF,0.0,0,False
7105,23,2,Round Robin,0.0,0,False
7105,23,3,Priority,0.0,0,False
7105,24,0,FCFS,-0.44661293844420524,1,True
7105,24,1,SJF,-1.6579216383858661,1,True
7105,24,2,Round Robin,0.0,0,False
7105,24,3,Priority,0.0,0,False
7105,25,0,FCFS,-16.29594203990631,4,True
7105,25,1,SJF,0.0,0,False
7105,25,2,Round Robin,-17.86322413903641,10,True
7105,25,3,Priority,-24.560867955606497,5,True
7105,26,0,FCFS,0.0,0,False
7105,26,1,SJF,0.0,0,False
7105,26,2,Round Robin,0.0,0,False
7105,26,3,Priority,0.0,0,False
7105,27,0,FCFS,0.0,0,False
7105,27,1,SJF,0.0,0,False
7105,27,2,Round Robin,0.0,0,False
7105,27,3,Priority,0.0,0,False
7105,28,0,FCFS,-1.0683336381584814,1,True
7105,28,1,SJF,0.0,0,False
7105,28,2,Round Robin,0.0,0,False
7105,28,3,Priority,0.0,0,False
7105,29,0,FCFS,0.0,0,False
7105,29,1,SJF,0.0,0,False
7105,29,2,Round Robin,0.0,0,False
7105,29,3,Priority,0.0,0,False
7105,30,0,FCFS,0.0,0,False
7105,30,1,SJF,0.0,0,False
7105,30,2,Round Robin,0.0,0,False
7105,30,3,Priority,-115.87194621203732,5,True
7105,31,0,FCFS,-50.63750587796973,4,True
7105,31,1,SJF,0.0,0,False
7105,31,2,Round Robin,-49.7456352638719,10,True
7105,31,3,Priority,-46.72968969596464,3,True
7105,32,0,FCFS,-19.730011293978,5,True
7105,32,1,SJF,-16.801119608357087,7,True
7105,32,2,Round Robin,-7.994644071264316,63,True
7105,32,3,Priority,-14.151599754025437,4,True
7105,33,0,FCFS,0.0,0,False
7105,33,1,SJF,0.0,0,False
7105,33,2,Round Robin,0.0,0,False
7105,33,3,Priority,0.0,0,False
7105,34,0,FCFS,0.0,0,False
7105,34,1,SJF,0.0,0,False
7105,34,2,Round Robin,-0.78278780518808,1,True
7105,34,3,Priority,-19.703090679222246,9,True
7105,35,0,FCFS,0.0,0,False
7105,35,1,SJF,0.0,0,False
7105,35,2,Round Robin,0.0,0,False
7105,35,3,Priority,0.0,0,False
7105,36,0,FCFS,-0.7482925604041852,58,True
7105,36,1,SJF,-0.9358852975830766,91,True
7105,36,2,Round Robin,-0.9362578481546963,63,True
7105,36,3,Priority,-0.9203214173612784,42,True
7105,37,0,FCFS,0.0,0,False
7105,37,1,SJF,0.0,0,False
7105,37,2,Round Robin,0.0,0,False
7105,37,3,Priority,0.0,0,False
7105,38,0,FCFS,-0.5826543424371294,32,True
7105,38,1,SJF,-0.7004326446335152,20,True
7105,38,2,Round Robin,-0.38047416750269525,30,True
7105,38,3,Priority,-0.5560043423059575,17,True
7105,39,0,FCFS,0.0,0,False
7105,39,1,SJF,0.0,0,False
7105,39,2,Round Robin,0.0,0,False
7105,39,3,Priority,0.0,0,False
7105,40,0,FCFS,-0.2593630689933796,12,True
7105,40,1,SJF,-0.340498765798238,17,True
7105,40,2,Round Robin,0.0,0,False
7105,40,3,Priority,-0.1912287070581752,19,True
7105,41,0,FCFS,-0.21295974049212194,21,True
7105,41,1,SJF,-0.21108142875580896,19,True
7105,41,2,Round Robin,-0.21247634117575023,18,True
7105,41,3,Priority,-0.21388663823861742,20,True
7105,42,0,FCFS,0.0,0,False
7105,42,1,SJF,0.0,0,False
7105,42,2,Round Robin,0.0,0,False
7105,42,3,Priority,0.0,0,False
7105,43,0,FCFS,0.0,0,False
7105,43,1,SJF,0.0,0,False
7105,43,2,Round Robin,0.0,0,False
7105,43,3,Priority,0.0,0,False
7105,44,0,FCFS,0.0,0,False
7105,44,1,SJF,0.0,0,False
7105,44,2,Round Robin,0.0,0,False
7105,44,3,Priority,0.0,0,False
7105,45,0,FCFS,0.0,0,False
7105,45,1,SJF,0.0,0,False
7105,45,2,Round Robin,0.0,0,False
7105,45,3,Priority,0.0,0,False
7105,46,0,FCFS,0.0,0,False
7105,46,1,SJF,-2.899392467801586,2,True
7105,46,2,Round Robin,-1.5900416857845707,6,True
7105,46,3,Priority,-8.73063226403347,14,True
7105,47,0,FCFS,-0.2499319221671771,89,True
7105,47,1,SJF,-0.24993145045284426,91,True
7105,47,2,Round Robin,-0.32685831915473273,18,True
7105,47,3,Priority,-0.2499290669396974,126,True
7105,48,0,FCFS,0.0,0,False
7105,48,1,SJF,0.0,0,False
7105,48,2,Round Robin,0.0,0,False
7105,48,3,Priority,0.0,0,False
7105,49,0,FCFS,0.0,0,False
7105,49,1,SJF,0.0,0,False
7105,49,2,Round Robin,0.0,0,False
7105,49,3,Priority,0.0,0,False
7105,50,0,FCFS,0.0,0,False
7105,50,1,SJF,0.0,0,False
7105,50,2,Round Robin,0.0,0,False
7105,50,3,Priority,0.0,0,False
7105,51,0,FCFS,0.0,0,False
7105,51,1,SJF,0.0,0,False
7105,51,2,Round Robin,0.0,0,False
7105,51,3,Priority,0.0,0,False
7105,52,0,FCFS,-6.829969647747575,1,True
7105,52,1,SJF,0.0,0,False
7105,52,2,Round Robin,-6.531853688540123,32,True
7105,52,3,Priority,0.0,0,False
7105,53,0,FCFS,-0.2499972650864816,253,True
7105,53,1,SJF,-0.24999718574300098,150,True
7105,53,2,Round Robin,-0.42841025418289336,61,True
7105,53,3,Priority,-0.24999744759242992,213,True
7105,54,0,FCFS,-7.303349617226113,4,True
7105,54,1,SJF,0.0,0,False
7105,54,2,Round Robin,0.0,0,False
7105,54,3,Priority,-4.880066522469303,4,True
7105,55,0,FCFS,-20.0347502634241,9,True
7105,55,1,SJF,-12.859453871695965,9,True
7105,55,2,Round Robin,-16.450367705011043,7,True
7105,55,3,Priority,-13.984451413817316,10,True
7105,56,0,FCFS,0.0,0,False
7105,56,1,SJF,0.0,0,False
7105,56,2,Round Robin,0.0,0,False
7105,56,3,Priority,0.0,0,False
7105,57,0,FCFS,0.0,0,False
7105,57,1,SJF,0.0,0,False
7105,57,2,Round Robin,0.0,0,False
7105,57,3,Priority,-9.08206163902265,1,True
7105,58,0,FCFS,0.0,0,False
7105,58,1,SJF,0.0,0,False
7105,58,2,Round Robin,0.0,0,False
7105,58,3,Priority,0.0,0,False
7105,59,0,FCFS,0.0,0,False
7105,59,1,SJF,0.0,0,False
7105,59,2,Round Robin,0.0,0,False
7105,59,3,Priority,0.0,0,False
7105,60,0,FCFS,-43.414113730358,8,True
7105,60,1,SJF,-43.00244421040452,8,True
7105,60,2,Round Robin,-44.55858288921254,20,True
7105,60,3,Priority,-34.511859593910486,6,True
7105,61,0,FCFS,-56.12363205989582,9,True
7105,61,1,SJF,-54.18897498917796,21,True
7105,61,2,Round Robin,-57.96266073249838,16,True
7105,61,3,Priority,-66.08203856435057,9,True
7105,62,0,FCFS,-5.919499179352613,2,True
7105,62,1,SJF,-6.152834456025326,22,True
7105,62,2,Round Robin,-5.909275403133371,20,True
7105,62,3,Priority,-9.001149572136542,4,True
7105,63,0,FCFS,0.0,0,False
7105,63,1,SJF,0.0,0,False
7105,63,2,Round Robin,0.0,0,False
7105,63,3,Priority,0.0,0,False
7105,64,0,FCFS,0.0,0,False
7105,64,1,SJF,0.0,0,False
7105,64,2,Round Robin,0.0,0,False
7105,64,3,Priority,0.0,0,False
7105,65,0,FCFS,0.0,0,False
7105,65,1,SJF,0.0,0,False
7105,65,2,Round Robin,0.0,0,False
7105,65,3,Priority,0.0,0,False
7105,66,0,FCFS,-127.8980600638895,11,True
7105,66,1,SJF,-123.03244548090177,23,True
7105,66,2,Round Robin,-112.03730900346396,39,True
7105,66,3,Priority,-140.97206798304956,9,True
7105,67,0,FCFS,-239.29818783502444,27,True
7105,67,1,SJF,-215.5074328950298,27,True
7105,67,2,Round Robin,-183.30980446427284,232,True
7105,67,3,Priority,-206.52926485665782,23,True
7105,68,0,FCFS,0.0,0,False
7105,68,1,SJF,-4.986149557916927,19,True
7105,68,2,Round Robin,-5.2414078962039365,17,True
7105,68,3,Priority,0.0,0,False
7105,69,0,FCFS,0.0,0,False
7105,69,1,SJF,0.0,0,False
7105,69,2,Round Robin,-48.8577003842133,3,True
7105,69,3,Priority,0.0,0,False
7105,70,0,FCFS,0.0,0,False
7105,70,1,SJF,0.0,0,False
7105,70,2,Round Robin,0.0,0,False
7105,70,3,Priority,0.0,0,False
7105,71,0,FCFS,0.0,0,False
7105,71,1,SJF,0.0,0,False
7105,71,2,Round Robin,0.0,0,False
7105,71,3,Priority,0.0,0,False
7105,72,0,FCFS,0.0,0,False
7105,72,1,SJF,0.0,0,False
7105,72,2,Round Robin,-0.26381226844351174,1,True
7105,72,3,Priority,0.0,0,False
7105,73,0,FCFS,-29.95134929077776,27,True
7105,73,1,SJF,-29.28320245487166,24,True
7105,73,2,Round Robin,-42.21961764768771,18,True
7105,73,3,Priority,-33.38955617272511,6,True
7105,74,0,FCFS,-10.071389459091776,2,True
7105,74,1,SJF,-7.109237217827877,38,True
7105,74,2,Round Robin,-8.028838277559663,40,True
7105,74,3,Priority,-15.767724530768561,5,True
7105,75,0,FCFS,-14.266063282733697,2,True
7105,75,1,SJF,0.0,0,False
7105,75,2,Round Robin,0.0,0,False
7105,75,3,Priority,-18.805554798895898,4,True
7105,76,0,FCFS,0.0,0,False
7105,76,1,SJF,0.0,0,False
7105,76,2,Round Robin,0.0,0,False
7105,76,3,Priority,0.0,0,False
7105,77,0,FCFS,0.0,0,False
7105,77,1,SJF,0.0,0,False
7105,77,2,Round Robin,0.0,0,False
7105,77,3,Priority,0.0,0,False
7105,78,0,FCFS,-3.3315007590467034,1,True
7105,78,1,SJF,0.0,0,False
7105,78,2,Round Robin,0.0,0,False
7105,78,3,Priority,0.0,0,False
7105,79,0,FCFS,-51.22598085102169,6,True
7105,79,1,SJF,-41.55945291662748,11,True
7105,79,2,Round Robin,-40.4200541885783,16,True
7105,79,3,Priority,-48.33345397535242,10,True
7105,80,0,FCFS,-10.58662702754446,5,True
7105,80,1,SJF,-7.694834520605172,86,True
7105,80,2,Round Robin,-8.51093578616656,62,True
7105,80,3,Priority,-13.021103321624068,6,True
7105,81,0,FCFS,0.0,0,False
7105,81,1,SJF,-23.030201915981586,3,True
7105,81,2,Round Robin,0.0,0,False
7105,81,3,Priority,0.0,0,False
7105,82,0,FCFS,0.0,0,False
7105,82,1,SJF,0.0,0,False
7105,82,2,Round Robin,0.0,0,False
7105,82,3,Priority,0.0,0,False
7105,83,0,FCFS,0.0,0,False
7105,83,1,SJF,0.0,0,False
7105,83,2,Round Robin,0.0,0,False
7105,83,3,Priority,0.0,0,False
7105,84,0,FCFS,0.0,0,False
7105,84,1,SJF,0.0,0,False
7105,84,2,Round Robin,0.0,0,False
7105,84,3,Priority,0.0,0,False
7105,85,0,FCFS,-127.72633011701531,11,True
7105,85,1,SJF,-119.63495692118752,8,True
7105,85,2,Round Robin,-122.91459632620641,26,True
7105,85,3,Priority,-119.35098050990871,10,True
7105,86,0,FCFS,-8.692537165431006,2,True
7105,86,1,SJF,-8.02241155909892,34,True
7105,86,2,Round Robin,-8.133779043372023,40,True
7105,86,3,Priority,0.0,0,False
7105,87,0,FCFS,-146.31718465284558,9,True
7105,87,1,SJF,0.0,0,False
7105,87,2,Round Robin,0.0,0,False
7105,87,3,Priority,0.0,0,False
7105,88,0,FCFS,0.0,0,False
7105,88,1,SJF,-2.537623063522858,2,True
7105,88,2,Round Robin,0.0,0,False
7105,88,3,Priority,0.0,0,False
7105,89,0,FCFS,0.0,0,False
7105,89,1,SJF,0.0,0,False
7105,89,2,Round Robin,0.0,0,False
7105,89,3,Priority,0.0,0,False
7105,90,0,FCFS,-1.7917251475981915,17,True
7105,90,1,SJF,-2.0628391770020116,24,True
7105,90,2,Round Robin,-1.8165010517093896,19,True
7105,90,3,Priority,-1.895353826614158,20,True
7105,91,0,FCFS,-1.596288217762671,2,True
7105,91,1,SJF,0.0,0,False
7105,91,2,Round Robin,0.0,0,False
7105,91,3,Priority,0.0,0,False
7105,92,0,FCFS,-8.683534954863182,78,True
7105,92,1,SJF,-5.37988329681183,270,True
7105,92,2,Round Robin,-7.208529554677566,93,True
7105,92,3,Priority,-7.396908207783307,94,True
7105,93,0,FCFS,-1.3793201688345351,1,True
7105,93,1,SJF,0.0,0,False
7105,93,2,Round Robin,0.0,0,False
7105,93,3,Priority,0.0,0,False
7105,94,0,FCFS,-6.428901848066314,37,True
7105,94,1,SJF,-6.0677817841141275,53,True
7105,94,2,Round Robin,-6.0943535402653914,56,True
7105,94,3,Priority,-6.743213502524617,20,True
7105,95,0,FCFS,-7.663940720587014,24,True
7105,95,1,SJF,-5.4153815506752885,129,True
7105,95,2,Round Robin,-6.8945604411587675,74,True
7105,95,3,Priority,-9.846013719734923,28,True
7105,96,0,FCFS,0.0,0,False
7105,96,1,SJF,0.0,0,False
7105,96,2,Round Robin,0.0,0,False
7105,96,3,Priority,0.0,0,False
7105,97,0,FCFS,0.0,0,False
7105,97,1,SJF,0.0,0,False
7105,97,2,Round Robin,0.0,0,False
7105,97,3,Priority,0.0,0,False
7105,98,0,FCFS,-7.080410585901765,3,True
7105,98,1,SJF,0.0,0,False
7105,98,2,Round Robin,-6.101348711997387,28,True
7105,98,3,Priority,-7.205312898232362,3,True
7105,99,0,FCFS,0.0,0,False
7105,99,1,SJF,0.0,0,False
7105,99,2,Round Robin,0.0,0,False
7105,99,3,Priority,0.0,0,False
7105,100,0,FCFS,-24.914085893389284,14,True
7105,100,1,SJF,-7.600990470176048,62,True
7105,100,2,Round Robin,-6.363100632826276,32,True
7105,100,3,Priority,-10.008887014914876,5,True
7105,101,0,FCFS,-8.510598660869816,59,True
7105,101,1,SJF,-5.140232503024579,607,True
7105,101,2,Round Robin,-9.745337884198781,140,True
7105,101,3,Priority,-7.8277917412719145,39,True
7105,102,0,FCFS,0.0,0,False
7105,102,1,SJF,0.0,0,False
7105,102,2,Round Robin,0.0,0,False
7105,102,3,Priority,0.0,0,False
7105,103,0,FCFS,0.0,0,False
7105,103,1,SJF,0.0,0,False
7105,103,2,Round Robin,0.0,0,False
7105,103,3,Priority,0.0,0,False
7105,104,0,FCFS,-22.230822458536426,5,True
7105,104,1,SJF,0.0,0,False
7105,104,2,Round Robin,0.0,0,False
7105,104,3,Priority,-22.425728322631002,5,True
7105,105,0,FCFS,0.0,0,False
7105,105,1,SJF,0.0,0,False
7105,105,2,Round Robin,0.0,0,False
7105,105,3,Priority,0.0,0,False
7105,106,0,FCFS,0.0,0,False
7105,106,1,SJF,0.0,0,False
7105,106,2,Round Robin,0.0,0,False
7105,106,3,Priority,-14.288657413226609,3,True
7105,107,0,FCFS,-16.73519951521928,190,True
7105,107,1,SJF,-7.762638354751066,646,True
7105,107,2,Round Robin,-15.412140910576252,371,True
7105,107,3,Priority,-14.932297106714502,197,True
7105,108,0,FCFS,0.0,0,False
7105,108,1,SJF,0.0,0,False
7105,108,2,Round Robin,0.0,0,False
7105,108,3,Priority,0.0,0,False
7105,109,0,FCFS,0.0,0,False
7105,109,1,SJF,-34.82719855846665,29,True
7105,109,2,Round Robin,0.0,0,False
7105,109,3,Priority,0.0,0,False
7105,110,0,FCFS,0.0,0,False
7105,110,1,SJF,0.0,0,False
7105,110,2,Round Robin,0.0,0,False
7105,110,3,Priority,0.0,0,False
7105,111,0,FCFS,0.0,0,False
7105,111,1,SJF,0.0,0,False
7105,111,2,Round Robin,0.0,0,False
7105,111,3,Priority,0.0,0,False
7105,112,0,FCFS,0.0,0,False
7105,112,1,SJF,0.0,0,False
7105,112,2,Round Robin,0.0,0,False
7105,112,3,Priority,0.0,0,False
7105,113,0,FCFS,0.0,0,False
7105,113,1,SJF,0.0,0,False
7105,113,2,Round Robin,0.0,0,False
7105,113,3,Priority,0.0,0,False
7105,114,0,FCFS,0.0,0,False
7105,114,1,SJF,-0.44603838573968435,1,True
7105,114,2,Round Robin,0.0,0,False
7105,114,3,Priority,0.0,0,False
7105,115,0,FCFS,-114.71414500502506,7,True
7105,115,1,SJF,-103.7943624880881,16,True
7105,115,2,Round Robin,-94.71094520760863,17,True
7105,115,3,Priority,-95.2712718172564,10,True
7105,116,0,FCFS,0.0,0,False
7105,116,1,SJF,0.0,0,False
7105,116,2,Round Robin,0.0,0,False
7105,116,3,Priority,0.0,0,False
7105,117,0,FCFS,-127.11777341725106,7,True
7105,117,1,SJF,0.0,0,False
7105,117,2,Round Robin,-114.77377585815549,23,True
7105,117,3,Priority,-118.93055190710521,8,True
7105,118,0,FCFS,0.0,0,False
7105,118,1,SJF,0.0,0,False
7105,118,2,Round Robin,0.0,0,False
7105,118,3,Priority,0.0,0,False
7105,119,0,FCFS,0.0,0,False
7105,119,1,SJF,-62.596031025046344,3,True
7105,119,2,Round Robin,0.0,0,False
7105,119,3,Priority,0.0,0,False
7105,120,0,FCFS,0.0,0,False
7105,120,1,SJF,-109.1505464420995,7,True
7105,120,2,Round Robin,0.0,0,False
7105,120,3,Priority,0.0,0,False
7105,121,0,FCFS,-258.81760276560885,33,True
7105,121,1,SJF,-248.41681435957105,60,True
7105,121,2,Round Robin,-242.37984795326287,303,True
7105,121,3,Priority,-262.59340410324455,25,True
7105,122,0,FCFS,0.0,0,False
7105,122,1,SJF,0.0,0,False
7105,122,2,Round Robin,0.0,0,False
7105,122,3,Priority,0.0,0,False
7105,123,0,FCFS,-273.50461508474297,34,True
7105,123,1,SJF,-265.6442604765015,68,True
7105,123,2,Round Robin,-265.8165883105416,579,True
7105,123,3,Priority,-285.5234811590074,25,True
7105,124,0,FCFS,0.0,0,False
7105,124,1,SJF,0.0,0,False
7105,124,2,Round Robin,0.0,0,False
7105,124,3,Priority,0.0,0,False
7105,125,0,FCFS,-268.5059232122104,19,True
7105,125,1,SJF,-265.8414669748896,86,True
7105,125,2,Round Robin,-268.6899333695657,272,True
7105,125,3,Priority,-272.84586733627185,18,True
7105,126,0,FCFS,0.0,0,False
7105,126,1,SJF,0.0,0,False
7105,126,2,Round Robin,0.0,0,False
7105,126,3,Priority,0.0,0,False
7105,127,0,FCFS,-55.01869483759634,24,True
7105,127,1,SJF,-53.344568806446276,45,True
7105,127,2,Round Robin,-52.624231833493624,51,True
7105,127,3,Priority,-51.38371717829635,29,True
7105,128,0,FCFS,-13.592421996979567,38,True
7105,128,1,SJF,-13.44194275092918,51,True
7105,128,2,Round Robin,-13.768385732369254,35,True
7105,128,3,Priority,-13.784086122734118,38,True
7105,129,0,FCFS,-73.69187300086953,18,True
7105,129,1,SJF,-65.26577571572307,57,True
7105,129,2,Round Robin,-70.41025526780257,49,True
7105,129,3,Priority,-71.75831736475159,35,True
7105,130,0,FCFS,-16.299717735869642,33,True
7105,130,1,SJF,-15.788437960923742,45,True
7105,130,2,Round Robin,-16.020073117070005,37,True
7105,130,3,Priority,-15.700035160009088,35,True
7105,131,0,FCFS,-57.23453714427653,10,True
7105,131,1,SJF,-45.93301573245958,22,True
7105,131,2,Round Robin,-45.559112335777336,21,True
7105,131,3,Priority,-45.58008532832938,11,True
7105,132,0,FCFS,0.0,0,False
7105,132,1,SJF,0.0,0,False
7105,132,2,Round Robin,0.0,0,False
7105,132,3,Priority,0.0,0,False
7105,133,0,FCFS,-95.1855433889517,12,True
7105,133,1,SJF,-76.84749729549789,26,True
7105,133,2,Round Robin,-88.84214821450094,26,True
7105,133,3,Priority,-80.63012864332612,12,True
7105,134,0,FCFS,0.0,0,False
7105,134,1,SJF,0.0,0,False
7105,134,2,Round Robin,0.0,0,False
7105,134,3,Priority,0.0,0,False
7105,135,0,FCFS,-139.46062126477517,20,True
7105,135,1,SJF,-139.6659694770153,33,True
7105,135,2,Round Robin,-140.58417175730736,85,True
7105,135,3,Priority,-149.52842320146053,27,True
7105,136,0,FCFS,0.0,0,False
7105,136,1,SJF,0.0,0,False
7105,136,2,Round Robin,0.0,0,False
7105,136,3,Priority,0.0,0,False
7105,137,0,FCFS,-151.37859466963755,23,True
7105,137,1,SJF,-138.7471642514539,57,True
7105,137,2,Round Robin,-147.71202470553897,132,True
7105,137,3,Priority,-154.6824993260955,26,True
7105,138,0,FCFS,0.0,0,False
7105,138,1,SJF,0.0,0,False
7105,138,2,Round Robin,0.0,0,False
7105,138,3,Priority,0.0,0,False
7105,139,0,FCFS,-183.37671144735074,10,True
7105,139,1,SJF,-163.02105755778786,23,True
7105,139,2,Round Robin,-175.6771425463871,36,True
7105,139,3,Priority,-182.96516922436524,16,True
7105,140,0,FCFS,0.0,0,False
7105,140,1,SJF,0.0,0,False
7105,140,2,Round Robin,0.0,0,False
7105,140,3,Priority,0.0,0,False
7105,141,0,FCFS,-276.76816153399346,42,True
7105,141,1,SJF,-216.7241738406277,237,True
7105,141,2,Round Robin,-236.13570279691348,283,True
7105,141,3,Priority,-271.25318591602206,42,True
7105,142,0,FCFS,0.0,0,False
7105,142,1,SJF,0.0,0,False
7105,142,2,Round Robin,0.0,0,False
7105,142,3,Priority,0.0,0,False
7105,143,0,FCFS,-264.0400069965824,194,True
7105,143,1,SJF,-241.63836229441756,1371,True
7105,143,2,Round Robin,-255.24104773742064,977,True
7105,143,3,Priority,-281.5381109050132,171,True
7105,144,0,FCFS,0.0,0,False
7105,144,1,SJF,0.0,0,False
7105,144,2,Round Robin,0.0,0,False
7105,144,3,Priority,0.0,0,False
7105,145,0,FCFS,0.0,0,False
7105,145,1,SJF,0.0,0,False
7105,145,2,Round Robin,-37.610764143550014,13,True
7105,145,3,Priority,-39.83823978109639,10,True
7105,146,0,FCFS,-14.750032925964573,85,True
7105,146,1,SJF,-13.339808003817048,295,True
7105,146,2,Round Robin,-15.275688321872193,73,True
7105,146,3,Priority,-14.662224533643228,55,True
7105,147,0,FCFS,-74.44214715647902,36,True
7105,147,1,SJF,-70.32625008397711,167,True
7105,147,2,Round Robin,-72.92876211780296,80,True
7105,147,3,Priority,-73.75330833751848,27,True
7105,148,0,FCFS,-17.45673873669054,85,True
7105,148,1,SJF,-16.830031138916475,190,True
7105,148,2,Round Robin,-17.392849250784113,54,True
7105,148,3,Priority,-17.332678838859607,42,True
7105,149,0,FCFS,-69.44586102665163,148,True
7105,149,1,SJF,-64.59200916360086,248,True
7105,149,2,Round Robin,-52.078543146796804,394,True
7105,149,3,Priority,-66.92551718632261,188,True
7105,150,0,FCFS,0.0,0,False
7105,150,1,SJF,0.0,0,False
7105,150,2,Round Robin,0.0,0,False
7105,150,3,Priority,0.0,0,False
7105,151,0,FCFS,-33.44092686495387,6,True
7105,151,1,SJF,0.0,0,False
7105,151,2,Round Robin,0.0,0,False
7105,151,3,Priority,0.0,0,False
7105,152,0,FCFS,0.0,0,False
7105,152,1,SJF,0.0,0,False
7105,152,2,Round Robin,0.0,0,False
7105,152,3,Priority,0.0,0,False
7105,153,0,FCFS,-92.14521671420263,23,True
7105,153,1,SJF,-89.33506312196627,58,True
7105,153,2,Round Robin,-79.48792185750679,43,True
7105,153,3,Priority,-79.50331297593665,29,True
7105,154,0,FCFS,0.0,0,False
7105,154,1,SJF,0.0,0,False
7105,154,2,Round Robin,0.0,0,False
7105,154,3,Priority,0.0,0,False
7105,155,0,FCFS,-110.72996547078594,398,True
7105,155,1,SJF,-109.94683339608967,536,True
7105,155,2,Round Robin,-89.71798857768967,7297,True
7105,155,3,Priority,-113.84065891384259,420,True
7105,156,0,FCFS,0.0,0,False
7105,156,1,SJF,0.0,0,False
7105,156,2,Round Robin,0.0,0,False
7105,156,3,Priority,0.0,0,False
7105,157,0,FCFS,0.0,0,False
7105,157,1,SJF,0.0,0,False
7105,157,2,Round Robin,0.0,0,False
7105,157,3,Priority,0.0,0,False
7105,158,0,FCFS,0.0,0,False
7105,158,1,SJF,0.0,0,False
7105,158,2,Round Robin,0.0,0,False
7105,158,3,Priority,0.0,0,False
7105,159,0,FCFS,0.0,0,False
7105,159,1,SJF,-93.88692128020492,14,True
7105,159,2,Round Robin,0.0,0,False
7105,159,3,Priority,-102.37142850374514,7,True
7105,160,0,FCFS,0.0,0,False
7105,160,1,SJF,0.0,0,False
7105,160,2,Round Robin,0.0,0,False
7105,160,3,Priority,0.0,0,False
7105,161,0,FCFS,-192.29424120174713,1179,True
7105,161,1,SJF,-188.15335348255695,1482,True
7105,161,2,Round Robin,-178.7589672696171,23111,True
7105,161,3,Priority,-203.88601225174529,1187,True
