workload_name,workload_fingerprint,state_index,state_seen_in_training,state_burst_profile,state_burst_dispersion,state_offered_load,state_priority_spread,action,policy_name,greedy_action,greedy_policy_name,explored,epsilon,reward,learned,selector_policy_name,selector_workload_name,selector_workload_fingerprint,selector_num_processes,selector_total_waiting_time,selector_total_turnaround_time,selector_total_response_time,selector_avg_waiting_time,selector_avg_turnaround_time,selector_avg_response_time,selector_cpu_utilization,selector_throughput,selector_context_switches,selector_context_switches_per_process,selector_cpu_busy_time,selector_cpu_idle_time,selector_total_elapsed_time,training_seed,family,repetition,regime
short_jobs,95f0423017b8c3db,50,True,4.0,1.2164637261954017,9.55,1.4544949486180951,2,Round Robin,2,Round Robin,False,0.0,0.17846996085466846,False,Round Robin,short_jobs,95f0423017b8c3db,15,759,950,212,50.6,63.333333333333336,14.133333333333333,100.0,0.07853403141361257,51,3.4,191,0,191,42,short_jobs,0,selector
short_jobs,9ed4c47b1f825ada,50,True,4.0,1.0854676411574875,6.944444444444445,1.4360439485692011,2,Round Robin,2,Round Robin,False,0.0,-0.026333398108266126,False,Round Robin,short_jobs,9ed4c47b1f825ada,15,636,761,270,42.4,50.733333333333334,18.0,98.4251968503937,0.11811023622047244,38,2.533333333333333,125,2,127,42,short_jobs,1,selector
short_jobs,f47c4a63fc9e5706,23,True,3.0,1.02801333735159,4.823529411764706,1.3759844960366863,1,SJF,1,SJF,False,0.0,0.40173913916768295,False,SJF,short_jobs,f47c4a63fc9e5706,15,159,241,159,10.6,16.066666666666666,10.6,100.0,0.18292682926829268,14,0.9333333333333333,82,0,82,42,short_jobs,2,selector
short_jobs,8aae578486902ff4,23,True,3.0,1.5526791916478782,6.947368421052632,1.4079141387961918,1,SJF,1,SJF,False,0.0,0.22229661915386886,False,SJF,short_jobs,8aae578486902ff4,15,508,640,508,33.86666666666667,42.666666666666664,33.86666666666667,99.24812030075188,0.11278195488721804,14,0.9333333333333333,132,1,133,42,short_jobs,3,selector
short_jobs,888d30f3ac150573,22,True,3.0,1.5346745978296163,7.684210526315789,0.9797958971132713,1,SJF,1,SJF,False,0.0,0.276673768163903,False,SJF,short_jobs,888d30f3ac150573,15,427,573,427,28.466666666666665,38.2,28.466666666666665,99.31972789115646,0.10204081632653061,14,0.9333333333333333,146,1,147,42,short_jobs,4,selector
short_jobs,f151349ba400ae57,50,True,4.0,1.0604051900652696,9.052631578947368,1.4817407180595246,2,Round Robin,2,Round Robin,False,0.0,0.07346307385934617,False,Round Robin,short_jobs,f151349ba400ae57,15,855,1027,243,57.0,68.46666666666667,16.2,100.0,0.0872093023255814,46,3.066666666666667,172,0,172,42,short_jobs,5,selector
short_jobs,6cfaffcdf18150bb,23,True,3.0,1.0554915916292276,4.0,1.499629583893599,1,SJF,1,SJF,False,0.0,0.3263672781167898,False,SJF,short_jobs,6cfaffcdf18150bb,15,188,268,188,12.533333333333333,17.866666666666667,12.533333333333333,100.0,0.1875,14,0.9333333333333333,80,0,80,42,short_jobs,6,selector
short_jobs,e29fd65fb3d28ce0,49,True,4.0,1.3086567889287943,6.2105263157894735,1.2892719737209144,1,SJF,1,SJF,False,0.0,0.3390493319368988,False,SJF,short_jobs,e29fd65fb3d28ce0,15,216,334,216,14.4,22.266666666666666,14.4,100.0,0.1271186440677966,14,0.9333333333333333,118,0,118,42,short_jobs,7,selector
short_jobs,858178d40cf0797a,50,True,4.0,1.3603325794843708,8.31578947368421,1.6110727964792764,2,Round Robin,2,Round Robin,False,0.0,0.10248444920076563,False,Round Robin,short_jobs,858178d40cf0797a,15,694,852,294,46.266666666666666,56.8,19.6,100.0,0.0949367088607595,40,2.6666666666666665,158,0,158,42,short_jobs,8,selector
short_jobs,9af1af2f13accd91,22,True,3.0,1.180671089214646,8.666666666666666,1.3266499161421599,1,SJF,1,SJF,False,0.0,0.31685502946236693,False,SJF,short_jobs,9af1af2f13accd91,15,360,516,360,24.0,34.4,24.0,98.73417721518987,0.0949367088607595,14,0.9333333333333333,156,2,158,42,short_jobs,9,selector
short_jobs,87689d1955f8ced5,23,True,3.0,1.2828840318756787,6.555555555555555,1.3984117975602022,1,SJF,1,SJF,False,0.0,0.44431285434099205,False,SJF,short_jobs,87689d1955f8ced5,15,184,302,184,12.266666666666667,20.133333333333333,12.266666666666667,98.33333333333333,0.125,14,0.9333333333333333,118,2,120,42,short_jobs,10,selector
short_jobs,b032cf83f7d85ecd,23,True,3.0,1.0878565864408425,3.25,1.3662601021279464,1,SJF,1,SJF,False,0.0,0.37004119400513374,False,SJF,short_jobs,b032cf83f7d85ecd,15,123,188,123,8.2,12.533333333333333,8.2,100.0,0.23076923076923078,14,0.9333333333333333,65,0,65,42,short_jobs,11,selector
short_jobs,129f729a801dde68,23,True,2.0,1.680662082859342,5.611111111111111,1.6679994670929073,1,SJF,1,SJF,False,0.0,0.27642713413402775,False,SJF,short_jobs,129f729a801dde68,15,191,292,191,12.733333333333333,19.466666666666665,12.733333333333333,99.01960784313725,0.14705882352941177,14,0.9333333333333333,101,1,102,42,short_jobs,12,selector
short_jobs,851fdf601a0ab529,50,True,4.0,1.5214816290559117,6.2,1.4047538337136984,2,Round Robin,2,Round Robin,False,0.0,0.1568477434075911,False,Round Robin,short_jobs,851fdf601a0ab529,15,378,502,206,25.2,33.46666666666667,13.733333333333333,100.0,0.12096774193548387,29,1.9333333333333333,124,0,124,42,short_jobs,13,selector
short_jobs,acb30b3b0017ec27,50,True,4.0,1.3705536578421031,5.35,1.4544949486180951,2,Round Robin,2,Round Robin,False,0.0,0.06446625214888971,False,Round Robin,short_jobs,acb30b3b0017ec27,15,435,542,244,29.0,36.13333333333333,16.266666666666666,100.0,0.14018691588785046,28,1.8666666666666667,107,0,107,42,short_jobs,14,selector
short_jobs,071082051085c3d1,50,True,5.0,1.2964042820432216,8.533333333333333,1.632993161855452,2,Round Robin,2,Round Robin,False,0.0,0.0892363545811015,False,Round Robin,short_jobs,071082051085c3d1,15,618,746,269,41.2,49.733333333333334,17.933333333333334,99.2248062015504,0.11627906976744186,32,2.1333333333333333,128,1,129,42,short_jobs,15,selector
short_jobs,40074fe58424aebd,50,True,4.0,1.177276952269371,4.95,1.3888444437333105,2,Round Robin,2,Round Robin,False,0.0,0.05840598093844568,False,Round Robin,short_jobs,40074fe58424aebd,15,407,506,236,27.133333333333333,33.733333333333334,15.733333333333333,100.0,0.15151515151515152,30,2.0,99,0,99,42,short_jobs,16,selector
short_jobs,7f462a6727378d7e,49,True,4.0,1.2958982804163963,10.88888888888889,1.2220201853215573,1,SJF,1,SJF,False,0.0,0.5023523494194475,False,SJF,short_jobs,7f462a6727378d7e,15,388,584,388,25.866666666666667,38.93333333333333,25.866666666666667,99.49238578680203,0.07614213197969544,14,0.9333333333333333,196,1,197,42,short_jobs,17,selector
short_jobs,330ec9d992d25063,49,True,4.0,1.31762191422835,9.058823529411764,1.32664991614216,1,SJF,1,SJF,False,0.0,0.45176769125220995,False,SJF,short_jobs,330ec9d992d25063,15,299,453,299,19.933333333333334,30.2,19.933333333333334,100.0,0.09740259740259741,14,0.9333333333333333,154,0,154,42,short_jobs,18,selector
short_jobs,d2897294391879a2,22,True,3.0,1.3002197729170546,9.5,1.203698005684519,1,SJF,1,SJF,False,0.0,0.28926249116599556,False,SJF,short_jobs,d2897294391879a2,15,301,472,301,20.066666666666666,31.466666666666665,20.066666666666666,99.4186046511628,0.0872093023255814,14,0.9333333333333333,171,1,172,42,short_jobs,19,selector
short_jobs,ff11e4a551201e2f,50,True,4.0,1.4560267423493125,5.8125,1.436043948569201,2,Round Robin,2,Round Robin,False,0.0,0.10115696951385936,False,Round Robin,short_jobs,ff11e4a551201e2f,15,300,393,187,20.0,26.2,12.466666666666667,100.0,0.16129032258064516,25,1.6666666666666667,93,0,93,42,short_jobs,20,selector
short_jobs,8e0876ed88b1e4e5,23,True,3.0,1.6289816657094796,6.947368421052632,1.4544949486180951,1,SJF,1,SJF,False,0.0,0.35149826970326975,False,SJF,short_jobs,8e0876ed88b1e4e5,15,163,295,163,10.866666666666667,19.666666666666668,10.866666666666667,99.24812030075188,0.11278195488721804,14,0.9333333333333333,132,1,133,42,short_jobs,21,selector
short_jobs,11d55cc97bc5ca4b,23,True,3.0,1.9018905068378673,5.0,1.4142135623730951,1,SJF,1,SJF,False,0.0,0.4515106768595513,False,SJF,short_jobs,11d55cc97bc5ca4b,15,124,204,124,8.266666666666667,13.6,8.266666666666667,96.3855421686747,0.18072289156626506,14,0.9333333333333333,80,3,83,42,short_jobs,22,selector
short_jobs,4b3e10522e85228a,23,True,3.0,1.8270870465823832,3.95,1.3888444437333105,1,SJF,1,SJF,False,0.0,0.3164540630119733,False,SJF,short_jobs,4b3e10522e85228a,15,99,178,99,6.6,11.866666666666667,6.6,100.0,0.189873417721519,14,0.9333333333333333,79,0,79,42,short_jobs,23,selector
short_jobs,b507ae57fcb817a7,49,True,4.0,1.5591349436382007,6.611111111111111,1.1925695879998877,1,SJF,1,SJF,False,0.0,0.417951793133412,False,SJF,short_jobs,b507ae57fcb817a7,15,180,299,180,12.0,19.933333333333334,12.0,100.0,0.12605042016806722,14,0.9333333333333333,119,0,119,42,short_jobs,24,selector
short_jobs,31045c4827ac055d,40,True,5.0,0.8726846222464804,5.111111111111111,1.3097921802925665,1,SJF,1,SJF,False,0.0,0.28473295542019783,False,SJF,short_jobs,31045c4827ac055d,15,253,345,253,16.866666666666667,23.0,16.866666666666667,100.0,0.16304347826086957,14,0.9333333333333333,92,0,92,42,short_jobs,25,selector
short_jobs,1ea77f7be4e68a9e,49,True,4.0,1.3016588990219786,7.95,1.2110601416389966,1,SJF,1,SJF,False,0.0,0.18670808292544513,False,SJF,short_jobs,1ea77f7be4e68a9e,15,746,905,746,49.733333333333334,60.333333333333336,49.733333333333334,100.0,0.09433962264150944,14,0.9333333333333333,159,0,159,42,short_jobs,26,selector
short_jobs,13c10c7d9c6c4840,14,True,3.0,0.5809032274577083,3.0,1.339983416149452,1,SJF,1,SJF,False,0.0,0.18761779430207592,False,SJF,short_jobs,13c10c7d9c6c4840,15,161,215,161,10.733333333333333,14.333333333333334,10.733333333333333,96.42857142857143,0.26785714285714285,14,0.9333333333333333,54,2,56,42,short_jobs,27,selector
short_jobs,0a62ba28871c44b2,49,True,4.0,1.4134341665782275,9.166666666666666,1.2892719737209144,1,SJF,1,SJF,False,0.0,0.3787944131240569,False,SJF,short_jobs,0a62ba28871c44b2,15,305,470,305,20.333333333333332,31.333333333333332,20.333333333333332,99.39759036144578,0.09036144578313253,14,0.9333333333333333,165,1,166,42,short_jobs,28,selector
short_jobs,a63207f84a301b24,5,True,3.0,0.4401949866792872,3.0,1.5434449203720302,1,SJF,1,SJF,False,0.0,0.1775409010814984,False,SJF,short_jobs,a63207f84a301b24,15,143,194,143,9.533333333333333,12.933333333333334,9.533333333333333,100.0,0.29411764705882354,14,0.9333333333333333,51,0,51,42,short_jobs,29,selector
long_jobs,e0bfbf512afafa04,71,True,21.0,0.8181375877112818,18.055555555555557,1.6275407487644937,1,SJF,1,SJF,False,0.0,0.3303867276841847,False,SJF,long_jobs,e0bfbf512afafa04,15,1139,1464,1139,75.93333333333334,97.6,75.93333333333334,99.38837920489297,0.045871559633027525,14,0.9333333333333333,325,2,327,42,long_jobs,0,selector
long_jobs,d74d5ff8dc2cef25,71,True,21.0,0.582346240276532,17.833333333333332,1.339983416149452,1,SJF,1,SJF,False,0.0,0.17513583665503923,False,SJF,long_jobs,d74d5ff8dc2cef25,15,1417,1738,1417,94.46666666666667,115.86666666666666,94.46666666666667,99.68944099378882,0.046583850931677016,14,0.9333333333333333,321,1,322,42,long_jobs,1,selector
long_jobs,64488c735ec2696e,71,True,31.0,0.7414234487612708,20.125,1.339983416149452,1,SJF,1,SJF,False,0.0,0.2927317626093098,False,SJF,long_jobs,64488c735ec2696e,15,1322,1644,1322,88.13333333333334,109.6,88.13333333333334,99.07692307692308,0.046153846153846156,14,0.9333333333333333,322,3,325,42,long_jobs,2,selector
long_jobs,3472f6a613a43562,70,True,34.0,0.5899484856207994,31.384615384615383,1.0873004286866725,1,SJF,1,SJF,False,0.0,0.18192990500429507,False,SJF,long_jobs,3472f6a613a43562,15,1977,2385,1977,131.8,159.0,131.8,98.78934624697337,0.03631961259079903,14,0.9333333333333333,408,5,413,42,long_jobs,3,selector
long_jobs,102b611d19a05ee1,70,True,24.0,0.6050039094685321,18.1,1.2578641509408803,1,SJF,1,SJF,False,0.0,0.2742274824616552,False,SJF,long_jobs,102b611d19a05ee1,15,1522,1884,1522,101.46666666666667,125.6,101.46666666666667,100.0,0.04143646408839779,14,0.9333333333333333,362,0,362,42,long_jobs,4,selector
long_jobs,e6af6f1776fab86e,70,True,25.0,0.5714102449492917,20.35,1.1469767022723503,1,SJF,1,SJF,False,0.0,0.2512985843714794,False,SJF,long_jobs,e6af6f1776fab86e,15,1785,2192,1785,119.0,146.13333333333333,119.0,100.0,0.036855036855036855,14,0.9333333333333333,407,0,407,42,long_jobs,5,selector
long_jobs,aa96aaa6c84e9732,71,True,32.0,0.6900329099445685,21.294117647058822,1.3888444437333105,1,SJF,1,SJF,False,0.0,0.27703694899403414,False,SJF,long_jobs,aa96aaa6c84e9732,15,1514,1876,1514,100.93333333333334,125.06666666666666,100.93333333333334,99.72451790633609,0.04132231404958678,14,0.9333333333333333,362,1,363,42,long_jobs,6,selector
long_jobs,1931339b04e85a70,70,True,22.0,0.7641041905518905,17.352941176470587,1.2543258481484518,1,SJF,1,SJF,False,0.0,0.12711556165991655,False,SJF,long_jobs,1931339b04e85a70,15,1324,1619,1324,88.26666666666667,107.93333333333334,88.26666666666667,99.66216216216216,0.05067567567567568,14,0.9333333333333333,295,1,296,42,long_jobs,7,selector
long_jobs,dbabe2a11d8e36ea,71,True,25.0,0.639559896241083,16.789473684210527,1.6275407487644937,1,SJF,1,SJF,False,0.0,0.20859163464961128,False,SJF,long_jobs,dbabe2a11d8e36ea,15,1441,1760,1441,96.06666666666666,117.33333333333333,96.06666666666666,99.6875,0.046875,14,0.9333333333333333,319,1,320,42,long_jobs,8,selector
long_jobs,8844b78e67731f5d,70,True,25.0,0.5808634467325345,16.842105263157894,1.2754084313139327,1,SJF,1,SJF,False,0.0,0.260144534906893,False,SJF,long_jobs,8844b78e67731f5d,15,1342,1662,1342,89.46666666666667,110.8,89.46666666666667,100.0,0.046875,14,0.9333333333333333,320,0,320,42,long_jobs,9,selector
long_jobs,a791edf00a6c8e57,71,True,18.0,0.726484108503448,15.85,1.7204650534085255,1,SJF,1,SJF,False,0.0,0.29306297690669686,False,SJF,long_jobs,a791edf00a6c8e57,15,1184,1501,1184,78.93333333333334,100.06666666666666,78.93333333333334,100.0,0.0473186119873817,14,0.9333333333333333,317,0,317,42,long_jobs,10,selector
long_jobs,4928ed027eafc6e0,61,True,26.0,0.40560859642077696,25.75,1.2036980056845192,1,SJF,1,SJF,False,0.0,0.20778765837583463,False,SJF,long_jobs,4928ed027eafc6e0,15,2076,2488,2076,138.4,165.86666666666667,138.4,99.03846153846153,0.036057692307692304,14,0.9333333333333333,412,4,416,42,long_jobs,11,selector
long_jobs,3b7a82f8e3c01b11,71,True,21.0,0.6195796548382196,17.57894736842105,1.6193277068654826,1,SJF,1,SJF,False,0.0,0.1706605967538131,False,SJF,long_jobs,3b7a82f8e3c01b11,15,1724,2058,1724,114.93333333333334,137.2,114.93333333333334,100.0,0.04491017964071856,14,0.9333333333333333,334,0,334,42,long_jobs,12,selector
long_jobs,5d6abc83d6ea114a,70,True,20.0,0.5583829309560256,18.894736842105264,1.2036980056845192,1,SJF,1,SJF,False,0.0,0.2636911552484562,False,SJF,long_jobs,5d6abc83d6ea114a,15,1544,1903,1544,102.93333333333334,126.86666666666666,102.93333333333334,100.0,0.04178272980501393,14,0.9333333333333333,359,0,359,42,long_jobs,13,selector
long_jobs,4e00a5408cdb7dbf,71,True,26.0,0.609458701815078,21.055555555555557,1.4047538337136984,1,SJF,1,SJF,False,0.0,0.20489252333986485,False,SJF,long_jobs,4e00a5408cdb7dbf,15,1886,2265,1886,125.73333333333333,151.0,125.73333333333333,100.0,0.0395778364116095,14,0.9333333333333333,379,0,379,42,long_jobs,14,selector
long_jobs,99703a93f8364ea2,70,True,24.0,0.5868404284523279,18.31578947368421,1.0624918300339485,1,SJF,1,SJF,False,0.0,0.24274179667723775,False,SJF,long_jobs,99703a93f8364ea2,15,1487,1835,1487,99.13333333333334,122.33333333333333,99.13333333333334,99.7134670487106,0.04297994269340974,14,0.9333333333333333,348,1,349,42,long_jobs,15,selector
long_jobs,3eb0d8eb11b59aa8,62,True,30.0,0.4985099972129857,20.7,1.5260697523012796,1,SJF,1,SJF,False,0.0,0.22717647347262254,False,SJF,long_jobs,3eb0d8eb11b59aa8,15,2079,2493,2079,138.6,166.2,138.6,100.0,0.036231884057971016,14,0.9333333333333333,414,0,414,42,long_jobs,16,selector
long_jobs,18041ee30c6addce,71,True,24.0,0.591350525945982,24.933333333333334,1.4605934866804429,1,SJF,1,SJF,False,0.0,0.23666134417346668,False,SJF,long_jobs,18041ee30c6addce,15,1619,1993,1619,107.93333333333334,132.86666666666667,107.93333333333334,100.0,0.040106951871657755,14,0.9333333333333333,374,0,374,42,long_jobs,17,selector
long_jobs,031d0efb109dfa45,71,True,19.0,0.5533011632695446,17.263157894736842,1.4817407180595246,1,SJF,1,SJF,False,0.0,0.24529021156493996,False,SJF,long_jobs,031d0efb109dfa45,15,1404,1732,1404,93.6,115.46666666666667,93.6,100.0,0.04573170731707317,14,0.9333333333333333,328,0,328,42,long_jobs,18,selector
long_jobs,9d12fb417782d237,70,True,22.0,0.7597484121395146,19.058823529411764,1.3266499161421599,1,SJF,1,SJF,False,0.0,0.29271685378249057,False,SJF,long_jobs,9d12fb417782d237,15,1107,1431,1107,73.8,95.4,73.8,100.0,0.046296296296296294,14,0.9333333333333333,324,0,324,42,long_jobs,19,selector
long_jobs,840ac60f467fc070,71,True,16.0,0.7763736225665732,16.27777777777778,1.4236104336041748,1,SJF,1,SJF,False,0.0,0.1929443289871503,False,SJF,long_jobs,840ac60f467fc070,15,1202,1495,1202,80.13333333333334,99.66666666666667,80.13333333333334,99.32203389830508,0.05084745762711865,14,0.9333333333333333,293,2,295,42,long_jobs,20,selector
long_jobs,e4223c26142596b7,71,True,15.0,0.6713835000339698,15.85,1.8208667044996885,1,SJF,1,SJF,False,0.0,0.27573021863595076,False,SJF,long_jobs,e4223c26142596b7,15,1298,1615,1298,86.53333333333333,107.66666666666667,86.53333333333333,100.0,0.0473186119873817,14,0.9333333333333333,317,0,317,42,long_jobs,21,selector
long_jobs,8f5aacd320a66e55,71,True,18.0,0.7786823917035942,18.166666666666668,1.4966629547095767,1,SJF,1,SJF,False,0.0,0.2641637198693849,False,SJF,long_jobs,8f5aacd320a66e55,15,1382,1709,1382,92.13333333333334,113.93333333333334,92.13333333333334,99.3920972644377,0.04559270516717325,14,0.9333333333333333,327,2,329,42,long_jobs,22,selector
long_jobs,be4f4d308e51d853,71,True,26.0,0.621079287190916,19.894736842105264,1.339983416149452,1,SJF,1,SJF,False,0.0,0.24074066359147372,False,SJF,long_jobs,be4f4d308e51d853,15,1684,2062,1684,112.26666666666667,137.46666666666667,112.26666666666667,100.0,0.03968253968253968,14,0.9333333333333333,378,0,378,42,long_jobs,23,selector
long_jobs,5362127c92d9cdb7,70,True,28.0,0.5798133120183872,20.77777777777778,1.2110601416389966,1,SJF,1,SJF,False,0.0,0.2588557682781568,False,SJF,long_jobs,5362127c92d9cdb7,15,1733,2107,1733,115.53333333333333,140.46666666666667,115.53333333333333,100.0,0.040106951871657755,14,0.9333333333333333,374,0,374,42,long_jobs,24,selector
long_jobs,f601d8a857032dfb,68,True,16.0,0.7080419476745,10.1,1.4696938456699067,0,FCFS,0,FCFS,False,0.0,-0.06913187963066797,False,FCFS,long_jobs,f601d8a857032dfb,15,1073,1275,1073,71.53333333333333,85.0,71.53333333333333,100.0,0.07425742574257425,14,0.9333333333333333,202,0,202,42,long_jobs,25,selector
long_jobs,cee23b39ae9006e2,71,True,15.0,0.7879233681469424,16.0,1.4047538337136984,1,SJF,1,SJF,False,0.0,0.3251126350929774,False,SJF,long_jobs,cee23b39ae9006e2,15,1079,1383,1079,71.93333333333334,92.2,71.93333333333334,99.67213114754098,0.04918032786885246,14,0.9333333333333333,304,1,305,42,long_jobs,26,selector
long_jobs,5f35d2c6ce3a0ed7,70,True,32.0,0.5517627649274013,22.0,1.0624918300339483,1,SJF,1,SJF,False,0.0,0.24055450122063912,False,SJF,long_jobs,5f35d2c6ce3a0ed7,15,1995,2435,1995,133.0,162.33333333333334,133.0,100.0,0.03409090909090909,14,0.9333333333333333,440,0,440,42,long_jobs,27,selector
long_jobs,86c433c78703fab9,71,True,25.0,0.6420490569586346,19.77777777777778,1.4817407180595246,1,SJF,1,SJF,False,0.0,0.2771533360001144,False,SJF,long_jobs,86c433c78703fab9,15,1416,1772,1416,94.4,118.13333333333334,94.4,100.0,0.042134831460674156,14,0.9333333333333333,356,0,356,42,long_jobs,28,selector
long_jobs,09bcee6b65c35c45,71,True,19.0,0.6995854528745751,19.88888888888889,1.359738536958076,1,SJF,1,SJF,False,0.0,0.31840796539238364,False,SJF,long_jobs,09bcee6b65c35c45,15,1403,1761,1403,93.53333333333333,117.4,93.53333333333333,99.44444444444444,0.041666666666666664,14,0.9333333333333333,358,2,360,42,long_jobs,29,selector
mixed,722883e78862e7f2,70,True,22.0,0.5392072096655366,20.736842105263158,1.0873004286866725,1,SJF,1,SJF,False,0.0,0.24090054675352693,False,SJF,mixed,722883e78862e7f2,15,1714,2108,1714,114.26666666666667,140.53333333333333,114.26666666666667,100.0,0.03807106598984772,14,0.9333333333333333,394,0,394,42,mixed,0,selector
mixed,b75e6ad6aaf42480,71,True,19.0,0.6028403418005401,16.57894736842105,1.4452988925785866,1,SJF,1,SJF,False,0.0,0.21709308566753732,False,SJF,mixed,b75e6ad6aaf42480,15,1279,1594,1279,85.26666666666667,106.26666666666667,85.26666666666667,100.0,0.047619047619047616,14,0.9333333333333333,315,0,315,42,mixed,1,selector
mixed,510bd6de6c064f8a,62,True,27.0,0.4231615675318558,25.705882352941178,1.3888444437333107,1,SJF,1,SJF,False,0.0,0.20492509829186506,False,SJF,mixed,510bd6de6c064f8a,15,2286,2723,2286,152.4,181.53333333333333,152.4,99.54441913439635,0.03416856492027335,14,0.9333333333333333,437,2,439,42,mixed,2,selector
mixed,8629b565d0cb702c,62,True,34.0,0.39774270730890293,29.875,1.569146972791976,1,SJF,1,SJF,False,0.0,0.19049094616767193,False,SJF,mixed,8629b565d0cb702c,15,2514,2992,2514,167.6,199.46666666666667,167.6,99.58333333333333,0.03125,14,0.9333333333333333,478,2,480,42,mixed,3,selector
mixed,aced4a876bf75dfb,62,True,25.0,0.39515762233263596,22.1,1.4142135623730951,1,SJF,1,SJF,False,0.0,0.22031262595669304,False,SJF,mixed,aced4a876bf75dfb,15,2220,2662,2220,148.0,177.46666666666667,148.0,100.0,0.033936651583710405,14,0.9333333333333333,442,0,442,42,mixed,4,selector
mixed,1c2cd5ef3f0bec1f,71,True,22.0,0.6710899209422423,22.933333333333334,1.3888444437333105,1,SJF,1,SJF,False,0.0,0.24878169759055405,False,SJF,mixed,1c2cd5ef3f0bec1f,15,1340,1684,1340,89.33333333333333,112.26666666666667,89.33333333333333,100.0,0.0436046511627907,14,0.9333333333333333,344,0,344,42,mixed,5,selector
mixed,f2eda125977624f1,61,True,30.0,0.39101478486557395,23.157894736842106,1.3097921802925667,1,SJF,1,SJF,False,0.0,0.18229997244832807,False,SJF,mixed,f2eda125977624f1,15,2268,2708,2268,151.2,180.53333333333333,151.2,99.77324263038548,0.034013605442176874,14,0.9333333333333333,440,1,441,42,mixed,6,selector
mixed,773f0fa17542f90b,71,True,27.0,0.5935505397279445,27.5,1.339983416149452,1,SJF,1,SJF,False,0.0,0.22256964354442793,False,SJF,mixed,773f0fa17542f90b,15,1694,2079,1694,112.93333333333334,138.6,112.93333333333334,98.97172236503856,0.038560411311053984,14,0.9333333333333333,385,4,389,42,mixed,7,selector
mixed,46430c6c61040ac1,62,True,32.0,0.48057755595195883,26.941176470588236,1.4360439485692011,1,SJF,1,SJF,False,0.0,0.24077662864905786,False,SJF,mixed,46430c6c61040ac1,15,2228,2686,2228,148.53333333333333,179.06666666666666,148.53333333333333,99.34924078091106,0.03253796095444685,14,0.9333333333333333,458,3,461,42,mixed,8,selector
mixed,d4f625c56f07ef34,62,True,34.0,0.45370707039322444,25.11111111111111,1.359738536958076,1,SJF,1,SJF,False,0.0,0.19842711939659358,False,SJF,mixed,d4f625c56f07ef34,15,2362,2814,2362,157.46666666666667,187.6,157.46666666666667,99.77924944812362,0.033112582781456956,14,0.9333333333333333,452,1,453,42,mixed,9,selector
mixed,43ae96e113538901,71,True,20.0,0.7340325910915815,15.9,1.359738536958076,1,SJF,1,SJF,False,0.0,0.2881758761829309,False,SJF,mixed,43ae96e113538901,15,1117,1435,1117,74.46666666666667,95.66666666666667,74.46666666666667,100.0,0.04716981132075472,14,0.9333333333333333,318,0,318,42,mixed,10,selector
mixed,c198799ac1d359b2,71,True,26.0,0.5018360604317863,20.65,1.398411797560202,1,SJF,1,SJF,False,0.0,0.21986730264318158,False,SJF,mixed,c198799ac1d359b2,15,2013,2426,2013,134.2,161.73333333333332,134.2,100.0,0.03631961259079903,14,0.9333333333333333,413,0,413,42,mixed,11,selector
mixed,d9be9a226f61d2ed,61,True,31.0,0.4425050802716075,23.944444444444443,1.2892719737209144,1,SJF,1,SJF,False,0.0,0.19416724986578393,False,SJF,mixed,d9be9a226f61d2ed,15,2171,2602,2171,144.73333333333332,173.46666666666667,144.73333333333332,99.76851851851852,0.034722222222222224,14,0.9333333333333333,431,1,432,42,mixed,12,selector
mixed,49ea52a3b9586acb,61,True,32.0,0.4158037014150982,25.944444444444443,1.2036980056845192,1,SJF,1,SJF,False,0.0,0.20866382396035793,False,SJF,mixed,49ea52a3b9586acb,15,2333,2800,2333,155.53333333333333,186.66666666666666,155.53333333333333,99.78632478632478,0.03205128205128205,14,0.9333333333333333,467,1,468,42,mixed,13,selector
mixed,4a982696cb1b8e33,71,True,29.0,0.5878453284474708,19.5,1.514375558880073,1,SJF,1,SJF,False,0.0,0.23534614461302156,False,SJF,mixed,4a982696cb1b8e33,15,1642,2032,1642,109.46666666666667,135.46666666666667,109.46666666666667,100.0,0.038461538461538464,14,0.9333333333333333,390,0,390,42,mixed,14,selector
mixed,1362fe1bb9c04fd1,62,True,35.0,0.36343965830866576,24.55,1.4360439485692011,1,SJF,1,SJF,False,0.0,0.18638246814958143,False,SJF,mixed,1362fe1bb9c04fd1,15,2675,3166,2675,178.33333333333334,211.06666666666666,178.33333333333334,100.0,0.03054989816700611,14,0.9333333333333333,491,0,491,42,mixed,15,selector
mixed,2e1ea10c4c378aec,70,True,14.0,0.7156934621405028,14.7,1.2364824660660938,1,SJF,1,SJF,False,0.0,0.23617980553785728,False,SJF,mixed,2e1ea10c4c378aec,15,1238,1532,1238,82.53333333333333,102.13333333333334,82.53333333333333,100.0,0.05102040816326531,14,0.9333333333333333,294,0,294,42,mixed,16,selector
mixed,aa8988b0a14cb5f1,71,True,28.0,0.6330245297508102,22.823529411764707,1.5260697523012796,1,SJF,1,SJF,False,0.0,0.28861025986503885,False,SJF,mixed,aa8988b0a14cb5f1,15,1622,2010,1622,108.13333333333334,134.0,108.13333333333334,99.48717948717949,0.038461538461538464,14,0.9333333333333333,388,2,390,42,mixed,17,selector
mixed,d80f064d2e9e9e01,70,True,23.0,0.6466286839993723,19.0,1.1469767022723503,1,SJF,1,SJF,False,0.0,0.26817952268657985,False,SJF,mixed,d80f064d2e9e9e01,15,1355,1697,1355,90.33333333333333,113.13333333333334,90.33333333333333,99.70845481049562,0.043731778425655975,14,0.9333333333333333,342,1,343,42,mixed,18,selector
mixed,d5ec1c5a801195c8,71,True,27.0,0.5211573066470477,21.31578947368421,1.3888444437333105,1,SJF,1,SJF,False,0.0,0.23933712011604613,False,SJF,mixed,d5ec1c5a801195c8,15,1807,2212,1807,120.46666666666667,147.46666666666667,120.46666666666667,100.0,0.037037037037037035,14,0.9333333333333333,405,0,405,42,mixed,19,selector
mixed,972ba109490d566a,61,True,39.0,0.4765644789783505,25.789473684210527,1.3266499161421599,1,SJF,1,SJF,False,0.0,0.23663670349249433,False,SJF,mixed,972ba109490d566a,15,2325,2815,2325,155.0,187.66666666666666,155.0,99.79633401221996,0.03054989816700611,14,0.9333333333333333,490,1,491,42,mixed,20,selector
mixed,f1521e2d12677fa8,71,True,26.0,0.5466517401417469,24.0,1.4079141387961918,1,SJF,1,SJF,False,0.0,0.23383827453665174,False,SJF,mixed,f1521e2d12677fa8,15,1710,2094,1710,114.0,139.6,114.0,100.0,0.0390625,14,0.9333333333333333,384,0,384,42,mixed,21,selector
mixed,5d0c26965ede8180,71,True,32.0,0.5486548953731308,21.789473684210527,1.4079141387961918,1,SJF,1,SJF,False,0.0,0.20167667656951394,False,SJF,mixed,5d0c26965ede8180,15,1808,2222,1808,120.53333333333333,148.13333333333333,120.53333333333333,100.0,0.036231884057971016,14,0.9333333333333333,414,0,414,42,mixed,22,selector
mixed,9ec8db5de3f9a928,61,True,24.0,0.48048869949545553,20.157894736842106,1.2036980056845192,1,SJF,1,SJF,False,0.0,0.24440723972229242,False,SJF,mixed,9ec8db5de3f9a928,15,1788,2171,1788,119.2,144.73333333333332,119.2,100.0,0.0391644908616188,14,0.9333333333333333,383,0,383,42,mixed,23,selector
mixed,653d28fdf4f65b91,62,True,29.0,0.49904254823868066,20.842105263157894,1.4236104336041748,1,SJF,1,SJF,False,0.0,0.24434647073028068,False,SJF,mixed,653d28fdf4f65b91,15,1837,2233,1837,122.46666666666667,148.86666666666667,122.46666666666667,99.74811083123426,0.037783375314861464,14,0.9333333333333333,396,1,397,42,mixed,24,selector
mixed,de0fb1b5b21a88e1,61,True,33.0,0.3671255417904113,27.941176470588236,1.1661903789690602,1,SJF,1,SJF,False,0.0,0.21237918189873112,False,SJF,mixed,de0fb1b5b21a88e1,15,2453,2928,2453,163.53333333333333,195.2,163.53333333333333,99.78991596638656,0.031512605042016806,14,0.9333333333333333,475,1,476,42,mixed,25,selector
mixed,b52e27932aa382cb,62,True,24.0,0.4884964140388087,17.7,1.349897115421106,1,SJF,1,SJF,False,0.0,0.19431422449927555,False,SJF,mixed,b52e27932aa382cb,15,1618,1972,1618,107.86666666666666,131.46666666666667,107.86666666666666,100.0,0.0423728813559322,14,0.9333333333333333,354,0,354,42,mixed,26,selector
mixed,91a451feb0b7850e,70,True,19.0,0.757382108751421,17.944444444444443,1.2578641509408806,1,SJF,1,SJF,False,0.0,0.2638883106364877,False,SJF,mixed,91a451feb0b7850e,15,1110,1433,1110,74.0,95.53333333333333,74.0,99.69135802469135,0.046296296296296294,14,0.9333333333333333,323,1,324,42,mixed,27,selector
mixed,e8bb625fe3a64e27,71,True,24.0,0.5833497308465366,22.0,1.339983416149452,1,SJF,1,SJF,False,0.0,0.21901486221748645,False,SJF,mixed,e8bb625fe3a64e27,15,1835,2231,1835,122.33333333333333,148.73333333333332,122.33333333333333,99.49748743718592,0.03768844221105527,14,0.9333333333333333,396,2,398,42,mixed,28,selector
mixed,4531602aff8b886f,70,True,21.0,0.7439751522168881,20.1875,1.3097921802925665,1,SJF,1,SJF,False,0.0,0.2743114947566033,False,SJF,mixed,4531602aff8b886f,15,1185,1508,1185,79.0,100.53333333333333,79.0,98.47560975609755,0.04573170731707317,14,0.9333333333333333,323,5,328,42,mixed,29,selector
cpu_bursty,502a1ddb29828a38,62,True,43.0,0.204692718010324,42.92857142857143,1.5577761927397231,1,SJF,1,SJF,False,0.0,0.16658076157283327,False,SJF,cpu_bursty,502a1ddb29828a38,15,3621,4222,3621,241.4,281.46666666666664,241.4,100.0,0.024958402662229616,14,0.9333333333333333,601,0,601,42,cpu_bursty,0,selector
cpu_bursty,69bc4a65f53b2b45,62,True,44.0,0.24737681853446197,41.92857142857143,1.4544949486180951,1,SJF,1,SJF,False,0.0,0.163310700259227,False,SJF,cpu_bursty,69bc4a65f53b2b45,15,3416,4003,3416,227.73333333333332,266.8666666666667,227.73333333333332,100.0,0.02555366269165247,14,0.9333333333333333,587,0,587,42,cpu_bursty,1,selector
cpu_bursty,d4ccb4d832518c7b,62,True,34.0,0.2588787516201015,34.4,1.4544949486180951,1,SJF,1,SJF,False,0.0,0.17305301529401054,False,SJF,cpu_bursty,d4ccb4d832518c7b,15,2966,3482,2966,197.73333333333332,232.13333333333333,197.73333333333332,100.0,0.029069767441860465,14,0.9333333333333333,516,0,516,42,cpu_bursty,2,selector
cpu_bursty,4316278ccc60a7c1,61,True,31.0,0.26952760323178204,35.785714285714285,1.32664991614216,1,SJF,1,SJF,False,0.0,0.18691049897122414,False,SJF,cpu_bursty,4316278ccc60a7c1,15,2879,3380,2879,191.93333333333334,225.33333333333334,191.93333333333334,100.0,0.029940119760479042,14,0.9333333333333333,501,0,501,42,cpu_bursty,3,selector
cpu_bursty,ed9a92945c192593,62,True,35.0,0.2852475135597938,47.54545454545455,1.4696938456699067,1,SJF,1,SJF,False,0.0,0.18089854514776965,False,SJF,cpu_bursty,ed9a92945c192593,15,3008,3531,3008,200.53333333333333,235.4,200.53333333333333,100.0,0.028680688336520075,14,0.9333333333333333,523,0,523,42,cpu_bursty,4,selector
cpu_bursty,d3aedd7b716ad321,62,True,35.0,0.2359133630714015,39.76923076923077,1.4142135623730951,1,SJF,1,SJF,False,0.0,0.16545445922785662,False,SJF,cpu_bursty,d3aedd7b716ad321,15,3071,3588,3071,204.73333333333332,239.2,204.73333333333332,99.8069498069498,0.02895752895752896,14,0.9333333333333333,517,1,518,42,cpu_bursty,5,selector
cpu_bursty,466a385862790322,62,True,35.0,0.24038536554237686,39.285714285714285,1.5832456116050557,1,SJF,1,SJF,False,0.0,0.15490628244425064,False,SJF,cpu_bursty,466a385862790322,15,3349,3899,3349,223.26666666666668,259.93333333333334,223.26666666666668,100.0,0.02727272727272727,14,0.9333333333333333,550,0,550,42,cpu_bursty,6,selector
cpu_bursty,4498efd6d9007e6e,62,True,27.0,0.2845283926625452,37.916666666666664,1.5260697523012796,1,SJF,1,SJF,False,0.0,0.16020884495086438,False,SJF,cpu_bursty,4498efd6d9007e6e,15,2580,3035,2580,172.0,202.33333333333334,172.0,99.78070175438596,0.03289473684210526,14,0.9333333333333333,455,1,456,42,cpu_bursty,7,selector
cpu_bursty,ba87ed84a40f295d,61,True,32.0,0.25011096506000774,32.266666666666666,1.0749676997731399,1,SJF,1,SJF,False,0.0,0.16086152135235599,False,SJF,cpu_bursty,ba87ed84a40f295d,15,2760,3244,2760,184.0,216.26666666666668,184.0,100.0,0.030991735537190084,14,0.9333333333333333,484,0,484,42,cpu_bursty,8,selector
cpu_bursty,a7759c09d0bb185d,62,True,38.0,0.21630566648903102,38.642857142857146,1.540562667772179,1,SJF,1,SJF,False,0.0,0.16978409322753202,False,SJF,cpu_bursty,a7759c09d0bb185d,15,3244,3785,3244,216.26666666666668,252.33333333333334,216.26666666666668,99.81549815498155,0.027675276752767528,14,0.9333333333333333,541,1,542,42,cpu_bursty,9,selector
cpu_bursty,c351cd5432410b2a,61,True,40.0,0.21322938585299758,40.857142857142854,1.3266499161421599,1,SJF,1,SJF,False,0.0,0.1790207063895702,False,SJF,cpu_bursty,c351cd5432410b2a,15,3425,3997,3425,228.33333333333334,266.46666666666664,228.33333333333334,100.0,0.026223776223776224,14,0.9333333333333333,572,0,572,42,cpu_bursty,10,selector
cpu_bursty,659bc4e2f9474299,62,True,32.0,0.32197448470603945,34.6,1.5832456116050557,1,SJF,1,SJF,False,0.0,0.19684407208037102,False,SJF,cpu_bursty,659bc4e2f9474299,15,2851,3370,2851,190.06666666666666,224.66666666666666,190.06666666666666,100.0,0.028901734104046242,14,0.9333333333333333,519,0,519,42,cpu_bursty,11,selector
cpu_bursty,16082a57901fb1ff,61,True,34.0,0.22999670089065685,34.333333333333336,1.0873004286866725,1,SJF,1,SJF,False,0.0,0.15798992569777742,False,SJF,cpu_bursty,16082a57901fb1ff,15,3034,3549,3034,202.26666666666668,236.6,202.26666666666668,100.0,0.02912621359223301,14,0.9333333333333333,515,0,515,42,cpu_bursty,12,selector
cpu_bursty,eb05e9c1fe924f8a,61,True,36.0,0.2816986546177832,31.4,1.2578641509408806,1,SJF,1,SJF,False,0.0,0.16214190512657062,False,SJF,cpu_bursty,eb05e9c1fe924f8a,15,2640,3111,2640,176.0,207.4,176.0,100.0,0.03184713375796178,14,0.9333333333333333,471,0,471,42,cpu_bursty,13,selector
cpu_bursty,94f323487a0d32d9,62,True,43.0,0.18664921302495613,40.46666666666667,1.4966629547095764,1,SJF,1,SJF,False,0.0,0.15791534079820907,False,SJF,cpu_bursty,94f323487a0d32d9,15,3750,4357,3750,250.0,290.46666666666664,250.0,100.0,0.02471169686985173,14,0.9333333333333333,607,0,607,42,cpu_bursty,14,selector
cpu_bursty,a8f48e0d9d34baa6,62,True,34.0,0.2587650166534847,36.142857142857146,1.6918103387266028,1,SJF,1,SJF,False,0.0,0.15768251021691157,False,SJF,cpu_bursty,a8f48e0d9d34baa6,15,2906,3412,2906,193.73333333333332,227.46666666666667,193.73333333333332,99.80276134122288,0.029585798816568046,14,0.9333333333333333,506,1,507,42,cpu_bursty,15,selector
cpu_bursty,225dc27a48ed8f1d,61,True,32.0,0.24071558373942256,35.785714285714285,1.0873004286866725,1,SJF,1,SJF,False,0.0,0.13912595600076355,False,SJF,cpu_bursty,225dc27a48ed8f1d,15,3057,3558,3057,203.8,237.2,203.8,99.800796812749,0.029880478087649404,14,0.9333333333333333,501,1,502,42,cpu_bursty,16,selector
cpu_bursty,0d712022cae7109d,62,True,26.0,0.31085327124315154,33.142857142857146,1.3984117975602022,1,SJF,1,SJF,False,0.0,0.19131159595453656,False,SJF,cpu_bursty,0d712022cae7109d,15,2663,3127,2663,177.53333333333333,208.46666666666667,177.53333333333333,99.78494623655914,0.03225806451612903,14,0.9333333333333333,464,1,465,42,cpu_bursty,17,selector
cpu_bursty,4e541768a2b48f9e,61,True,31.0,0.2536291586414571,33.57142857142857,1.3165611772087666,1,SJF,1,SJF,False,0.0,0.16495166740093192,False,SJF,cpu_bursty,4e541768a2b48f9e,15,2682,3152,2682,178.8,210.13333333333333,178.8,99.78768577494692,0.03184713375796178,14,0.9333333333333333,470,1,471,42,cpu_bursty,18,selector
cpu_bursty,8de288dbd572c867,62,True,41.0,0.24149819473717132,41.76923076923077,1.505545305418162,1,SJF,1,SJF,False,0.0,0.1620824075193535,False,SJF,cpu_bursty,8de288dbd572c867,15,3252,3795,3252,216.8,253.0,216.8,100.0,0.027624309392265192,14,0.9333333333333333,543,0,543,42,cpu_bursty,19,selector
cpu_bursty,d5352b3dc94bbf43,61,True,28.0,0.2706230907090808,31.466666666666665,1.0873004286866728,1,SJF,1,SJF,False,0.0,0.15296287204137024,False,SJF,cpu_bursty,d5352b3dc94bbf43,15,2809,3281,2809,187.26666666666668,218.73333333333332,187.26666666666668,100.0,0.03177966101694915,14,0.9333333333333333,472,0,472,42,cpu_bursty,20,selector
cpu_bursty,82bf0a6799e80a72,62,True,29.0,0.2999284018693728,36.38461538461539,1.5832456116050557,1,SJF,1,SJF,False,0.0,0.19241361838755017,False,SJF,cpu_bursty,82bf0a6799e80a72,15,2644,3117,2644,176.26666666666668,207.8,176.26666666666668,99.78902953586498,0.03164556962025317,14,0.9333333333333333,473,1,474,42,cpu_bursty,21,selector
cpu_bursty,a43faebe1863fe62,62,True,40.0,0.2748362807583223,38.214285714285715,1.4360439485692011,1,SJF,1,SJF,False,0.0,0.1830741654860794,False,SJF,cpu_bursty,a43faebe1863fe62,15,3038,3573,3038,202.53333333333333,238.2,202.53333333333333,100.0,0.028037383177570093,14,0.9333333333333333,535,0,535,42,cpu_bursty,22,selector
cpu_bursty,657b4d10b9fe207e,62,True,32.0,0.2574597743289319,37.0,1.569146972791976,1,SJF,1,SJF,False,0.0,0.1587301991760074,False,SJF,cpu_bursty,657b4d10b9fe207e,15,2927,3445,2927,195.13333333333333,229.66666666666666,195.13333333333333,100.0,0.02895752895752896,14,0.9333333333333333,518,0,518,42,cpu_bursty,23,selector
cpu_bursty,92751dacc45cacda,62,True,34.0,0.2403771895761186,37.07142857142857,1.4142135623730951,1,SJF,1,SJF,False,0.0,0.15162101685225365,False,SJF,cpu_bursty,92751dacc45cacda,15,3090,3609,3090,206.0,240.6,206.0,99.8076923076923,0.028846153846153848,14,0.9333333333333333,519,1,520,42,cpu_bursty,24,selector
cpu_bursty,f44d081f2259ccbb,62,True,31.0,0.282972546180091,33.0,1.3888444437333105,1,SJF,1,SJF,False,0.0,0.14760654008409868,False,SJF,cpu_bursty,f44d081f2259ccbb,15,2970,3465,2970,198.0,231.0,198.0,100.0,0.030303030303030304,14,0.9333333333333333,495,0,495,42,cpu_bursty,25,selector
cpu_bursty,24df1938c28c575a,61,True,34.0,0.26089239863962843,33.8,1.0832051206181281,1,SJF,1,SJF,False,0.0,0.14436113774464762,False,SJF,cpu_bursty,24df1938c28c575a,15,3093,3600,3093,206.2,240.0,206.2,100.0,0.029585798816568046,14,0.9333333333333333,507,0,507,42,cpu_bursty,26,selector
cpu_bursty,5cf7170429fb625c,61,True,41.0,0.25468581598680534,37.0,1.1352924243950933,1,SJF,1,SJF,False,0.0,0.17821908633486738,False,SJF,cpu_bursty,5cf7170429fb625c,15,3210,3765,3210,214.0,251.0,214.0,100.0,0.02702702702702703,14,0.9333333333333333,555,0,555,42,cpu_bursty,27,selector
cpu_bursty,4ab605343923f534,61,True,42.0,0.2682063990226682,41.57142857142857,1.32664991614216,1,SJF,1,SJF,False,0.0,0.16224615377727547,False,SJF,cpu_bursty,4ab605343923f534,15,3493,4075,3493,232.86666666666667,271.6666666666667,232.86666666666667,100.0,0.02577319587628866,14,0.9333333333333333,582,0,582,42,cpu_bursty,28,selector
cpu_bursty,1f03188d081f29dc,62,True,32.0,0.2612286900139635,35.5,1.5577761927397231,1,SJF,1,SJF,False,0.0,0.16148438284610506,False,SJF,cpu_bursty,1f03188d081f29dc,15,2930,3427,2930,195.33333333333334,228.46666666666667,195.33333333333334,100.0,0.030181086519114688,14,0.9333333333333333,497,0,497,42,cpu_bursty,29,selector
priority_skewed,35fbde053c613bf7,70,True,26.0,0.5317981578186606,19.263157894736842,1.2649110640673518,1,SJF,1,SJF,False,0.0,0.24647169396889512,False,SJF,priority_skewed,35fbde053c613bf7,15,1833,2199,1833,122.2,146.6,122.2,99.7275204359673,0.04087193460490463,14,0.9333333333333333,366,1,367,42,priority_skewed,0,selector
priority_skewed,3f7ca7c520945e4f,70,True,14.0,0.6523890395640402,15.68421052631579,1.3165611772087666,1,SJF,1,SJF,False,0.0,0.23709554251946247,False,SJF,priority_skewed,3f7ca7c520945e4f,15,1252,1550,1252,83.46666666666667,103.33333333333333,83.46666666666667,99.66555183946488,0.05016722408026756,14,0.9333333333333333,298,1,299,42,priority_skewed,1,selector
priority_skewed,5908be7c9ee75e40,70,True,25.0,0.5016056416247386,23.3125,1.18133634311129,1,SJF,1,SJF,False,0.0,0.2315805107360529,False,SJF,priority_skewed,5908be7c9ee75e40,15,1730,2103,1730,115.33333333333333,140.2,115.33333333333333,99.20212765957447,0.0398936170212766,14,0.9333333333333333,373,3,376,42,priority_skewed,2,selector
priority_skewed,9894774b0f7fe0fb,70,True,32.0,0.5237006435365748,19.35,1.0110500592068732,1,SJF,1,SJF,False,0.0,0.2014130233815534,False,SJF,priority_skewed,9894774b0f7fe0fb,15,1769,2156,1769,117.93333333333334,143.73333333333332,117.93333333333334,100.0,0.03875968992248062,14,0.9333333333333333,387,0,387,42,priority_skewed,3,selector
priority_skewed,f54ae889b76dc3b6,70,True,28.0,0.6337498255291654,20.157894736842106,1.0110500592068732,1,SJF,1,SJF,False,0.0,0.244860924356164,False,SJF,priority_skewed,f54ae889b76dc3b6,15,1575,1958,1575,105.0,130.53333333333333,105.0,100.0,0.0391644908616188,14,0.9333333333333333,383,0,383,42,priority_skewed,4,selector
priority_skewed,bb7160c65ead26cf,60,True,37.0,0.46617347450636154,24.0,0.6110100926607789,0,FCFS,0,FCFS,False,0.0,-0.014123271427692347,False,FCFS,priority_skewed,bb7160c65ead26cf,15,3329,3809,3329,221.93333333333334,253.93333333333334,221.93333333333334,100.0,0.03125,14,0.9333333333333333,480,0,480,42,priority_skewed,5,selector
priority_skewed,0279351d4f0b0e2e,70,True,25.0,0.5042232694794615,20.61111111111111,1.2578641509408803,1,SJF,1,SJF,False,0.0,0.1989688616834055,False,SJF,priority_skewed,0279351d4f0b0e2e,15,2090,2461,2090,139.33333333333334,164.06666666666666,139.33333333333334,99.73118279569893,0.04032258064516129,14,0.9333333333333333,371,1,372,42,priority_skewed,6,selector
priority_skewed,1cb7bca831dabdc7,70,True,18.0,0.6076251161472485,20.41176470588235,0.8,1,SJF,1,SJF,False,0.0,0.2599835282156505,False,SJF,priority_skewed,1cb7bca831dabdc7,15,1463,1810,1463,97.53333333333333,120.66666666666667,97.53333333333333,99.14285714285714,0.04285714285714286,14,0.9333333333333333,347,3,350,42,priority_skewed,7,selector
priority_skewed,198fbf57c44583cd,60,True,24.0,0.4619506317657531,22.8125,0.573488351136175,0,FCFS,0,FCFS,False,0.0,-0.025809303079672413,False,FCFS,priority_skewed,198fbf57c44583cd,15,2723,3088,2723,181.53333333333333,205.86666666666667,181.53333333333333,100.0,0.0410958904109589,14,0.9333333333333333,365,0,365,42,priority_skewed,8,selector
priority_skewed,70ab9e261279dc10,70,True,24.0,0.5172817409634477,21.529411764705884,1.0110500592068732,1,SJF,1,SJF,False,0.0,0.19889868661857224,False,SJF,priority_skewed,70ab9e261279dc10,15,1899,2265,1899,126.6,151.0,126.6,99.1869918699187,0.04065040650406504,14,0.9333333333333333,366,3,369,42,priority_skewed,9,selector
priority_skewed,8b5ebfc8e5ca0973,71,True,20.0,0.5811452509182774,27.5,1.4452988925785866,1,SJF,1,SJF,False,0.0,0.2621937242345759,False,SJF,priority_skewed,8b5ebfc8e5ca0973,15,1708,2093,1708,113.86666666666666,139.53333333333333,113.86666666666666,98.97172236503856,0.038560411311053984,14,0.9333333333333333,385,4,389,42,priority_skewed,10,selector
priority_skewed,25dd80ccd4a42d52,70,True,28.0,0.6075889012040836,22.705882352941178,1.1234866364235145,1,SJF,1,SJF,False,0.0,0.23590423060973795,False,SJF,priority_skewed,25dd80ccd4a42d52,15,1826,2212,1826,121.73333333333333,147.46666666666667,121.73333333333333,99.48453608247422,0.03865979381443299,14,0.9333333333333333,386,2,388,42,priority_skewed,11,selector
priority_skewed,8181e55ce8a98718,71,True,29.0,0.5384607033248133,19.45,1.4544949486180951,1,SJF,1,SJF,False,0.0,0.2717845532024603,False,SJF,priority_skewed,8181e55ce8a98718,15,1757,2146,1757,117.13333333333334,143.06666666666666,117.13333333333334,100.0,0.038560411311053984,14,0.9333333333333333,389,0,389,42,priority_skewed,12,selector
priority_skewed,d1f8af7262127a0b,70,True,17.0,0.5955503895355692,16.3,0.7999999999999999,1,SJF,1,SJF,False,0.0,0.2685785664342662,False,SJF,priority_skewed,d1f8af7262127a0b,15,1372,1698,1372,91.46666666666667,113.2,91.46666666666667,100.0,0.046012269938650305,14,0.9333333333333333,326,0,326,42,priority_skewed,13,selector
priority_skewed,f494ef2693f38edc,70,True,33.0,0.5302463062345728,26.625,1.0624918300339483,1,SJF,1,SJF,False,0.0,0.23570063844999933,False,SJF,priority_skewed,f494ef2693f38edc,15,1928,2354,1928,128.53333333333333,156.93333333333334,128.53333333333333,99.3006993006993,0.03496503496503497,14,0.9333333333333333,426,3,429,42,priority_skewed,14,selector
priority_skewed,2a48875c283068f5,61,True,35.0,0.48296327378726894,22.55,1.3097921802925665,1,SJF,1,SJF,False,0.0,0.20164395815786984,False,SJF,priority_skewed,2a48875c283068f5,15,2110,2561,2110,140.66666666666666,170.73333333333332,140.66666666666666,100.0,0.03325942350332594,14,0.9333333333333333,451,0,451,42,priority_skewed,15,selector
priority_skewed,2e4cf99346e12dae,61,True,30.0,0.3081145002027244,29.733333333333334,0.8844332774281064,1,SJF,1,SJF,False,0.0,0.16899635709673233,False,SJF,priority_skewed,2e4cf99346e12dae,15,2446,2892,2446,163.06666666666666,192.8,163.06666666666666,98.89135254988913,0.03325942350332594,14,0.9333333333333333,446,5,451,42,priority_skewed,16,selector
priority_skewed,0d1830de9bdc488b,70,True,25.0,0.5539969724412128,19.35,1.2892719737209144,1,SJF,1,SJF,False,0.0,0.1793463841049387,False,SJF,priority_skewed,0d1830de9bdc488b,15,2027,2414,2027,135.13333333333333,160.93333333333334,135.13333333333333,100.0,0.03875968992248062,14,0.9333333333333333,387,0,387,42,priority_skewed,17,selector
priority_skewed,4280f057ee596fab,62,True,33.0,0.4879729982886589,22.36842105263158,1.4047538337136984,1,SJF,1,SJF,False,0.0,0.23731315598534836,False,SJF,priority_skewed,4280f057ee596fab,15,2054,2479,2054,136.93333333333334,165.26666666666668,136.93333333333334,100.0,0.03529411764705882,14,0.9333333333333333,425,0,425,42,priority_skewed,18,selector
priority_skewed,0bc149e2d356655d,61,True,38.0,0.43500982281642964,24.68421052631579,1.2649110640673518,1,SJF,1,SJF,False,0.0,0.19435736963287065,False,SJF,priority_skewed,0bc149e2d356655d,15,2404,2873,2404,160.26666666666668,191.53333333333333,160.26666666666668,100.0,0.031982942430703626,14,0.9333333333333333,469,0,469,42,priority_skewed,19,selector
priority_skewed,b53fedae77133a94,70,True,34.0,0.5209930941683871,24.58823529411765,0.9285592184789412,1,SJF,1,SJF,False,0.0,0.2372374350237349,False,SJF,priority_skewed,b53fedae77133a94,15,2038,2456,2038,135.86666666666667,163.73333333333332,135.86666666666667,100.0,0.03588516746411483,14,0.9333333333333333,418,0,418,42,priority_skewed,20,selector
priority_skewed,7f803e319de0f562,69,True,14.0,0.7618340711114553,15.421052631578947,0.5962847939999439,1,SJF,1,SJF,False,0.0,0.27704850941480264,False,SJF,priority_skewed,7f803e319de0f562,15,1005,1298,1005,67.0,86.53333333333333,67.0,99.65986394557824,0.05102040816326531,14,0.9333333333333333,293,1,294,42,priority_skewed,21,selector
priority_skewed,73083e47cf495896,62,True,35.0,0.4345426693509066,24.0,1.4817407180595246,1,SJF,1,SJF,False,0.0,0.22481889097027874,False,SJF,priority_skewed,73083e47cf495896,15,2193,2649,2193,146.2,176.6,146.2,99.78118161925602,0.03282275711159737,14,0.9333333333333333,456,1,457,42,priority_skewed,22,selector
priority_skewed,bd89fab927139e34,70,True,25.0,0.6324321853020127,24.125,0.8537498983243799,1,SJF,1,SJF,False,0.0,0.2358947633212863,False,SJF,priority_skewed,bd89fab927139e34,15,1674,2060,1674,111.6,137.33333333333334,111.6,99.48453608247422,0.03865979381443299,14,0.9333333333333333,386,2,388,42,priority_skewed,23,selector
priority_skewed,4559e6e6a28da756,71,True,20.0,0.5856620185738529,15.789473684210526,1.4996295838935991,1,SJF,1,SJF,False,0.0,0.23473479715824377,False,SJF,priority_skewed,4559e6e6a28da756,15,1369,1669,1369,91.26666666666667,111.26666666666667,91.26666666666667,99.66777408637874,0.04983388704318937,14,0.9333333333333333,300,1,301,42,priority_skewed,24,selector
priority_skewed,f605ffe81c8aff23,62,True,30.0,0.3937315199522659,22.666666666666668,1.3984117975602022,1,SJF,1,SJF,False,0.0,0.1863902434427696,False,SJF,priority_skewed,f605ffe81c8aff23,15,2064,2472,2064,137.6,164.8,137.6,99.75550122249389,0.03667481662591687,14,0.9333333333333333,408,1,409,42,priority_skewed,25,selector
priority_skewed,f204f3497648f00e,61,True,27.0,0.4519769516057953,22.77777777777778,0.8055363982396382,1,SJF,1,SJF,False,0.0,0.1947238983311972,False,SJF,priority_skewed,f204f3497648f00e,15,2149,2559,2149,143.26666666666668,170.6,143.26666666666668,100.0,0.036585365853658534,14,0.9333333333333333,410,0,410,42,priority_skewed,26,selector
priority_skewed,67d507b9db01e6f1,61,True,24.0,0.421898975889784,21.529411764705884,1.2036980056845192,1,SJF,1,SJF,False,0.0,0.20144146215376907,False,SJF,priority_skewed,67d507b9db01e6f1,15,1873,2239,1873,124.86666666666666,149.26666666666668,124.86666666666666,100.0,0.040983606557377046,14,0.9333333333333333,366,0,366,42,priority_skewed,27,selector
priority_skewed,d64ae2a649ad54fb,70,True,26.0,0.6343301951778834,20.823529411764707,1.0110500592068734,1,SJF,1,SJF,False,0.0,0.21133202009138052,False,SJF,priority_skewed,d64ae2a649ad54fb,15,1636,1990,1636,109.06666666666666,132.66666666666666,109.06666666666666,100.0,0.0423728813559322,14,0.9333333333333333,354,0,354,42,priority_skewed,28,selector
priority_skewed,874c8c3446282847,69,True,14.0,0.7024128009305876,16.235294117647058,0.6182412330330469,1,SJF,1,SJF,False,0.0,0.2475839163463261,False,SJF,priority_skewed,874c8c3446282847,15,1151,1427,1151,76.73333333333333,95.13333333333334,76.73333333333333,98.9247311827957,0.053763440860215055,14,0.9333333333333333,276,3,279,42,priority_skewed,29,selector
staggered_interactive,60dc6122b5b9cba1,18,True,2.0,1.6400991556302436,0.726027397260274,0.0,2,Round Robin,2,Round Robin,False,0.0,0.31488505275581025,False,Round Robin,staggered_interactive,60dc6122b5b9cba1,15,27,80,15,1.8,5.333333333333333,1.0,69.73684210526316,0.19736842105263158,19,1.2666666666666666,53,23,76,42,staggered_interactive,0,selector
staggered_interactive,e02acf0cf2351a88,18,True,2.0,2.2605760508402835,1.0144927536231885,0.0,2,Round Robin,2,Round Robin,False,0.0,0.4280109855042915,False,Round Robin,staggered_interactive,e02acf0cf2351a88,15,67,137,45,4.466666666666667,9.133333333333333,3.0,100.0,0.21428571428571427,23,1.5333333333333334,70,0,70,42,staggered_interactive,1,selector
staggered_interactive,2b9f1d4cba299f2c,18,True,2.0,1.8270242886944033,0.7761194029850746,0.0,2,Round Robin,2,Round Robin,False,0.0,0.45060541220570643,False,Round Robin,staggered_interactive,2b9f1d4cba299f2c,15,21,73,13,1.4,4.866666666666666,0.8666666666666667,75.3623188405797,0.21739130434782608,20,1.3333333333333333,52,17,69,42,staggered_interactive,2,selector
staggered_interactive,e6b0b2bfaa7695bd,18,True,2.0,1.9793483951048514,1.0793650793650793,0.0,2,Round Robin,2,Round Robin,False,0.0,0.3828077266515263,False,Round Robin,staggered_interactive,e6b0b2bfaa7695bd,15,89,157,62,5.933333333333334,10.466666666666667,4.133333333333334,100.0,0.22058823529411764,22,1.4666666666666666,68,0,68,42,staggered_interactive,3,selector
staggered_interactive,056a96b35ab222ac,18,True,2.0,2.0677897432951413,0.9393939393939394,0.0,2,Round Robin,2,Round Robin,False,0.0,0.46908890186820795,False,Round Robin,staggered_interactive,056a96b35ab222ac,15,40,102,26,2.6666666666666665,6.8,1.7333333333333334,91.17647058823529,0.22058823529411764,22,1.4666666666666666,62,6,68,42,staggered_interactive,4,selector
staggered_interactive,f4cb447c8b03b3c9,18,True,2.0,1.8716628297262787,0.9253731343283582,0.0,2,Round Robin,2,Round Robin,False,0.0,0.35654905382203084,False,Round Robin,staggered_interactive,f4cb447c8b03b3c9,15,60,122,40,4.0,8.133333333333333,2.6666666666666665,89.85507246376811,0.21739130434782608,21,1.4,62,7,69,42,staggered_interactive,5,selector
staggered_interactive,c3234f17841a5c7c,18,True,2.0,2.3728911152638164,0.9859154929577465,0.0,2,Round Robin,2,Round Robin,False,0.0,0.4754504940017105,False,Round Robin,staggered_interactive,c3234f17841a5c7c,15,50,120,32,3.3333333333333335,8.0,2.1333333333333333,94.5945945945946,0.20270270270270271,24,1.6,70,4,74,42,staggered_interactive,6,selector
staggered_interactive,db4e7e7ee77274d6,18,True,3.0,2.1133840915092006,1.1095890410958904,0.0,2,Round Robin,2,Round Robin,False,0.0,0.4498723858723859,False,Round Robin,staggered_interactive,db4e7e7ee77274d6,15,80,161,47,5.333333333333333,10.733333333333333,3.1333333333333333,100.0,0.18518518518518517,24,1.6,81,0,81,42,staggered_interactive,7,selector
staggered_interactive,06d6c7bae4c69388,18,True,2.0,2.1701074607457973,0.9850746268656716,0.0,2,Round Robin,2,Round Robin,False,0.0,0.4323094324107273,False,Round Robin,staggered_interactive,06d6c7bae4c69388,15,65,131,45,4.333333333333333,8.733333333333333,3.0,97.05882352941177,0.22058823529411764,22,1.4666666666666666,66,2,68,42,staggered_interactive,8,selector
staggered_interactive,c51a802b1fe7d36d,18,True,2.0,1.8083195323974133,0.9014084507042254,0.0,2,Round Robin,2,Round Robin,False,0.0,0.4174513574738018,False,Round Robin,staggered_interactive,c51a802b1fe7d36d,15,40,104,23,2.6666666666666665,6.933333333333334,1.5333333333333334,86.48648648648648,0.20270270270270271,21,1.4,64,10,74,42,staggered_interactive,9,selector
staggered_interactive,ef785d44e1bf6b71,18,True,2.0,1.8123463729790632,0.8611111111111112,0.0,2,Round Robin,2,Round Robin,False,0.0,0.3310809595947591,False,Round Robin,staggered_interactive,ef785d44e1bf6b71,15,58,120,38,3.8666666666666667,8.0,2.533333333333333,84.93150684931507,0.2054794520547945,20,1.3333333333333333,62,11,73,42,staggered_interactive,10,selector
staggered_interactive,1893024cca6554ff,18,True,1.0,1.9741122920350263,0.782608695652174,0.0,2,Round Robin,2,Round Robin,False,0.0,0.3882932268239789,False,Round Robin,staggered_interactive,1893024cca6554ff,15,38,92,24,2.533333333333333,6.133333333333334,1.6,75.0,0.20833333333333334,20,1.3333333333333333,54,18,72,42,staggered_interactive,11,selector
staggered_interactive,6b1bcd52e4afef2c,18,True,1.0,2.1600271612020654,0.8153846153846154,0.0,2,Round Robin,2,Round Robin,False,0.0,0.4020520534549314,False,Round Robin,staggered_interactive,6b1bcd52e4afef2c,15,37,90,26,2.466666666666667,6.0,1.7333333333333334,80.3030303030303,0.22727272727272727,20,1.3333333333333333,53,13,66,42,staggered_interactive,12,selector
staggered_interactive,cb85e8602eded520,18,True,2.0,1.7123759531594336,0.7971014492753623,0.0,2,Round Robin,2,Round Robin,False,0.0,0.44922796498381107,False,Round Robin,staggered_interactive,cb85e8602eded520,15,21,76,10,1.4,5.066666666666666,0.6666666666666666,76.38888888888889,0.20833333333333334,20,1.3333333333333333,55,17,72,42,staggered_interactive,13,selector
staggered_interactive,8de62b1b34a0b16a,18,True,1.0,2.0762330797993016,0.7638888888888888,0.0,2,Round Robin,2,Round Robin,False,0.0,0.4400782891086872,False,Round Robin,staggered_interactive,8de62b1b34a0b16a,15,35,90,21,2.3333333333333335,6.0,1.4,75.34246575342466,0.2054794520547945,20,1.3333333333333333,55,18,73,42,staggered_interactive,14,selector
staggered_interactive,f4c67d52f9f70e50,18,True,3.0,1.7833473775045787,0.8591549295774648,0.0,2,Round Robin,2,Round Robin,False,0.0,0.39056662627112726,False,Round Robin,staggered_interactive,f4c67d52f9f70e50,15,38,99,24,2.533333333333333,6.6,1.6,83.56164383561644,0.2054794520547945,20,1.3333333333333333,61,12,73,42,staggered_interactive,15,selector
staggered_interactive,e0e97f92f0ddb894,18,True,2.0,2.235728524987566,1.0694444444444444,0.0,2,Round Robin,2,Round Robin,False,0.0,0.47348238288528927,False,Round Robin,staggered_interactive,e0e97f92f0ddb894,15,68,145,42,4.533333333333333,9.666666666666666,2.8,100.0,0.19480519480519481,24,1.6,77,0,77,42,staggered_interactive,16,selector
staggered_interactive,3bd4143ea7cbec5e,18,True,2.0,1.8970412309959852,0.7397260273972602,0.0,2,Round Robin,2,Round Robin,False,0.0,0.3991940139547757,False,Round Robin,staggered_interactive,3bd4143ea7cbec5e,15,25,79,16,1.6666666666666667,5.266666666666667,1.0666666666666667,71.05263157894737,0.19736842105263158,20,1.3333333333333333,54,22,76,42,staggered_interactive,17,selector
staggered_interactive,add72bbc9121389e,18,True,2.0,1.8563360093208843,0.8636363636363636,0.0,2,Round Robin,2,Round Robin,False,0.0,0.3709711585231091,False,Round Robin,staggered_interactive,add72bbc9121389e,15,37,94,23,2.466666666666667,6.266666666666667,1.5333333333333334,82.6086956521739,0.21739130434782608,20,1.3333333333333333,57,12,69,42,staggered_interactive,18,selector
staggered_interactive,5e44b7e00019c9ad,18,True,1.0,2.3943719010597264,1.0724637681159421,0.0,2,Round Robin,2,Round Robin,False,0.0,0.5187761316188032,False,Round Robin,staggered_interactive,5e44b7e00019c9ad,15,53,127,28,3.533333333333333,8.466666666666667,1.8666666666666667,100.0,0.20270270270270271,26,1.7333333333333334,74,0,74,42,staggered_interactive,19,selector
staggered_interactive,988f8e17eef797c4,18,True,2.0,1.8300580389800492,0.7428571428571429,0.0,2,Round Robin,2,Round Robin,False,0.0,0.356711368012267,False,Round Robin,staggered_interactive,988f8e17eef797c4,15,36,88,22,2.4,5.866666666666666,1.4666666666666666,71.23287671232876,0.2054794520547945,19,1.2666666666666666,52,21,73,42,staggered_interactive,20,selector
staggered_interactive,4337831fb0505d69,18,True,2.0,1.6085311464126493,0.8,0.0,2,Round Robin,2,Round Robin,False,0.0,0.4503103725403333,False,Round Robin,staggered_interactive,4337831fb0505d69,15,19,75,8,1.2666666666666666,5.0,0.5333333333333333,76.71232876712328,0.2054794520547945,20,1.3333333333333333,56,17,73,42,staggered_interactive,21,selector
staggered_interactive,5662fd17ab6c8e2b,18,True,2.0,2.2692695934010634,1.1176470588235294,0.0,2,Round Robin,2,Round Robin,False,0.0,0.4690487151219824,False,Round Robin,staggered_interactive,5662fd17ab6c8e2b,15,76,152,51,5.066666666666666,10.133333333333333,3.4,100.0,0.19736842105263158,24,1.6,76,0,76,42,staggered_interactive,22,selector
staggered_interactive,4cd5052469bf3814,18,True,2.0,2.0941555645043826,0.9,0.0,2,Round Robin,2,Round Robin,False,0.0,0.45368758274423604,False,Round Robin,staggered_interactive,4cd5052469bf3814,15,40,103,24,2.6666666666666665,6.866666666666666,1.6,86.3013698630137,0.2054794520547945,22,1.4666666666666666,63,10,73,42,staggered_interactive,23,selector
staggered_interactive,323a7bd2d2ab762c,18,True,3.0,1.7683770271233252,1.0,0.0,2,Round Robin,2,Round Robin,False,0.0,0.341693690393739,False,Round Robin,staggered_interactive,323a7bd2d2ab762c,15,69,140,47,4.6,9.333333333333334,3.1333333333333333,95.94594594594595,0.20270270270270271,21,1.4,71,3,74,42,staggered_interactive,24,selector
staggered_interactive,cc9c21447d78b1c8,18,True,2.0,1.7533037597843886,0.7297297297297297,0.0,2,Round Robin,2,Round Robin,False,0.0,0.40924174972021937,False,Round Robin,staggered_interactive,cc9c21447d78b1c8,15,25,79,15,1.6666666666666667,5.266666666666667,1.0,70.12987012987013,0.19480519480519481,19,1.2666666666666666,54,23,77,42,staggered_interactive,25,selector
staggered_interactive,90866cba98035a61,18,True,2.0,2.1115859001827078,1.1343283582089552,0.0,2,Round Robin,2,Round Robin,False,0.0,0.46027037413508193,False,Round Robin,staggered_interactive,90866cba98035a61,15,80,156,49,5.333333333333333,10.4,3.2666666666666666,100.0,0.19736842105263158,24,1.6,76,0,76,42,staggered_interactive,26,selector
staggered_interactive,e2e81f0a955e9e1b,18,True,2.0,1.8455551024337695,0.8472222222222222,0.0,2,Round Robin,2,Round Robin,False,0.0,0.42771630190350707,False,Round Robin,staggered_interactive,e2e81f0a955e9e1b,15,35,96,22,2.3333333333333335,6.4,1.4666666666666666,81.33333333333333,0.2,21,1.4,61,14,75,42,staggered_interactive,27,selector
staggered_interactive,15bea3ad529b4676,18,True,2.0,2.1296829341043537,0.8382352941176471,0.0,2,Round Robin,2,Round Robin,False,0.0,0.4603766644546153,False,Round Robin,staggered_interactive,15bea3ad529b4676,15,32,89,21,2.1333333333333333,5.933333333333334,1.4,81.42857142857143,0.21428571428571427,21,1.4,57,13,70,42,staggered_interactive,28,selector
staggered_interactive,22845fca3c640900,18,True,2.0,1.980986612392297,0.9714285714285714,0.0,2,Round Robin,2,Round Robin,False,0.0,0.43375365509984254,False,Round Robin,staggered_interactive,22845fca3c640900,15,66,134,39,4.4,8.933333333333334,2.6,95.77464788732394,0.2112676056338028,23,1.5333333333333334,68,3,71,42,staggered_interactive,29,selector
poisson_arrivals,7888caf575754b00,40,True,12.0,0.6422075401028012,8.263157894736842,1.236482466066094,1,SJF,1,SJF,False,0.0,0.21724683525465258,False,SJF,poisson_arrivals,7888caf575754b00,15,570,727,570,38.0,48.46666666666667,38.0,100.0,0.09554140127388536,14,0.9333333333333333,157,0,157,42,poisson_arrivals,0,selector
poisson_arrivals,e3888f74b7f9555d,41,True,8.0,0.610226369275643,4.787878787878788,1.4907119849998598,1,SJF,1,SJF,False,0.0,0.26964663999984084,False,SJF,poisson_arrivals,e3888f74b7f9555d,15,603,761,603,40.2,50.733333333333334,40.2,100.0,0.0949367088607595,14,0.9333333333333333,158,0,158,42,poisson_arrivals,1,selector
poisson_arrivals,4cb892f1d6eb864f,41,True,12.0,0.5060450991167658,4.184210526315789,1.5577761927397231,1,SJF,1,SJF,False,0.0,0.2265090002655697,False,SJF,poisson_arrivals,4cb892f1d6eb864f,15,545,704,545,36.333333333333336,46.93333333333333,36.333333333333336,99.375,0.09375,14,0.9333333333333333,159,1,160,42,poisson_arrivals,2,selector
poisson_arrivals,eb85699c1c5a7f5f,40,True,7.0,0.6153054713272649,5.4,1.2036980056845192,1,SJF,1,SJF,False,0.0,0.25144086302423174,False,SJF,poisson_arrivals,eb85699c1c5a7f5f,15,465,600,465,31.0,40.0,31.0,100.0,0.1111111111111111,14,0.9333333333333333,135,0,135,42,poisson_arrivals,3,selector
poisson_arrivals,76d5fac4483c71b8,41,True,7.0,0.5935634374189763,6.782608695652174,1.4605934866804429,1,SJF,1,SJF,False,0.0,0.19737431796549254,False,SJF,poisson_arrivals,76d5fac4483c71b8,15,512,668,512,34.13333333333333,44.53333333333333,34.13333333333333,100.0,0.09615384615384616,14,0.9333333333333333,156,0,156,42,poisson_arrivals,4,selector
poisson_arrivals,134d06a5e4c762d1,32,False,12.0,0.3764429264103815,7.708333333333333,1.4817407180595246,0,FCFS,0,FCFS,False,0.0,0.04127170187248571,False,FCFS,poisson_arrivals,134d06a5e4c762d1,15,1163,1348,1163,77.53333333333333,89.86666666666666,77.53333333333333,100.0,0.08108108108108109,14,0.9333333333333333,185,0,185,42,poisson_arrivals,5,selector
poisson_arrivals,d0470914f4412bc9,40,True,8.0,0.6723290616859425,3.764705882352941,1.0873004286866728,1,SJF,1,SJF,False,0.0,0.28788429326120163,False,SJF,poisson_arrivals,d0470914f4412bc9,15,368,496,368,24.533333333333335,33.06666666666667,24.533333333333335,100.0,0.1171875,14,0.9333333333333333,128,0,128,42,poisson_arrivals,6,selector
poisson_arrivals,f3c29878db8a2cc7,40,True,7.0,0.6370050869860271,5.074074074074074,1.2,1,SJF,1,SJF,False,0.0,0.2694767867780398,False,SJF,poisson_arrivals,f3c29878db8a2cc7,15,479,616,479,31.933333333333334,41.06666666666667,31.933333333333334,100.0,0.10948905109489052,14,0.9333333333333333,137,0,137,42,poisson_arrivals,7,selector
poisson_arrivals,bc85ed897cdefd4f,31,True,13.0,0.394312111896023,4.842105263157895,1.3063945294843615,0,FCFS,0,FCFS,False,0.0,-0.036778659362431326,False,FCFS,poisson_arrivals,bc85ed897cdefd4f,15,1101,1285,1101,73.4,85.66666666666667,73.4,100.0,0.08152173913043478,14,0.9333333333333333,184,0,184,42,poisson_arrivals,8,selector
poisson_arrivals,86ba4f452ff5a54c,67,True,14.0,0.5014596622958688,4.219512195121951,1.1925695879998877,1,SJF,1,SJF,False,0.0,0.18590556266477962,False,SJF,poisson_arrivals,86ba4f452ff5a54c,15,598,771,598,39.86666666666667,51.4,39.86666666666667,100.0,0.08670520231213873,14,0.9333333333333333,173,0,173,42,poisson_arrivals,9,selector
poisson_arrivals,a59973be4abafb1a,59,False,14.0,0.30747756717886177,5.8,1.339983416149452,0,FCFS,0,FCFS,False,0.0,0.03538137542878246,False,FCFS,poisson_arrivals,a59973be4abafb1a,15,1198,1401,1198,79.86666666666666,93.4,79.86666666666666,100.0,0.07389162561576355,14,0.9333333333333333,203,0,203,42,poisson_arrivals,10,selector
poisson_arrivals,d05fde16395c2f4d,40,True,9.0,0.5605224433629058,5.193548387096774,1.2649110640673518,1,SJF,1,SJF,False,0.0,0.26724323667450073,False,SJF,poisson_arrivals,d05fde16395c2f4d,15,618,779,618,41.2,51.93333333333333,41.2,100.0,0.09316770186335403,14,0.9333333333333333,161,0,161,42,poisson_arrivals,11,selector
poisson_arrivals,10d62453fa56fd4d,31,True,12.0,0.39391116279578386,6.233333333333333,1.1469767022723503,0,FCFS,0,FCFS,False,0.0,-0.00577685550312227,False,FCFS,poisson_arrivals,10d62453fa56fd4d,15,1105,1292,1105,73.66666666666667,86.13333333333334,73.66666666666667,100.0,0.08021390374331551,14,0.9333333333333333,187,0,187,42,poisson_arrivals,12,selector
poisson_arrivals,9832bdfe134f0ab5,41,True,8.0,0.5189838502696814,6.318181818181818,1.505545305418162,1,SJF,1,SJF,False,0.0,0.17791510132346988,False,SJF,poisson_arrivals,9832bdfe134f0ab5,15,538,677,538,35.86666666666667,45.13333333333333,35.86666666666667,98.58156028368795,0.10638297872340426,14,0.9333333333333333,139,2,141,42,poisson_arrivals,13,selector
poisson_arrivals,0ec26c719c7a77b2,31,True,11.0,0.4395245364957664,8.380952380952381,1.1813363431112902,0,FCFS,0,FCFS,False,0.0,-0.017369347393558866,False,FCFS,poisson_arrivals,0ec26c719c7a77b2,15,1138,1314,1138,75.86666666666666,87.6,75.86666666666666,100.0,0.08522727272727272,14,0.9333333333333333,176,0,176,42,poisson_arrivals,14,selector
poisson_arrivals,f5352efe41b5b1a1,41,True,8.0,0.5025735980231272,4.866666666666666,1.4817407180595246,1,SJF,1,SJF,False,0.0,0.20858246223285556,False,SJF,poisson_arrivals,f5352efe41b5b1a1,15,571,717,571,38.06666666666667,47.8,38.06666666666667,100.0,0.10273972602739725,14,0.9333333333333333,146,0,146,42,poisson_arrivals,15,selector
poisson_arrivals,b34d54ecaa5fd59f,40,True,12.0,0.5028371341120272,4.351351351351352,1.247219128924647,1,SJF,1,SJF,False,0.0,0.19984169140643257,False,SJF,poisson_arrivals,b34d54ecaa5fd59f,15,571,732,571,38.06666666666667,48.8,38.06666666666667,100.0,0.09316770186335403,14,0.9333333333333333,161,0,161,42,poisson_arrivals,16,selector
poisson_arrivals,b71ae3d23e7db129,40,True,11.0,0.5672370599784259,7.454545454545454,1.2036980056845192,1,SJF,1,SJF,False,0.0,0.2638286600745016,False,SJF,poisson_arrivals,b71ae3d23e7db129,15,660,824,660,44.0,54.93333333333333,44.0,100.0,0.09146341463414634,14,0.9333333333333333,164,0,164,42,poisson_arrivals,17,selector
poisson_arrivals,b9c9fe4f0b025dc8,40,True,6.0,0.6424639045875815,3.2058823529411766,1.0749676997731399,1,SJF,1,SJF,False,0.0,0.286324805957402,False,SJF,poisson_arrivals,b9c9fe4f0b025dc8,15,343,452,343,22.866666666666667,30.133333333333333,22.866666666666667,100.0,0.13761467889908258,14,0.9333333333333333,109,0,109,42,poisson_arrivals,18,selector
poisson_arrivals,814e3f9a1051ec9f,41,True,6.0,0.6870467653279094,4.5,1.4079141387961918,1,SJF,1,SJF,False,0.0,0.30210885809342913,False,SJF,poisson_arrivals,814e3f9a1051ec9f,15,405,531,405,27.0,35.4,27.0,100.0,0.11904761904761904,14,0.9333333333333333,126,0,126,42,poisson_arrivals,19,selector
poisson_arrivals,aa1784e35107685d,58,False,14.0,0.37263780725859036,7.481481481481482,1.1661903789690602,0,FCFS,0,FCFS,False,0.0,-0.007935990774704,False,FCFS,poisson_arrivals,aa1784e35107685d,15,1325,1527,1325,88.33333333333333,101.8,88.33333333333333,100.0,0.07425742574257425,14,0.9333333333333333,202,0,202,42,poisson_arrivals,20,selector
poisson_arrivals,8ea24dff68d5e55c,41,True,9.0,0.6456222353726839,6.478260869565218,1.4236104336041748,1,SJF,1,SJF,False,0.0,0.2271576313401751,False,SJF,poisson_arrivals,8ea24dff68d5e55c,15,536,685,536,35.733333333333334,45.666666666666664,35.733333333333334,100.0,0.10067114093959731,14,0.9333333333333333,149,0,149,42,poisson_arrivals,21,selector
poisson_arrivals,1f135c67407c0a47,32,False,11.0,0.45986795045529716,5.62962962962963,1.569146972791976,0,FCFS,0,FCFS,False,0.0,-0.05423233629269224,False,FCFS,poisson_arrivals,1f135c67407c0a47,15,998,1150,998,66.53333333333333,76.66666666666667,66.53333333333333,100.0,0.09868421052631579,14,0.9333333333333333,152,0,152,42,poisson_arrivals,22,selector
poisson_arrivals,c97340b846c5195c,41,True,9.0,0.5441539394469049,3.3469387755102042,1.4360439485692011,1,SJF,1,SJF,False,0.0,0.18957359172980479,False,SJF,poisson_arrivals,c97340b846c5195c,15,488,652,488,32.53333333333333,43.46666666666667,32.53333333333333,100.0,0.09146341463414634,14,0.9333333333333333,164,0,164,42,poisson_arrivals,23,selector
poisson_arrivals,8c65d4cd5082f574,32,False,9.0,0.4177147312554573,7.105263157894737,1.349897115421106,0,FCFS,0,FCFS,False,0.0,-0.05727072669374086,False,FCFS,poisson_arrivals,8c65d4cd5082f574,15,879,1014,879,58.6,67.6,58.6,100.0,0.1111111111111111,14,0.9333333333333333,135,0,135,42,poisson_arrivals,24,selector
poisson_arrivals,c66da603036c55e3,41,True,6.0,0.6558678370961144,4.785714285714286,1.4360439485692011,1,SJF,1,SJF,False,0.0,0.27169086232594997,False,SJF,poisson_arrivals,c66da603036c55e3,15,444,578,444,29.6,38.53333333333333,29.6,100.0,0.11194029850746269,14,0.9333333333333333,134,0,134,42,poisson_arrivals,25,selector
poisson_arrivals,da7b7b2c80c3408a,32,False,11.0,0.4794064347022331,4.365853658536586,1.4544949486180951,0,FCFS,0,FCFS,False,0.0,0.0023516270082384813,False,FCFS,poisson_arrivals,da7b7b2c80c3408a,15,896,1075,896,59.733333333333334,71.66666666666667,59.733333333333334,100.0,0.08379888268156424,14,0.9333333333333333,179,0,179,42,poisson_arrivals,26,selector
poisson_arrivals,8d4c5d162e732f09,40,True,9.0,0.6298382748495706,4.588235294117647,1.2754084313139327,1,SJF,1,SJF,False,0.0,0.30049291936608724,False,SJF,poisson_arrivals,8d4c5d162e732f09,15,574,730,574,38.266666666666666,48.666666666666664,38.266666666666666,100.0,0.09615384615384616,14,0.9333333333333333,156,0,156,42,poisson_arrivals,27,selector
poisson_arrivals,3313581f5f54ee0f,41,True,9.0,0.6852425497783124,3.022727272727273,1.436043948569201,1,SJF,1,SJF,False,0.0,0.26176153108230127,False,SJF,poisson_arrivals,3313581f5f54ee0f,15,333,466,333,22.2,31.066666666666666,22.2,100.0,0.11278195488721804,14,0.9333333333333333,133,0,133,42,poisson_arrivals,28,selector
poisson_arrivals,c09093ceb1a9648d,41,True,7.0,0.6696000730380037,5.333333333333333,1.54344492037203,1,SJF,1,SJF,False,0.0,0.21726516925178813,False,SJF,poisson_arrivals,c09093ceb1a9648d,15,443,571,443,29.533333333333335,38.06666666666667,29.533333333333335,100.0,0.1171875,14,0.9333333333333333,128,0,128,42,poisson_arrivals,29,selector
short_jobs,95f0423017b8c3db,50,True,4.0,1.2164637261954017,9.55,1.4544949486180951,1,SJF,1,SJF,False,0.0,0.22093393507054318,False,SJF,short_jobs,95f0423017b8c3db,15,721,912,721,48.06666666666667,60.8,48.06666666666667,100.0,0.07853403141361257,14,0.9333333333333333,191,0,191,43,short_jobs,0,selector
short_jobs,9ed4c47b1f825ada,50,True,4.0,1.0854676411574875,6.944444444444445,1.4360439485692011,1,SJF,1,SJF,False,0.0,0.38295184170015706,False,SJF,short_jobs,9ed4c47b1f825ada,15,286,411,286,19.066666666666666,27.4,19.066666666666666,98.4251968503937,0.11811023622047244,14,0.9333333333333333,125,2,127,43,short_jobs,1,selector
short_jobs,f47c4a63fc9e5706,23,True,3.0,1.02801333735159,4.823529411764706,1.3759844960366863,2,Round Robin,2,Round Robin,False,0.0,0.0325531988598972,False,Round Robin,short_jobs,f47c4a63fc9e5706,15,351,433,218,23.4,28.866666666666667,14.533333333333333,100.0,0.18292682926829268,25,1.6666666666666667,82,0,82,43,short_jobs,2,selector
short_jobs,8aae578486902ff4,23,True,3.0,1.5526791916478782,6.947368421052632,1.4079141387961918,2,Round Robin,2,Round Robin,False,0.0,0.31081817271496626,False,Round Robin,short_jobs,8aae578486902ff4,15,365,497,179,24.333333333333332,33.13333333333333,11.933333333333334,99.24812030075188,0.11278195488721804,36,2.4,132,1,133,43,short_jobs,3,selector
short_jobs,888d30f3ac150573,22,True,3.0,1.5346745978296163,7.684210526315789,0.9797958971132713,1,SJF,1,SJF,False,0.0,0.276673768163903,False,SJF,short_jobs,888d30f3ac150573,15,427,573,427,28.466666666666665,38.2,28.466666666666665,99.31972789115646,0.10204081632653061,14,0.9333333333333333,146,1,147,43,short_jobs,4,selector
short_jobs,f151349ba400ae57,50,True,4.0,1.0604051900652696,9.052631578947368,1.4817407180595246,1,SJF,1,SJF,False,0.0,0.4203557601478959,False,SJF,short_jobs,f151349ba400ae57,15,401,573,401,26.733333333333334,38.2,26.733333333333334,100.0,0.0872093023255814,14,0.9333333333333333,172,0,172,43,short_jobs,5,selector
short_jobs,6cfaffcdf18150bb,23,True,3.0,1.0554915916292276,4.0,1.499629583893599,2,Round Robin,2,Round Robin,False,0.0,-0.04235324670538248,False,Round Robin,short_jobs,6cfaffcdf18150bb,15,384,464,246,25.6,30.933333333333334,16.4,100.0,0.1875,22,1.4666666666666666,80,0,80,43,short_jobs,6,selector
short_jobs,e29fd65fb3d28ce0,49,True,4.0,1.3086567889287943,6.2105263157894735,1.2892719737209144,1,SJF,1,SJF,False,0.0,0.3390493319368988,False,SJF,short_jobs,e29fd65fb3d28ce0,15,216,334,216,14.4,22.266666666666666,14.4,100.0,0.1271186440677966,14,0.9333333333333333,118,0,118,43,short_jobs,7,selector
short_jobs,858178d40cf0797a,50,True,4.0,1.3603325794843708,8.31578947368421,1.6110727964792764,1,SJF,1,SJF,False,0.0,0.3051381869280082,False,SJF,short_jobs,858178d40cf0797a,15,486,644,486,32.4,42.93333333333333,32.4,100.0,0.0949367088607595,14,0.9333333333333333,158,0,158,43,short_jobs,8,selector
short_jobs,9af1af2f13accd91,22,True,3.0,1.180671089214646,8.666666666666666,1.3266499161421599,1,SJF,1,SJF,False,0.0,0.31685502946236693,False,SJF,short_jobs,9af1af2f13accd91,15,360,516,360,24.0,34.4,24.0,98.73417721518987,0.0949367088607595,14,0.9333333333333333,156,2,158,43,short_jobs,9,selector
short_jobs,87689d1955f8ced5,23,True,3.0,1.2828840318756787,6.555555555555555,1.3984117975602022,2,Round Robin,2,Round Robin,False,0.0,0.15228624735349722,False,Round Robin,short_jobs,87689d1955f8ced5,15,368,486,167,24.533333333333335,32.4,11.133333333333333,98.33333333333333,0.125,34,2.2666666666666666,118,2,120,43,short_jobs,10,selector
short_jobs,b032cf83f7d85ecd,23,True,3.0,1.0878565864408425,3.25,1.3662601021279464,2,Round Robin,2,Round Robin,False,0.0,0.04811107891032543,False,Round Robin,short_jobs,b032cf83f7d85ecd,15,255,320,144,17.0,21.333333333333332,9.6,100.0,0.23076923076923078,22,1.4666666666666666,65,0,65,43,short_jobs,11,selector
short_jobs,129f729a801dde68,23,True,2.0,1.680662082859342,5.611111111111111,1.6679994670929073,2,Round Robin,2,Round Robin,False,0.0,0.04260839384163043,False,Round Robin,short_jobs,129f729a801dde68,15,300,401,197,20.0,26.733333333333334,13.133333333333333,99.01960784313725,0.14705882352941177,24,1.6,101,1,102,43,short_jobs,12,selector
short_jobs,851fdf601a0ab529,50,True,4.0,1.5214816290559117,6.2,1.4047538337136984,1,SJF,1,SJF,False,0.0,0.44818215468189854,False,SJF,short_jobs,851fdf601a0ab529,15,185,309,185,12.333333333333334,20.6,12.333333333333334,100.0,0.12096774193548387,14,0.9333333333333333,124,0,124,43,short_jobs,13,selector
short_jobs,acb30b3b0017ec27,50,True,4.0,1.3705536578421031,5.35,1.4544949486180951,1,SJF,1,SJF,False,0.0,0.37449380185515174,False,SJF,short_jobs,acb30b3b0017ec27,15,227,334,227,15.133333333333333,22.266666666666666,15.133333333333333,100.0,0.14018691588785046,14,0.9333333333333333,107,0,107,43,short_jobs,14,selector
short_jobs,071082051085c3d1,50,True,5.0,1.2964042820432216,8.533333333333333,1.632993161855452,1,SJF,1,SJF,False,0.0,0.2596251774120199,False,SJF,short_jobs,071082051085c3d1,15,442,570,442,29.466666666666665,38.0,29.466666666666665,99.2248062015504,0.11627906976744186,14,0.9333333333333333,128,1,129,43,short_jobs,15,selector
short_jobs,40074fe58424aebd,50,True,4.0,1.177276952269371,4.95,1.3888444437333105,1,SJF,1,SJF,False,0.0,0.3789148403243205,False,SJF,short_jobs,40074fe58424aebd,15,213,312,213,14.2,20.8,14.2,100.0,0.15151515151515152,14,0.9333333333333333,99,0,99,43,short_jobs,16,selector
short_jobs,7f462a6727378d7e,49,True,4.0,1.2958982804163963,10.88888888888889,1.2220201853215573,1,SJF,1,SJF,False,0.0,0.5023523494194475,False,SJF,short_jobs,7f462a6727378d7e,15,388,584,388,25.866666666666667,38.93333333333333,25.866666666666667,99.49238578680203,0.07614213197969544,14,0.9333333333333333,196,1,197,43,short_jobs,17,selector
short_jobs,330ec9d992d25063,49,True,4.0,1.31762191422835,9.058823529411764,1.32664991614216,1,SJF,1,SJF,False,0.0,0.45176769125220995,False,SJF,short_jobs,330ec9d992d25063,15,299,453,299,19.933333333333334,30.2,19.933333333333334,100.0,0.09740259740259741,14,0.9333333333333333,154,0,154,43,short_jobs,18,selector
short_jobs,d2897294391879a2,22,True,3.0,1.3002197729170546,9.5,1.203698005684519,1,SJF,1,SJF,False,0.0,0.28926249116599556,False,SJF,short_jobs,d2897294391879a2,15,301,472,301,20.066666666666666,31.466666666666665,20.066666666666666,99.4186046511628,0.0872093023255814,14,0.9333333333333333,171,1,172,43,short_jobs,19,selector
short_jobs,ff11e4a551201e2f,50,True,4.0,1.4560267423493125,5.8125,1.436043948569201,1,SJF,1,SJF,False,0.0,0.36361962585405533,False,SJF,short_jobs,ff11e4a551201e2f,15,170,263,170,11.333333333333334,17.533333333333335,11.333333333333334,100.0,0.16129032258064516,14,0.9333333333333333,93,0,93,43,short_jobs,20,selector
short_jobs,8e0876ed88b1e4e5,23,True,3.0,1.6289816657094796,6.947368421052632,1.4544949486180951,2,Round Robin,2,Round Robin,False,0.0,0.12687326420642664,False,Round Robin,short_jobs,8e0876ed88b1e4e5,15,260,392,123,17.333333333333332,26.133333333333333,8.2,99.24812030075188,0.11278195488721804,35,2.3333333333333335,132,1,133,43,short_jobs,21,selector
short_jobs,11d55cc97bc5ca4b,23,True,3.0,1.9018905068378673,5.0,1.4142135623730951,2,Round Robin,2,Round Robin,False,0.0,0.26867234201964163,False,Round Robin,short_jobs,11d55cc97bc5ca4b,15,219,299,163,14.6,19.933333333333334,10.866666666666667,96.3855421686747,0.18072289156626506,17,1.1333333333333333,80,3,83,43,short_jobs,22,selector
short_jobs,4b3e10522e85228a,23,True,3.0,1.8270870465823832,3.95,1.3888444437333105,2,Round Robin,2,Round Robin,False,0.0,0.14535808750981405,False,Round Robin,short_jobs,4b3e10522e85228a,15,148,227,128,9.866666666666667,15.133333333333333,8.533333333333333,100.0,0.189873417721519,16,1.0666666666666667,79,0,79,43,short_jobs,23,selector
short_jobs,b507ae57fcb817a7,49,True,4.0,1.5591349436382007,6.611111111111111,1.1925695879998877,1,SJF,1,SJF,False,0.0,0.417951793133412,False,SJF,short_jobs,b507ae57fcb817a7,15,180,299,180,12.0,19.933333333333334,12.0,100.0,0.12605042016806722,14,0.9333333333333333,119,0,119,43,short_jobs,24,selector
short_jobs,31045c4827ac055d,40,False,5.0,0.8726846222464804,5.111111111111111,1.3097921802925665,0,FCFS,0,FCFS,False,0.0,-0.05047925319952056,False,FCFS,short_jobs,31045c4827ac055d,15,445,537,445,29.666666666666668,35.8,29.666666666666668,100.0,0.16304347826086957,14,0.9333333333333333,92,0,92,43,short_jobs,25,selector
short_jobs,1ea77f7be4e68a9e,49,True,4.0,1.3016588990219786,7.95,1.2110601416389966,1,SJF,1,SJF,False,0.0,0.18670808292544513,False,SJF,short_jobs,1ea77f7be4e68a9e,15,746,905,746,49.733333333333334,60.333333333333336,49.733333333333334,100.0,0.09433962264150944,14,0.9333333333333333,159,0,159,43,short_jobs,26,selector
short_jobs,13c10c7d9c6c4840,14,True,3.0,0.5809032274577083,3.0,1.339983416149452,1,SJF,1,SJF,False,0.0,0.18761779430207592,False,SJF,short_jobs,13c10c7d9c6c4840,15,161,215,161,10.733333333333333,14.333333333333334,10.733333333333333,96.42857142857143,0.26785714285714285,14,0.9333333333333333,54,2,56,43,short_jobs,27,selector
short_jobs,0a62ba28871c44b2,49,True,4.0,1.4134341665782275,9.166666666666666,1.2892719737209144,1,SJF,1,SJF,False,0.0,0.3787944131240569,False,SJF,short_jobs,0a62ba28871c44b2,15,305,470,305,20.333333333333332,31.333333333333332,20.333333333333332,99.39759036144578,0.09036144578313253,14,0.9333333333333333,165,1,166,43,short_jobs,28,selector
short_jobs,a63207f84a301b24,5,True,3.0,0.4401949866792872,3.0,1.5434449203720302,1,SJF,1,SJF,False,0.0,0.1775409010814984,False,SJF,short_jobs,a63207f84a301b24,15,143,194,143,9.533333333333333,12.933333333333334,9.533333333333333,100.0,0.29411764705882354,14,0.9333333333333333,51,0,51,43,short_jobs,29,selector
long_jobs,e0bfbf512afafa04,71,True,21.0,0.8181375877112818,18.055555555555557,1.6275407487644937,1,SJF,1,SJF,False,0.0,0.3303867276841847,False,SJF,long_jobs,e0bfbf512afafa04,15,1139,1464,1139,75.93333333333334,97.6,75.93333333333334,99.38837920489297,0.045871559633027525,14,0.9333333333333333,325,2,327,43,long_jobs,0,selector
long_jobs,d74d5ff8dc2cef25,71,True,21.0,0.582346240276532,17.833333333333332,1.339983416149452,1,SJF,1,SJF,False,0.0,0.17513583665503923,False,SJF,long_jobs,d74d5ff8dc2cef25,15,1417,1738,1417,94.46666666666667,115.86666666666666,94.46666666666667,99.68944099378882,0.046583850931677016,14,0.9333333333333333,321,1,322,43,long_jobs,1,selector
long_jobs,64488c735ec2696e,71,True,31.0,0.7414234487612708,20.125,1.339983416149452,1,SJF,1,SJF,False,0.0,0.2927317626093098,False,SJF,long_jobs,64488c735ec2696e,15,1322,1644,1322,88.13333333333334,109.6,88.13333333333334,99.07692307692308,0.046153846153846156,14,0.9333333333333333,322,3,325,43,long_jobs,2,selector
long_jobs,3472f6a613a43562,70,True,34.0,0.5899484856207994,31.384615384615383,1.0873004286866725,1,SJF,1,SJF,False,0.0,0.18192990500429507,False,SJF,long_jobs,3472f6a613a43562,15,1977,2385,1977,131.8,159.0,131.8,98.78934624697337,0.03631961259079903,14,0.9333333333333333,408,5,413,43,long_jobs,3,selector
long_jobs,102b611d19a05ee1,70,True,24.0,0.6050039094685321,18.1,1.2578641509408803,1,SJF,1,SJF,False,0.0,0.2742274824616552,False,SJF,long_jobs,102b611d19a05ee1,15,1522,1884,1522,101.46666666666667,125.6,101.46666666666667,100.0,0.04143646408839779,14,0.9333333333333333,362,0,362,43,long_jobs,4,selector
long_jobs,e6af6f1776fab86e,70,True,25.0,0.5714102449492917,20.35,1.1469767022723503,1,SJF,1,SJF,False,0.0,0.2512985843714794,False,SJF,long_jobs,e6af6f1776fab86e,15,1785,2192,1785,119.0,146.13333333333333,119.0,100.0,0.036855036855036855,14,0.9333333333333333,407,0,407,43,long_jobs,5,selector
long_jobs,aa96aaa6c84e9732,71,True,32.0,0.6900329099445685,21.294117647058822,1.3888444437333105,1,SJF,1,SJF,False,0.0,0.27703694899403414,False,SJF,long_jobs,aa96aaa6c84e9732,15,1514,1876,1514,100.93333333333334,125.06666666666666,100.93333333333334,99.72451790633609,0.04132231404958678,14,0.9333333333333333,362,1,363,43,long_jobs,6,selector
long_jobs,1931339b04e85a70,70,True,22.0,0.7641041905518905,17.352941176470587,1.2543258481484518,1,SJF,1,SJF,False,0.0,0.12711556165991655,False,SJF,long_jobs,1931339b04e85a70,15,1324,1619,1324,88.26666666666667,107.93333333333334,88.26666666666667,99.66216216216216,0.05067567567567568,14,0.9333333333333333,295,1,296,43,long_jobs,7,selector
long_jobs,dbabe2a11d8e36ea,71,True,25.0,0.639559896241083,16.789473684210527,1.6275407487644937,1,SJF,1,SJF,False,0.0,0.20859163464961128,False,SJF,long_jobs,dbabe2a11d8e36ea,15,1441,1760,1441,96.06666666666666,117.33333333333333,96.06666666666666,99.6875,0.046875,14,0.9333333333333333,319,1,320,43,long_jobs,8,selector
long_jobs,8844b78e67731f5d,70,True,25.0,0.5808634467325345,16.842105263157894,1.2754084313139327,1,SJF,1,SJF,False,0.0,0.260144534906893,False,SJF,long_jobs,8844b78e67731f5d,15,1342,1662,1342,89.46666666666667,110.8,89.46666666666667,100.0,0.046875,14,0.9333333333333333,320,0,320,43,long_jobs,9,selector
long_jobs,a791edf00a6c8e57,71,True,18.0,0.726484108503448,15.85,1.7204650534085255,1,SJF,1,SJF,False,0.0,0.29306297690669686,False,SJF,long_jobs,a791edf00a6c8e57,15,1184,1501,1184,78.93333333333334,100.06666666666666,78.93333333333334,100.0,0.0473186119873817,14,0.9333333333333333,317,0,317,43,long_jobs,10,selector
long_jobs,4928ed027eafc6e0,61,True,26.0,0.40560859642077696,25.75,1.2036980056845192,1,SJF,1,SJF,False,0.0,0.20778765837583463,False,SJF,long_jobs,4928ed027eafc6e0,15,2076,2488,2076,138.4,165.86666666666667,138.4,99.03846153846153,0.036057692307692304,14,0.9333333333333333,412,4,416,43,long_jobs,11,selector
long_jobs,3b7a82f8e3c01b11,71,True,21.0,0.6195796548382196,17.57894736842105,1.6193277068654826,1,SJF,1,SJF,False,0.0,0.1706605967538131,False,SJF,long_jobs,3b7a82f8e3c01b11,15,1724,2058,1724,114.93333333333334,137.2,114.93333333333334,100.0,0.04491017964071856,14,0.9333333333333333,334,0,334,43,long_jobs,12,selector
long_jobs,5d6abc83d6ea114a,70,True,20.0,0.5583829309560256,18.894736842105264,1.2036980056845192,1,SJF,1,SJF,False,0.0,0.2636911552484562,False,SJF,long_jobs,5d6abc83d6ea114a,15,1544,1903,1544,102.93333333333334,126.86666666666666,102.93333333333334,100.0,0.04178272980501393,14,0.9333333333333333,359,0,359,43,long_jobs,13,selector
long_jobs,4e00a5408cdb7dbf,71,True,26.0,0.609458701815078,21.055555555555557,1.4047538337136984,1,SJF,1,SJF,False,0.0,0.20489252333986485,False,SJF,long_jobs,4e00a5408cdb7dbf,15,1886,2265,1886,125.73333333333333,151.0,125.73333333333333,100.0,0.0395778364116095,14,0.9333333333333333,379,0,379,43,long_jobs,14,selector
long_jobs,99703a93f8364ea2,70,True,24.0,0.5868404284523279,18.31578947368421,1.0624918300339485,1,SJF,1,SJF,False,0.0,0.24274179667723775,False,SJF,long_jobs,99703a93f8364ea2,15,1487,1835,1487,99.13333333333334,122.33333333333333,99.13333333333334,99.7134670487106,0.04297994269340974,14,0.9333333333333333,348,1,349,43,long_jobs,15,selector
long_jobs,3eb0d8eb11b59aa8,62,True,30.0,0.4985099972129857,20.7,1.5260697523012796,1,SJF,1,SJF,False,0.0,0.22717647347262254,False,SJF,long_jobs,3eb0d8eb11b59aa8,15,2079,2493,2079,138.6,166.2,138.6,100.0,0.036231884057971016,14,0.9333333333333333,414,0,414,43,long_jobs,16,selector
long_jobs,18041ee30c6addce,71,True,24.0,0.591350525945982,24.933333333333334,1.4605934866804429,1,SJF,1,SJF,False,0.0,0.23666134417346668,False,SJF,long_jobs,18041ee30c6addce,15,1619,1993,1619,107.93333333333334,132.86666666666667,107.93333333333334,100.0,0.040106951871657755,14,0.9333333333333333,374,0,374,43,long_jobs,17,selector
long_jobs,031d0efb109dfa45,71,True,19.0,0.5533011632695446,17.263157894736842,1.4817407180595246,1,SJF,1,SJF,False,0.0,0.24529021156493996,False,SJF,long_jobs,031d0efb109dfa45,15,1404,1732,1404,93.6,115.46666666666667,93.6,100.0,0.04573170731707317,14,0.9333333333333333,328,0,328,43,long_jobs,18,selector
long_jobs,9d12fb417782d237,70,True,22.0,0.7597484121395146,19.058823529411764,1.3266499161421599,1,SJF,1,SJF,False,0.0,0.29271685378249057,False,SJF,long_jobs,9d12fb417782d237,15,1107,1431,1107,73.8,95.4,73.8,100.0,0.046296296296296294,14,0.9333333333333333,324,0,324,43,long_jobs,19,selector
long_jobs,840ac60f467fc070,71,True,16.0,0.7763736225665732,16.27777777777778,1.4236104336041748,1,SJF,1,SJF,False,0.0,0.1929443289871503,False,SJF,long_jobs,840ac60f467fc070,15,1202,1495,1202,80.13333333333334,99.66666666666667,80.13333333333334,99.32203389830508,0.05084745762711865,14,0.9333333333333333,293,2,295,43,long_jobs,20,selector
long_jobs,e4223c26142596b7,71,True,15.0,0.6713835000339698,15.85,1.8208667044996885,1,SJF,1,SJF,False,0.0,0.27573021863595076,False,SJF,long_jobs,e4223c26142596b7,15,1298,1615,1298,86.53333333333333,107.66666666666667,86.53333333333333,100.0,0.0473186119873817,14,0.9333333333333333,317,0,317,43,long_jobs,21,selector
long_jobs,8f5aacd320a66e55,71,True,18.0,0.7786823917035942,18.166666666666668,1.4966629547095767,1,SJF,1,SJF,False,0.0,0.2641637198693849,False,SJF,long_jobs,8f5aacd320a66e55,15,1382,1709,1382,92.13333333333334,113.93333333333334,92.13333333333334,99.3920972644377,0.04559270516717325,14,0.9333333333333333,327,2,329,43,long_jobs,22,selector
long_jobs,be4f4d308e51d853,71,True,26.0,0.621079287190916,19.894736842105264,1.339983416149452,1,SJF,1,SJF,False,0.0,0.24074066359147372,False,SJF,long_jobs,be4f4d308e51d853,15,1684,2062,1684,112.26666666666667,137.46666666666667,112.26666666666667,100.0,0.03968253968253968,14,0.9333333333333333,378,0,378,43,long_jobs,23,selector
long_jobs,5362127c92d9cdb7,70,True,28.0,0.5798133120183872,20.77777777777778,1.2110601416389966,1,SJF,1,SJF,False,0.0,0.2588557682781568,False,SJF,long_jobs,5362127c92d9cdb7,15,1733,2107,1733,115.53333333333333,140.46666666666667,115.53333333333333,100.0,0.040106951871657755,14,0.9333333333333333,374,0,374,43,long_jobs,24,selector
long_jobs,f601d8a857032dfb,68,False,16.0,0.7080419476745,10.1,1.4696938456699067,0,FCFS,0,FCFS,False,0.0,-0.06913187963066797,False,FCFS,long_jobs,f601d8a857032dfb,15,1073,1275,1073,71.53333333333333,85.0,71.53333333333333,100.0,0.07425742574257425,14,0.9333333333333333,202,0,202,43,long_jobs,25,selector
long_jobs,cee23b39ae9006e2,71,True,15.0,0.7879233681469424,16.0,1.4047538337136984,1,SJF,1,SJF,False,0.0,0.3251126350929774,False,SJF,long_jobs,cee23b39ae9006e2,15,1079,1383,1079,71.93333333333334,92.2,71.93333333333334,99.67213114754098,0.04918032786885246,14,0.9333333333333333,304,1,305,43,long_jobs,26,selector
long_jobs,5f35d2c6ce3a0ed7,70,True,32.0,0.5517627649274013,22.0,1.0624918300339483,1,SJF,1,SJF,False,0.0,0.24055450122063912,False,SJF,long_jobs,5f35d2c6ce3a0ed7,15,1995,2435,1995,133.0,162.33333333333334,133.0,100.0,0.03409090909090909,14,0.9333333333333333,440,0,440,43,long_jobs,27,selector
long_jobs,86c433c78703fab9,71,True,25.0,0.6420490569586346,19.77777777777778,1.4817407180595246,1,SJF,1,SJF,False,0.0,0.2771533360001144,False,SJF,long_jobs,86c433c78703fab9,15,1416,1772,1416,94.4,118.13333333333334,94.4,100.0,0.042134831460674156,14,0.9333333333333333,356,0,356,43,long_jobs,28,selector
long_jobs,09bcee6b65c35c45,71,True,19.0,0.6995854528745751,19.88888888888889,1.359738536958076,1,SJF,1,SJF,False,0.0,0.31840796539238364,False,SJF,long_jobs,09bcee6b65c35c45,15,1403,1761,1403,93.53333333333333,117.4,93.53333333333333,99.44444444444444,0.041666666666666664,14,0.9333333333333333,358,2,360,43,long_jobs,29,selector
mixed,722883e78862e7f2,70,True,22.0,0.5392072096655366,20.736842105263158,1.0873004286866725,1,SJF,1,SJF,False,0.0,0.24090054675352693,False,SJF,mixed,722883e78862e7f2,15,1714,2108,1714,114.26666666666667,140.53333333333333,114.26666666666667,100.0,0.03807106598984772,14,0.9333333333333333,394,0,394,43,mixed,0,selector
mixed,b75e6ad6aaf42480,71,True,19.0,0.6028403418005401,16.57894736842105,1.4452988925785866,1,SJF,1,SJF,False,0.0,0.21709308566753732,False,SJF,mixed,b75e6ad6aaf42480,15,1279,1594,1279,85.26666666666667,106.26666666666667,85.26666666666667,100.0,0.047619047619047616,14,0.9333333333333333,315,0,315,43,mixed,1,selector
mixed,510bd6de6c064f8a,62,True,27.0,0.4231615675318558,25.705882352941178,1.3888444437333107,1,SJF,1,SJF,False,0.0,0.20492509829186506,False,SJF,mixed,510bd6de6c064f8a,15,2286,2723,2286,152.4,181.53333333333333,152.4,99.54441913439635,0.03416856492027335,14,0.9333333333333333,437,2,439,43,mixed,2,selector
mixed,8629b565d0cb702c,62,True,34.0,0.39774270730890293,29.875,1.569146972791976,1,SJF,1,SJF,False,0.0,0.19049094616767193,False,SJF,mixed,8629b565d0cb702c,15,2514,2992,2514,167.6,199.46666666666667,167.6,99.58333333333333,0.03125,14,0.9333333333333333,478,2,480,43,mixed,3,selector
mixed,aced4a876bf75dfb,62,True,25.0,0.39515762233263596,22.1,1.4142135623730951,1,SJF,1,SJF,False,0.0,0.22031262595669304,False,SJF,mixed,aced4a876bf75dfb,15,2220,2662,2220,148.0,177.46666666666667,148.0,100.0,0.033936651583710405,14,0.9333333333333333,442,0,442,43,mixed,4,selector
mixed,1c2cd5ef3f0bec1f,71,True,22.0,0.6710899209422423,22.933333333333334,1.3888444437333105,1,SJF,1,SJF,False,0.0,0.24878169759055405,False,SJF,mixed,1c2cd5ef3f0bec1f,15,1340,1684,1340,89.33333333333333,112.26666666666667,89.33333333333333,100.0,0.0436046511627907,14,0.9333333333333333,344,0,344,43,mixed,5,selector
mixed,f2eda125977624f1,61,True,30.0,0.39101478486557395,23.157894736842106,1.3097921802925667,1,SJF,1,SJF,False,0.0,0.18229997244832807,False,SJF,mixed,f2eda125977624f1,15,2268,2708,2268,151.2,180.53333333333333,151.2,99.77324263038548,0.034013605442176874,14,0.9333333333333333,440,1,441,43,mixed,6,selector
mixed,773f0fa17542f90b,71,True,27.0,0.5935505397279445,27.5,1.339983416149452,1,SJF,1,SJF,False,0.0,0.22256964354442793,False,SJF,mixed,773f0fa17542f90b,15,1694,2079,1694,112.93333333333334,138.6,112.93333333333334,98.97172236503856,0.038560411311053984,14,0.9333333333333333,385,4,389,43,mixed,7,selector
mixed,46430c6c61040ac1,62,True,32.0,0.48057755595195883,26.941176470588236,1.4360439485692011,1,SJF,1,SJF,False,0.0,0.24077662864905786,False,SJF,mixed,46430c6c61040ac1,15,2228,2686,2228,148.53333333333333,179.06666666666666,148.53333333333333,99.34924078091106,0.03253796095444685,14,0.9333333333333333,458,3,461,43,mixed,8,selector
mixed,d4f625c56f07ef34,62,True,34.0,0.45370707039322444,25.11111111111111,1.359738536958076,1,SJF,1,SJF,False,0.0,0.19842711939659358,False,SJF,mixed,d4f625c56f07ef34,15,2362,2814,2362,157.46666666666667,187.6,157.46666666666667,99.77924944812362,0.033112582781456956,14,0.9333333333333333,452,1,453,43,mixed,9,selector
mixed,43ae96e113538901,71,True,20.0,0.7340325910915815,15.9,1.359738536958076,1,SJF,1,SJF,False,0.0,0.2881758761829309,False,SJF,mixed,43ae96e113538901,15,1117,1435,1117,74.46666666666667,95.66666666666667,74.46666666666667,100.0,0.04716981132075472,14,0.9333333333333333,318,0,318,43,mixed,10,selector
mixed,c198799ac1d359b2,71,True,26.0,0.5018360604317863,20.65,1.398411797560202,1,SJF,1,SJF,False,0.0,0.21986730264318158,False,SJF,mixed,c198799ac1d359b2,15,2013,2426,2013,134.2,161.73333333333332,134.2,100.0,0.03631961259079903,14,0.9333333333333333,413,0,413,43,mixed,11,selector
mixed,d9be9a226f61d2ed,61,True,31.0,0.4425050802716075,23.944444444444443,1.2892719737209144,1,SJF,1,SJF,False,0.0,0.19416724986578393,False,SJF,mixed,d9be9a226f61d2ed,15,2171,2602,2171,144.73333333333332,173.46666666666667,144.73333333333332,99.76851851851852,0.034722222222222224,14,0.9333333333333333,431,1,432,43,mixed,12,selector
mixed,49ea52a3b9586acb,61,True,32.0,0.4158037014150982,25.944444444444443,1.2036980056845192,1,SJF,1,SJF,False,0.0,0.20866382396035793,False,SJF,mixed,49ea52a3b9586acb,15,2333,2800,2333,155.53333333333333,186.66666666666666,155.53333333333333,99.78632478632478,0.03205128205128205,14,0.9333333333333333,467,1,468,43,mixed,13,selector
mixed,4a982696cb1b8e33,71,True,29.0,0.5878453284474708,19.5,1.514375558880073,1,SJF,1,SJF,False,0.0,0.23534614461302156,False,SJF,mixed,4a982696cb1b8e33,15,1642,2032,1642,109.46666666666667,135.46666666666667,109.46666666666667,100.0,0.038461538461538464,14,0.9333333333333333,390,0,390,43,mixed,14,selector
mixed,1362fe1bb9c04fd1,62,True,35.0,0.36343965830866576,24.55,1.4360439485692011,1,SJF,1,SJF,False,0.0,0.18638246814958143,False,SJF,mixed,1362fe1bb9c04fd1,15,2675,3166,2675,178.33333333333334,211.06666666666666,178.33333333333334,100.0,0.03054989816700611,14,0.9333333333333333,491,0,491,43,mixed,15,selector
mixed,2e1ea10c4c378aec,70,True,14.0,0.7156934621405028,14.7,1.2364824660660938,1,SJF,1,SJF,False,0.0,0.23617980553785728,False,SJF,mixed,2e1ea10c4c378aec,15,1238,1532,1238,82.53333333333333,102.13333333333334,82.53333333333333,100.0,0.05102040816326531,14,0.9333333333333333,294,0,294,43,mixed,16,selector
mixed,aa8988b0a14cb5f1,71,True,28.0,0.6330245297508102,22.823529411764707,1.5260697523012796,1,SJF,1,SJF,False,0.0,0.28861025986503885,False,SJF,mixed,aa8988b0a14cb5f1,15,1622,2010,1622,108.13333333333334,134.0,108.13333333333334,99.48717948717949,0.038461538461538464,14,0.9333333333333333,388,2,390,43,mixed,17,selector
mixed,d80f064d2e9e9e01,70,True,23.0,0.6466286839993723,19.0,1.1469767022723503,1,SJF,1,SJF,False,0.0,0.26817952268657985,False,SJF,mixed,d80f064d2e9e9e01,15,1355,1697,1355,90.33333333333333,113.13333333333334,90.33333333333333,99.70845481049562,0.043731778425655975,14,0.9333333333333333,342,1,343,43,mixed,18,selector
mixed,d5ec1c5a801195c8,71,True,27.0,0.5211573066470477,21.31578947368421,1.3888444437333105,1,SJF,1,SJF,False,0.0,0.23933712011604613,False,SJF,mixed,d5ec1c5a801195c8,15,1807,2212,1807,120.46666666666667,147.46666666666667,120.46666666666667,100.0,0.037037037037037035,14,0.9333333333333333,405,0,405,43,mixed,19,selector
mixed,972ba109490d566a,61,True,39.0,0.4765644789783505,25.789473684210527,1.3266499161421599,1,SJF,1,SJF,False,0.0,0.23663670349249433,False,SJF,mixed,972ba109490d566a,15,2325,2815,2325,155.0,187.66666666666666,155.0,99.79633401221996,0.03054989816700611,14,0.9333333333333333,490,1,491,43,mixed,20,selector
mixed,f1521e2d12677fa8,71,True,26.0,0.5466517401417469,24.0,1.4079141387961918,1,SJF,1,SJF,False,0.0,0.23383827453665174,False,SJF,mixed,f1521e2d12677fa8,15,1710,2094,1710,114.0,139.6,114.0,100.0,0.0390625,14,0.9333333333333333,384,0,384,43,mixed,21,selector
mixed,5d0c26965ede8180,71,True,32.0,0.5486548953731308,21.789473684210527,1.4079141387961918,1,SJF,1,SJF,False,0.0,0.20167667656951394,False,SJF,mixed,5d0c26965ede8180,15,1808,2222,1808,120.53333333333333,148.13333333333333,120.53333333333333,100.0,0.036231884057971016,14,0.9333333333333333,414,0,414,43,mixed,22,selector
mixed,9ec8db5de3f9a928,61,True,24.0,0.48048869949545553,20.157894736842106,1.2036980056845192,1,SJF,1,SJF,False,0.0,0.24440723972229242,False,SJF,mixed,9ec8db5de3f9a928,15,1788,2171,1788,119.2,144.73333333333332,119.2,100.0,0.0391644908616188,14,0.9333333333333333,383,0,383,43,mixed,23,selector
mixed,653d28fdf4f65b91,62,True,29.0,0.49904254823868066,20.842105263157894,1.4236104336041748,1,SJF,1,SJF,False,0.0,0.24434647073028068,False,SJF,mixed,653d28fdf4f65b91,15,1837,2233,1837,122.46666666666667,148.86666666666667,122.46666666666667,99.74811083123426,0.037783375314861464,14,0.9333333333333333,396,1,397,43,mixed,24,selector
mixed,de0fb1b5b21a88e1,61,True,33.0,0.3671255417904113,27.941176470588236,1.1661903789690602,1,SJF,1,SJF,False,0.0,0.21237918189873112,False,SJF,mixed,de0fb1b5b21a88e1,15,2453,2928,2453,163.53333333333333,195.2,163.53333333333333,99.78991596638656,0.031512605042016806,14,0.9333333333333333,475,1,476,43,mixed,25,selector
mixed,b52e27932aa382cb,62,True,24.0,0.4884964140388087,17.7,1.349897115421106,1,SJF,1,SJF,False,0.0,0.19431422449927555,False,SJF,mixed,b52e27932aa382cb,15,1618,1972,1618,107.86666666666666,131.46666666666667,107.86666666666666,100.0,0.0423728813559322,14,0.9333333333333333,354,0,354,43,mixed,26,selector
mixed,91a451feb0b7850e,70,True,19.0,0.757382108751421,17.944444444444443,1.2578641509408806,1,SJF,1,SJF,False,0.0,0.2638883106364877,False,SJF,mixed,91a451feb0b7850e,15,1110,1433,1110,74.0,95.53333333333333,74.0,99.69135802469135,0.046296296296296294,14,0.9333333333333333,323,1,324,43,mixed,27,selector
mixed,e8bb625fe3a64e27,71,True,24.0,0.5833497308465366,22.0,1.339983416149452,1,SJF,1,SJF,False,0.0,0.21901486221748645,False,SJF,mixed,e8bb625fe3a64e27,15,1835,2231,1835,122.33333333333333,148.73333333333332,122.33333333333333,99.49748743718592,0.03768844221105527,14,0.9333333333333333,396,2,398,43,mixed,28,selector
mixed,4531602aff8b886f,70,True,21.0,0.7439751522168881,20.1875,1.3097921802925665,1,SJF,1,SJF,False,0.0,0.2743114947566033,False,SJF,mixed,4531602aff8b886f,15,1185,1508,1185,79.0,100.53333333333333,79.0,98.47560975609755,0.04573170731707317,14,0.9333333333333333,323,5,328,43,mixed,29,selector
cpu_bursty,502a1ddb29828a38,62,True,43.0,0.204692718010324,42.92857142857143,1.5577761927397231,1,SJF,1,SJF,False,0.0,0.16658076157283327,False,SJF,cpu_bursty,502a1ddb29828a38,15,3621,4222,3621,241.4,281.46666666666664,241.4,100.0,0.024958402662229616,14,0.9333333333333333,601,0,601,43,cpu_bursty,0,selector
cpu_bursty,69bc4a65f53b2b45,62,True,44.0,0.24737681853446197,41.92857142857143,1.4544949486180951,1,SJF,1,SJF,False,0.0,0.163310700259227,False,SJF,cpu_bursty,69bc4a65f53b2b45,15,3416,4003,3416,227.73333333333332,266.8666666666667,227.73333333333332,100.0,0.02555366269165247,14,0.9333333333333333,587,0,587,43,cpu_bursty,1,selector
cpu_bursty,d4ccb4d832518c7b,62,True,34.0,0.2588787516201015,34.4,1.4544949486180951,1,SJF,1,SJF,False,0.0,0.17305301529401054,False,SJF,cpu_bursty,d4ccb4d832518c7b,15,2966,3482,2966,197.73333333333332,232.13333333333333,197.73333333333332,100.0,0.029069767441860465,14,0.9333333333333333,516,0,516,43,cpu_bursty,2,selector
cpu_bursty,4316278ccc60a7c1,61,True,31.0,0.26952760323178204,35.785714285714285,1.32664991614216,1,SJF,1,SJF,False,0.0,0.18691049897122414,False,SJF,cpu_bursty,4316278ccc60a7c1,15,2879,3380,2879,191.93333333333334,225.33333333333334,191.93333333333334,100.0,0.029940119760479042,14,0.9333333333333333,501,0,501,43,cpu_bursty,3,selector
cpu_bursty,ed9a92945c192593,62,True,35.0,0.2852475135597938,47.54545454545455,1.4696938456699067,1,SJF,1,SJF,False,0.0,0.18089854514776965,False,SJF,cpu_bursty,ed9a92945c192593,15,3008,3531,3008,200.53333333333333,235.4,200.53333333333333,100.0,0.028680688336520075,14,0.9333333333333333,523,0,523,43,cpu_bursty,4,selector
cpu_bursty,d3aedd7b716ad321,62,True,35.0,0.2359133630714015,39.76923076923077,1.4142135623730951,1,SJF,1,SJF,False,0.0,0.16545445922785662,False,SJF,cpu_bursty,d3aedd7b716ad321,15,3071,3588,3071,204.73333333333332,239.2,204.73333333333332,99.8069498069498,0.02895752895752896,14,0.9333333333333333,517,1,518,43,cpu_bursty,5,selector
cpu_bursty,466a385862790322,62,True,35.0,0.24038536554237686,39.285714285714285,1.5832456116050557,1,SJF,1,SJF,False,0.0,0.15490628244425064,False,SJF,cpu_bursty,466a385862790322,15,3349,3899,3349,223.26666666666668,259.93333333333334,223.26666666666668,100.0,0.02727272727272727,14,0.9333333333333333,550,0,550,43,cpu_bursty,6,selector
cpu_bursty,4498efd6d9007e6e,62,True,27.0,0.2845283926625452,37.916666666666664,1.5260697523012796,1,SJF,1,SJF,False,0.0,0.16020884495086438,False,SJF,cpu_bursty,4498efd6d9007e6e,15,2580,3035,2580,172.0,202.33333333333334,172.0,99.78070175438596,0.03289473684210526,14,0.9333333333333333,455,1,456,43,cpu_bursty,7,selector
cpu_bursty,ba87ed84a40f295d,61,True,32.0,0.25011096506000774,32.266666666666666,1.0749676997731399,1,SJF,1,SJF,False,0.0,0.16086152135235599,False,SJF,cpu_bursty,ba87ed84a40f295d,15,2760,3244,2760,184.0,216.26666666666668,184.0,100.0,0.030991735537190084,14,0.9333333333333333,484,0,484,43,cpu_bursty,8,selector
cpu_bursty,a7759c09d0bb185d,62,True,38.0,0.21630566648903102,38.642857142857146,1.540562667772179,1,SJF,1,SJF,False,0.0,0.16978409322753202,False,SJF,cpu_bursty,a7759c09d0bb185d,15,3244,3785,3244,216.26666666666668,252.33333333333334,216.26666666666668,99.81549815498155,0.027675276752767528,14,0.9333333333333333,541,1,542,43,cpu_bursty,9,selector
cpu_bursty,c351cd5432410b2a,61,True,40.0,0.21322938585299758,40.857142857142854,1.3266499161421599,1,SJF,1,SJF,False,0.0,0.1790207063895702,False,SJF,cpu_bursty,c351cd5432410b2a,15,3425,3997,3425,228.33333333333334,266.46666666666664,228.33333333333334,100.0,0.026223776223776224,14,0.9333333333333333,572,0,572,43,cpu_bursty,10,selector
cpu_bursty,659bc4e2f9474299,62,True,32.0,0.32197448470603945,34.6,1.5832456116050557,1,SJF,1,SJF,False,0.0,0.19684407208037102,False,SJF,cpu_bursty,659bc4e2f9474299,15,2851,3370,2851,190.06666666666666,224.66666666666666,190.06666666666666,100.0,0.028901734104046242,14,0.9333333333333333,519,0,519,43,cpu_bursty,11,selector
cpu_bursty,16082a57901fb1ff,61,True,34.0,0.22999670089065685,34.333333333333336,1.0873004286866725,1,SJF,1,SJF,False,0.0,0.15798992569777742,False,SJF,cpu_bursty,16082a57901fb1ff,15,3034,3549,3034,202.26666666666668,236.6,202.26666666666668,100.0,0.02912621359223301,14,0.9333333333333333,515,0,515,43,cpu_bursty,12,selector
cpu_bursty,eb05e9c1fe924f8a,61,True,36.0,0.2816986546177832,31.4,1.2578641509408806,1,SJF,1,SJF,False,0.0,0.16214190512657062,False,SJF,cpu_bursty,eb05e9c1fe924f8a,15,2640,3111,2640,176.0,207.4,176.0,100.0,0.03184713375796178,14,0.9333333333333333,471,0,471,43,cpu_bursty,13,selector
cpu_bursty,94f323487a0d32d9,62,True,43.0,0.18664921302495613,40.46666666666667,1.4966629547095764,1,SJF,1,SJF,False,0.0,0.15791534079820907,False,SJF,cpu_bursty,94f323487a0d32d9,15,3750,4357,3750,250.0,290.46666666666664,250.0,100.0,0.02471169686985173,14,0.9333333333333333,607,0,607,43,cpu_bursty,14,selector
cpu_bursty,a8f48e0d9d34baa6,62,True,34.0,0.2587650166534847,36.142857142857146,1.6918103387266028,1,SJF,1,SJF,False,0.0,0.15768251021691157,False,SJF,cpu_bursty,a8f48e0d9d34baa6,15,2906,3412,2906,193.73333333333332,227.46666666666667,193.73333333333332,99.80276134122288,0.029585798816568046,14,0.9333333333333333,506,1,507,43,cpu_bursty,15,selector
cpu_bursty,225dc27a48ed8f1d,61,True,32.0,0.24071558373942256,35.785714285714285,1.0873004286866725,1,SJF,1,SJF,False,0.0,0.13912595600076355,False,SJF,cpu_bursty,225dc27a48ed8f1d,15,3057,3558,3057,203.8,237.2,203.8,99.800796812749,0.029880478087649404,14,0.9333333333333333,501,1,502,43,cpu_bursty,16,selector
cpu_bursty,0d712022cae7109d,62,True,26.0,0.31085327124315154,33.142857142857146,1.3984117975602022,1,SJF,1,SJF,False,0.0,0.19131159595453656,False,SJF,cpu_bursty,0d712022cae7109d,15,2663,3127,2663,177.53333333333333,208.46666666666667,177.53333333333333,99.78494623655914,0.03225806451612903,14,0.9333333333333333,464,1,465,43,cpu_bursty,17,selector
cpu_bursty,4e541768a2b48f9e,61,True,31.0,0.2536291586414571,33.57142857142857,1.3165611772087666,1,SJF,1,SJF,False,0.0,0.16495166740093192,False,SJF,cpu_bursty,4e541768a2b48f9e,15,2682,3152,2682,178.8,210.13333333333333,178.8,99.78768577494692,0.03184713375796178,14,0.9333333333333333,470,1,471,43,cpu_bursty,18,selector
cpu_bursty,8de288dbd572c867,62,True,41.0,0.24149819473717132,41.76923076923077,1.505545305418162,1,SJF,1,SJF,False,0.0,0.1620824075193535,False,SJF,cpu_bursty,8de288dbd572c867,15,3252,3795,3252,216.8,253.0,216.8,100.0,0.027624309392265192,14,0.9333333333333333,543,0,543,43,cpu_bursty,19,selector
cpu_bursty,d5352b3dc94bbf43,61,True,28.0,0.2706230907090808,31.466666666666665,1.0873004286866728,1,SJF,1,SJF,False,0.0,0.15296287204137024,False,SJF,cpu_bursty,d5352b3dc94bbf43,15,2809,3281,2809,187.26666666666668,218.73333333333332,187.26666666666668,100.0,0.03177966101694915,14,0.9333333333333333,472,0,472,43,cpu_bursty,20,selector
cpu_bursty,82bf0a6799e80a72,62,True,29.0,0.2999284018693728,36.38461538461539,1.5832456116050557,1,SJF,1,SJF,False,0.0,0.19241361838755017,False,SJF,cpu_bursty,82bf0a6799e80a72,15,2644,3117,2644,176.26666666666668,207.8,176.26666666666668,99.78902953586498,0.03164556962025317,14,0.9333333333333333,473,1,474,43,cpu_bursty,21,selector
cpu_bursty,a43faebe1863fe62,62,True,40.0,0.2748362807583223,38.214285714285715,1.4360439485692011,1,SJF,1,SJF,False,0.0,0.1830741654860794,False,SJF,cpu_bursty,a43faebe1863fe62,15,3038,3573,3038,202.53333333333333,238.2,202.53333333333333,100.0,0.028037383177570093,14,0.9333333333333333,535,0,535,43,cpu_bursty,22,selector
cpu_bursty,657b4d10b9fe207e,62,True,32.0,0.2574597743289319,37.0,1.569146972791976,1,SJF,1,SJF,False,0.0,0.1587301991760074,False,SJF,cpu_bursty,657b4d10b9fe207e,15,2927,3445,2927,195.13333333333333,229.66666666666666,195.13333333333333,100.0,0.02895752895752896,14,0.9333333333333333,518,0,518,43,cpu_bursty,23,selector
cpu_bursty,92751dacc45cacda,62,True,34.0,0.2403771895761186,37.07142857142857,1.4142135623730951,1,SJF,1,SJF,False,0.0,0.15162101685225365,False,SJF,cpu_bursty,92751dacc45cacda,15,3090,3609,3090,206.0,240.6,206.0,99.8076923076923,0.028846153846153848,14,0.9333333333333333,519,1,520,43,cpu_bursty,24,selector
cpu_bursty,f44d081f2259ccbb,62,True,31.0,0.282972546180091,33.0,1.3888444437333105,1,SJF,1,SJF,False,0.0,0.14760654008409868,False,SJF,cpu_bursty,f44d081f2259ccbb,15,2970,3465,2970,198.0,231.0,198.0,100.0,0.030303030303030304,14,0.9333333333333333,495,0,495,43,cpu_bursty,25,selector
cpu_bursty,24df1938c28c575a,61,True,34.0,0.26089239863962843,33.8,1.0832051206181281,1,SJF,1,SJF,False,0.0,0.14436113774464762,False,SJF,cpu_bursty,24df1938c28c575a,15,3093,3600,3093,206.2,240.0,206.2,100.0,0.029585798816568046,14,0.9333333333333333,507,0,507,43,cpu_bursty,26,selector
cpu_bursty,5cf7170429fb625c,61,True,41.0,0.25468581598680534,37.0,1.1352924243950933,1,SJF,1,SJF,False,0.0,0.17821908633486738,False,SJF,cpu_bursty,5cf7170429fb625c,15,3210,3765,3210,214.0,251.0,214.0,100.0,0.02702702702702703,14,0.9333333333333333,555,0,555,43,cpu_bursty,27,selector
cpu_bursty,4ab605343923f534,61,True,42.0,0.2682063990226682,41.57142857142857,1.32664991614216,1,SJF,1,SJF,False,0.0,0.16224615377727547,False,SJF,cpu_bursty,4ab605343923f534,15,3493,4075,3493,232.86666666666667,271.6666666666667,232.86666666666667,100.0,0.02577319587628866,14,0.9333333333333333,582,0,582,43,cpu_bursty,28,selector
cpu_bursty,1f03188d081f29dc,62,True,32.0,0.2612286900139635,35.5,1.5577761927397231,1,SJF,1,SJF,False,0.0,0.16148438284610506,False,SJF,cpu_bursty,1f03188d081f29dc,15,2930,3427,2930,195.33333333333334,228.46666666666667,195.33333333333334,100.0,0.030181086519114688,14,0.9333333333333333,497,0,497,43,cpu_bursty,29,selector
priority_skewed,35fbde053c613bf7,70,True,26.0,0.5317981578186606,19.263157894736842,1.2649110640673518,1,SJF,1,SJF,False,0.0,0.24647169396889512,False,SJF,priority_skewed,35fbde053c613bf7,15,1833,2199,1833,122.2,146.6,122.2,99.7275204359673,0.04087193460490463,14,0.9333333333333333,366,1,367,43,priority_skewed,0,selector
priority_skewed,3f7ca7c520945e4f,70,True,14.0,0.6523890395640402,15.68421052631579,1.3165611772087666,1,SJF,1,SJF,False,0.0,0.23709554251946247,False,SJF,priority_skewed,3f7ca7c520945e4f,15,1252,1550,1252,83.46666666666667,103.33333333333333,83.46666666666667,99.66555183946488,0.05016722408026756,14,0.9333333333333333,298,1,299,43,priority_skewed,1,selector
priority_skewed,5908be7c9ee75e40,70,True,25.0,0.5016056416247386,23.3125,1.18133634311129,1,SJF,1,SJF,False,0.0,0.2315805107360529,False,SJF,priority_skewed,5908be7c9ee75e40,15,1730,2103,1730,115.33333333333333,140.2,115.33333333333333,99.20212765957447,0.0398936170212766,14,0.9333333333333333,373,3,376,43,priority_skewed,2,selector
priority_skewed,9894774b0f7fe0fb,70,True,32.0,0.5237006435365748,19.35,1.0110500592068732,1,SJF,1,SJF,False,0.0,0.2014130233815534,False,SJF,priority_skewed,9894774b0f7fe0fb,15,1769,2156,1769,117.93333333333334,143.73333333333332,117.93333333333334,100.0,0.03875968992248062,14,0.9333333333333333,387,0,387,43,priority_skewed,3,selector
priority_skewed,f54ae889b76dc3b6,70,True,28.0,0.6337498255291654,20.157894736842106,1.0110500592068732,1,SJF,1,SJF,False,0.0,0.244860924356164,False,SJF,priority_skewed,f54ae889b76dc3b6,15,1575,1958,1575,105.0,130.53333333333333,105.0,100.0,0.0391644908616188,14,0.9333333333333333,383,0,383,43,priority_skewed,4,selector
priority_skewed,bb7160c65ead26cf,60,True,37.0,0.46617347450636154,24.0,0.6110100926607789,0,FCFS,0,FCFS,False,0.0,-0.014123271427692347,False,FCFS,priority_skewed,bb7160c65ead26cf,15,3329,3809,3329,221.93333333333334,253.93333333333334,221.93333333333334,100.0,0.03125,14,0.9333333333333333,480,0,480,43,priority_skewed,5,selector
priority_skewed,0279351d4f0b0e2e,70,True,25.0,0.5042232694794615,20.61111111111111,1.2578641509408803,1,SJF,1,SJF,False,0.0,0.1989688616834055,False,SJF,priority_skewed,0279351d4f0b0e2e,15,2090,2461,2090,139.33333333333334,164.06666666666666,139.33333333333334,99.73118279569893,0.04032258064516129,14,0.9333333333333333,371,1,372,43,priority_skewed,6,selector
priority_skewed,1cb7bca831dabdc7,70,True,18.0,0.6076251161472485,20.41176470588235,0.8,1,SJF,1,SJF,False,0.0,0.2599835282156505,False,SJF,priority_skewed,1cb7bca831dabdc7,15,1463,1810,1463,97.53333333333333,120.66666666666667,97.53333333333333,99.14285714285714,0.04285714285714286,14,0.9333333333333333,347,3,350,43,priority_skewed,7,selector
priority_skewed,198fbf57c44583cd,60,True,24.0,0.4619506317657531,22.8125,0.573488351136175,0,FCFS,0,FCFS,False,0.0,-0.025809303079672413,False,FCFS,priority_skewed,198fbf57c44583cd,15,2723,3088,2723,181.53333333333333,205.86666666666667,181.53333333333333,100.0,0.0410958904109589,14,0.9333333333333333,365,0,365,43,priority_skewed,8,selector
priority_skewed,70ab9e261279dc10,70,True,24.0,0.5172817409634477,21.529411764705884,1.0110500592068732,1,SJF,1,SJF,False,0.0,0.19889868661857224,False,SJF,priority_skewed,70ab9e261279dc10,15,1899,2265,1899,126.6,151.0,126.6,99.1869918699187,0.04065040650406504,14,0.9333333333333333,366,3,369,43,priority_skewed,9,selector
priority_skewed,8b5ebfc8e5ca0973,71,True,20.0,0.5811452509182774,27.5,1.4452988925785866,1,SJF,1,SJF,False,0.0,0.2621937242345759,False,SJF,priority_skewed,8b5ebfc8e5ca0973,15,1708,2093,1708,113.86666666666666,139.53333333333333,113.86666666666666,98.97172236503856,0.038560411311053984,14,0.9333333333333333,385,4,389,43,priority_skewed,10,selector
priority_skewed,25dd80ccd4a42d52,70,True,28.0,0.6075889012040836,22.705882352941178,1.1234866364235145,1,SJF,1,SJF,False,0.0,0.23590423060973795,False,SJF,priority_skewed,25dd80ccd4a42d52,15,1826,2212,1826,121.73333333333333,147.46666666666667,121.73333333333333,99.48453608247422,0.03865979381443299,14,0.9333333333333333,386,2,388,43,priority_skewed,11,selector
priority_skewed,8181e55ce8a98718,71,True,29.0,0.5384607033248133,19.45,1.4544949486180951,1,SJF,1,SJF,False,0.0,0.2717845532024603,False,SJF,priority_skewed,8181e55ce8a98718,15,1757,2146,1757,117.13333333333334,143.06666666666666,117.13333333333334,100.0,0.038560411311053984,14,0.9333333333333333,389,0,389,43,priority_skewed,12,selector
priority_skewed,d1f8af7262127a0b,70,True,17.0,0.5955503895355692,16.3,0.7999999999999999,1,SJF,1,SJF,False,0.0,0.2685785664342662,False,SJF,priority_skewed,d1f8af7262127a0b,15,1372,1698,1372,91.46666666666667,113.2,91.46666666666667,100.0,0.046012269938650305,14,0.9333333333333333,326,0,326,43,priority_skewed,13,selector
priority_skewed,f494ef2693f38edc,70,True,33.0,0.5302463062345728,26.625,1.0624918300339483,1,SJF,1,SJF,False,0.0,0.23570063844999933,False,SJF,priority_skewed,f494ef2693f38edc,15,1928,2354,1928,128.53333333333333,156.93333333333334,128.53333333333333,99.3006993006993,0.03496503496503497,14,0.9333333333333333,426,3,429,43,priority_skewed,14,selector
priority_skewed,2a48875c283068f5,61,True,35.0,0.48296327378726894,22.55,1.3097921802925665,1,SJF,1,SJF,False,0.0,0.20164395815786984,False,SJF,priority_skewed,2a48875c283068f5,15,2110,2561,2110,140.66666666666666,170.73333333333332,140.66666666666666,100.0,0.03325942350332594,14,0.9333333333333333,451,0,451,43,priority_skewed,15,selector
priority_skewed,2e4cf99346e12dae,61,True,30.0,0.3081145002027244,29.733333333333334,0.8844332774281064,1,SJF,1,SJF,False,0.0,0.16899635709673233,False,SJF,priority_skewed,2e4cf99346e12dae,15,2446,2892,2446,163.06666666666666,192.8,163.06666666666666,98.89135254988913,0.03325942350332594,14,0.9333333333333333,446,5,451,43,priority_skewed,16,selector
priority_skewed,0d1830de9bdc488b,70,True,25.0,0.5539969724412128,19.35,1.2892719737209144,1,SJF,1,SJF,False,0.0,0.1793463841049387,False,SJF,priority_skewed,0d1830de9bdc488b,15,2027,2414,2027,135.13333333333333,160.93333333333334,135.13333333333333,100.0,0.03875968992248062,14,0.9333333333333333,387,0,387,43,priority_skewed,17,selector
priority_skewed,4280f057ee596fab,62,True,33.0,0.4879729982886589,22.36842105263158,1.4047538337136984,1,SJF,1,SJF,False,0.0,0.23731315598534836,False,SJF,priority_skewed,4280f057ee596fab,15,2054,2479,2054,136.93333333333334,165.26666666666668,136.93333333333334,100.0,0.03529411764705882,14,0.9333333333333333,425,0,425,43,priority_skewed,18,selector
priority_skewed,0bc149e2d356655d,61,True,38.0,0.43500982281642964,24.68421052631579,1.2649110640673518,1,SJF,1,SJF,False,0.0,0.19435736963287065,False,SJF,priority_skewed,0bc149e2d356655d,15,2404,2873,2404,160.26666666666668,191.53333333333333,160.26666666666668,100.0,0.031982942430703626,14,0.9333333333333333,469,0,469,43,priority_skewed,19,selector
priority_skewed,b53fedae77133a94,70,True,34.0,0.5209930941683871,24.58823529411765,0.9285592184789412,1,SJF,1,SJF,False,0.0,0.2372374350237349,False,SJF,priority_skewed,b53fedae77133a94,15,2038,2456,2038,135.86666666666667,163.73333333333332,135.86666666666667,100.0,0.03588516746411483,14,0.9333333333333333,418,0,418,43,priority_skewed,20,selector
priority_skewed,7f803e319de0f562,69,True,14.0,0.7618340711114553,15.421052631578947,0.5962847939999439,1,SJF,1,SJF,False,0.0,0.27704850941480264,False,SJF,priority_skewed,7f803e319de0f562,15,1005,1298,1005,67.0,86.53333333333333,67.0,99.65986394557824,0.05102040816326531,14,0.9333333333333333,293,1,294,43,priority_skewed,21,selector
priority_skewed,73083e47cf495896,62,True,35.0,0.4345426693509066,24.0,1.4817407180595246,1,SJF,1,SJF,False,0.0,0.22481889097027874,False,SJF,priority_skewed,73083e47cf495896,15,2193,2649,2193,146.2,176.6,146.2,99.78118161925602,0.03282275711159737,14,0.9333333333333333,456,1,457,43,priority_skewed,22,selector
priority_skewed,bd89fab927139e34,70,True,25.0,0.6324321853020127,24.125,0.8537498983243799,1,SJF,1,SJF,False,0.0,0.2358947633212863,False,SJF,priority_skewed,bd89fab927139e34,15,1674,2060,1674,111.6,137.33333333333334,111.6,99.48453608247422,0.03865979381443299,14,0.9333333333333333,386,2,388,43,priority_skewed,23,selector
priority_skewed,4559e6e6a28da756,71,True,20.0,0.5856620185738529,15.789473684210526,1.4996295838935991,1,SJF,1,SJF,False,0.0,0.23473479715824377,False,SJF,priority_skewed,4559e6e6a28da756,15,1369,1669,1369,91.26666666666667,111.26666666666667,91.26666666666667,99.66777408637874,0.04983388704318937,14,0.9333333333333333,300,1,301,43,priority_skewed,24,selector
priority_skewed,f605ffe81c8aff23,62,True,30.0,0.3937315199522659,22.666666666666668,1.3984117975602022,1,SJF,1,SJF,False,0.0,0.1863902434427696,False,SJF,priority_skewed,f605ffe81c8aff23,15,2064,2472,2064,137.6,164.8,137.6,99.75550122249389,0.03667481662591687,14,0.9333333333333333,408,1,409,43,priority_skewed,25,selector
priority_skewed,f204f3497648f00e,61,True,27.0,0.4519769516057953,22.77777777777778,0.8055363982396382,1,SJF,1,SJF,False,0.0,0.1947238983311972,False,SJF,priority_skewed,f204f3497648f00e,15,2149,2559,2149,143.26666666666668,170.6,143.26666666666668,100.0,0.036585365853658534,14,0.9333333333333333,410,0,410,43,priority_skewed,26,selector
priority_skewed,67d507b9db01e6f1,61,True,24.0,0.421898975889784,21.529411764705884,1.2036980056845192,1,SJF,1,SJF,False,0.0,0.20144146215376907,False,SJF,priority_skewed,67d507b9db01e6f1,15,1873,2239,1873,124.86666666666666,149.26666666666668,124.86666666666666,100.0,0.040983606557377046,14,0.9333333333333333,366,0,366,43,priority_skewed,27,selector
priority_skewed,d64ae2a649ad54fb,70,True,26.0,0.6343301951778834,20.823529411764707,1.0110500592068734,1,SJF,1,SJF,False,0.0,0.21133202009138052,False,SJF,priority_skewed,d64ae2a649ad54fb,15,1636,1990,1636,109.06666666666666,132.66666666666666,109.06666666666666,100.0,0.0423728813559322,14,0.9333333333333333,354,0,354,43,priority_skewed,28,selector
priority_skewed,874c8c3446282847,69,True,14.0,0.7024128009305876,16.235294117647058,0.6182412330330469,1,SJF,1,SJF,False,0.0,0.2475839163463261,False,SJF,priority_skewed,874c8c3446282847,15,1151,1427,1151,76.73333333333333,95.13333333333334,76.73333333333333,98.9247311827957,0.053763440860215055,14,0.9333333333333333,276,3,279,43,priority_skewed,29,selector
staggered_interactive,60dc6122b5b9cba1,18,True,2.0,1.6400991556302436,0.726027397260274,0.0,2,Round Robin,2,Round Robin,False,0.0,0.31488505275581025,False,Round Robin,staggered_interactive,60dc6122b5b9cba1,15,27,80,15,1.8,5.333333333333333,1.0,69.73684210526316,0.19736842105263158,19,1.2666666666666666,53,23,76,43,staggered_interactive,0,selector
staggered_interactive,e02acf0cf2351a88,18,True,2.0,2.2605760508402835,1.0144927536231885,0.0,2,Round Robin,2,Round Robin,False,0.0,0.4280109855042915,False,Round Robin,staggered_interactive,e02acf0cf2351a88,15,67,137,45,4.466666666666667,9.133333333333333,3.0,100.0,0.21428571428571427,23,1.5333333333333334,70,0,70,43,staggered_interactive,1,selector
staggered_interactive,2b9f1d4cba299f2c,18,True,2.0,1.8270242886944033,0.7761194029850746,0.0,2,Round Robin,2,Round Robin,False,0.0,0.45060541220570643,False,Round Robin,staggered_interactive,2b9f1d4cba299f2c,15,21,73,13,1.4,4.866666666666666,0.8666666666666667,75.3623188405797,0.21739130434782608,20,1.3333333333333333,52,17,69,43,staggered_interactive,2,selector
staggered_interactive,e6b0b2bfaa7695bd,18,True,2.0,1.9793483951048514,1.0793650793650793,0.0,2,Round Robin,2,Round Robin,False,0.0,0.3828077266515263,False,Round Robin,staggered_interactive,e6b0b2bfaa7695bd,15,89,157,62,5.933333333333334,10.466666666666667,4.133333333333334,100.0,0.22058823529411764,22,1.4666666666666666,68,0,68,43,staggered_interactive,3,selector
staggered_interactive,056a96b35ab222ac,18,True,2.0,2.0677897432951413,0.9393939393939394,0.0,2,Round Robin,2,Round Robin,False,0.0,0.46908890186820795,False,Round Robin,staggered_interactive,056a96b35ab222ac,15,40,102,26,2.6666666666666665,6.8,1.7333333333333334,91.17647058823529,0.22058823529411764,22,1.4666666666666666,62,6,68,43,staggered_interactive,4,selector
staggered_interactive,f4cb447c8b03b3c9,18,True,2.0,1.8716628297262787,0.9253731343283582,0.0,2,Round Robin,2,Round Robin,False,0.0,0.35654905382203084,False,Round Robin,staggered_interactive,f4cb447c8b03b3c9,15,60,122,40,4.0,8.133333333333333,2.6666666666666665,89.85507246376811,0.21739130434782608,21,1.4,62,7,69,43,staggered_interactive,5,selector
staggered_interactive,c3234f17841a5c7c,18,True,2.0,2.3728911152638164,0.9859154929577465,0.0,2,Round Robin,2,Round Robin,False,0.0,0.4754504940017105,False,Round Robin,staggered_interactive,c3234f17841a5c7c,15,50,120,32,3.3333333333333335,8.0,2.1333333333333333,94.5945945945946,0.20270270270270271,24,1.6,70,4,74,43,staggered_interactive,6,selector
staggered_interactive,db4e7e7ee77274d6,18,True,3.0,2.1133840915092006,1.1095890410958904,0.0,2,Round Robin,2,Round Robin,False,0.0,0.4498723858723859,False,Round Robin,staggered_interactive,db4e7e7ee77274d6,15,80,161,47,5.333333333333333,10.733333333333333,3.1333333333333333,100.0,0.18518518518518517,24,1.6,81,0,81,43,staggered_interactive,7,selector
staggered_interactive,06d6c7bae4c69388,18,True,2.0,2.1701074607457973,0.9850746268656716,0.0,2,Round Robin,2,Round Robin,False,0.0,0.4323094324107273,False,Round Robin,staggered_interactive,06d6c7bae4c69388,15,65,131,45,4.333333333333333,8.733333333333333,3.0,97.05882352941177,0.22058823529411764,22,1.4666666666666666,66,2,68,43,staggered_interactive,8,selector
staggered_interactive,c51a802b1fe7d36d,18,True,2.0,1.8083195323974133,0.9014084507042254,0.0,2,Round Robin,2,Round Robin,False,0.0,0.4174513574738018,False,Round Robin,staggered_interactive,c51a802b1fe7d36d,15,40,104,23,2.6666666666666665,6.933333333333334,1.5333333333333334,86.48648648648648,0.20270270270270271,21,1.4,64,10,74,43,staggered_interactive,9,selector
staggered_interactive,ef785d44e1bf6b71,18,True,2.0,1.8123463729790632,0.8611111111111112,0.0,2,Round Robin,2,Round Robin,False,0.0,0.3310809595947591,False,Round Robin,staggered_interactive,ef785d44e1bf6b71,15,58,120,38,3.8666666666666667,8.0,2.533333333333333,84.93150684931507,0.2054794520547945,20,1.3333333333333333,62,11,73,43,staggered_interactive,10,selector
staggered_interactive,1893024cca6554ff,18,True,1.0,1.9741122920350263,0.782608695652174,0.0,2,Round Robin,2,Round Robin,False,0.0,0.3882932268239789,False,Round Robin,staggered_interactive,1893024cca6554ff,15,38,92,24,2.533333333333333,6.133333333333334,1.6,75.0,0.20833333333333334,20,1.3333333333333333,54,18,72,43,staggered_interactive,11,selector
staggered_interactive,6b1bcd52e4afef2c,18,True,1.0,2.1600271612020654,0.8153846153846154,0.0,2,Round Robin,2,Round Robin,False,0.0,0.4020520534549314,False,Round Robin,staggered_interactive,6b1bcd52e4afef2c,15,37,90,26,2.466666666666667,6.0,1.7333333333333334,80.3030303030303,0.22727272727272727,20,1.3333333333333333,53,13,66,43,staggered_interactive,12,selector
staggered_interactive,cb85e8602eded520,18,True,2.0,1.7123759531594336,0.7971014492753623,0.0,2,Round Robin,2,Round Robin,False,0.0,0.44922796498381107,False,Round Robin,staggered_interactive,cb85e8602eded520,15,21,76,10,1.4,5.066666666666666,0.6666666666666666,76.38888888888889,0.20833333333333334,20,1.3333333333333333,55,17,72,43,staggered_interactive,13,selector
staggered_interactive,8de62b1b34a0b16a,18,True,1.0,2.0762330797993016,0.7638888888888888,0.0,2,Round Robin,2,Round Robin,False,0.0,0.4400782891086872,False,Round Robin,staggered_interactive,8de62b1b34a0b16a,15,35,90,21,2.3333333333333335,6.0,1.4,75.34246575342466,0.2054794520547945,20,1.3333333333333333,55,18,73,43,staggered_interactive,14,selector
staggered_interactive,f4c67d52f9f70e50,18,True,3.0,1.7833473775045787,0.8591549295774648,0.0,2,Round Robin,2,Round Robin,False,0.0,0.39056662627112726,False,Round Robin,staggered_interactive,f4c67d52f9f70e50,15,38,99,24,2.533333333333333,6.6,1.6,83.56164383561644,0.2054794520547945,20,1.3333333333333333,61,12,73,43,staggered_interactive,15,selector
staggered_interactive,e0e97f92f0ddb894,18,True,2.0,2.235728524987566,1.0694444444444444,0.0,2,Round Robin,2,Round Robin,False,0.0,0.47348238288528927,False,Round Robin,staggered_interactive,e0e97f92f0ddb894,15,68,145,42,4.533333333333333,9.666666666666666,2.8,100.0,0.19480519480519481,24,1.6,77,0,77,43,staggered_interactive,16,selector
staggered_interactive,3bd4143ea7cbec5e,18,True,2.0,1.8970412309959852,0.7397260273972602,0.0,2,Round Robin,2,Round Robin,False,0.0,0.3991940139547757,False,Round Robin,staggered_interactive,3bd4143ea7cbec5e,15,25,79,16,1.6666666666666667,5.266666666666667,1.0666666666666667,71.05263157894737,0.19736842105263158,20,1.3333333333333333,54,22,76,43,staggered_interactive,17,selector
staggered_interactive,add72bbc9121389e,18,True,2.0,1.8563360093208843,0.8636363636363636,0.0,2,Round Robin,2,Round Robin,False,0.0,0.3709711585231091,False,Round Robin,staggered_interactive,add72bbc9121389e,15,37,94,23,2.466666666666667,6.266666666666667,1.5333333333333334,82.6086956521739,0.21739130434782608,20,1.3333333333333333,57,12,69,43,staggered_interactive,18,selector
staggered_interactive,5e44b7e00019c9ad,18,True,1.0,2.3943719010597264,1.0724637681159421,0.0,2,Round Robin,2,Round Robin,False,0.0,0.5187761316188032,False,Round Robin,staggered_interactive,5e44b7e00019c9ad,15,53,127,28,3.533333333333333,8.466666666666667,1.8666666666666667,100.0,0.20270270270270271,26,1.7333333333333334,74,0,74,43,staggered_interactive,19,selector
staggered_interactive,988f8e17eef797c4,18,True,2.0,1.8300580389800492,0.7428571428571429,0.0,2,Round Robin,2,Round Robin,False,0.0,0.356711368012267,False,Round Robin,staggered_interactive,988f8e17eef797c4,15,36,88,22,2.4,5.866666666666666,1.4666666666666666,71.23287671232876,0.2054794520547945,19,1.2666666666666666,52,21,73,43,staggered_interactive,20,selector
staggered_interactive,4337831fb0505d69,18,True,2.0,1.6085311464126493,0.8,0.0,2,Round Robin,2,Round Robin,False,0.0,0.4503103725403333,False,Round Robin,staggered_interactive,4337831fb0505d69,15,19,75,8,1.2666666666666666,5.0,0.5333333333333333,76.71232876712328,0.2054794520547945,20,1.3333333333333333,56,17,73,43,staggered_interactive,21,selector
staggered_interactive,5662fd17ab6c8e2b,18,True,2.0,2.2692695934010634,1.1176470588235294,0.0,2,Round Robin,2,Round Robin,False,0.0,0.4690487151219824,False,Round Robin,staggered_interactive,5662fd17ab6c8e2b,15,76,152,51,5.066666666666666,10.133333333333333,3.4,100.0,0.19736842105263158,24,1.6,76,0,76,43,staggered_interactive,22,selector
staggered_interactive,4cd5052469bf3814,18,True,2.0,2.0941555645043826,0.9,0.0,2,Round Robin,2,Round Robin,False,0.0,0.45368758274423604,False,Round Robin,staggered_interactive,4cd5052469bf3814,15,40,103,24,2.6666666666666665,6.866666666666666,1.6,86.3013698630137,0.2054794520547945,22,1.4666666666666666,63,10,73,43,staggered_interactive,23,selector
staggered_interactive,323a7bd2d2ab762c,18,True,3.0,1.7683770271233252,1.0,0.0,2,Round Robin,2,Round Robin,False,0.0,0.341693690393739,False,Round Robin,staggered_interactive,323a7bd2d2ab762c,15,69,140,47,4.6,9.333333333333334,3.1333333333333333,95.94594594594595,0.20270270270270271,21,1.4,71,3,74,43,staggered_interactive,24,selector
staggered_interactive,cc9c21447d78b1c8,18,True,2.0,1.7533037597843886,0.7297297297297297,0.0,2,Round Robin,2,Round Robin,False,0.0,0.40924174972021937,False,Round Robin,staggered_interactive,cc9c21447d78b1c8,15,25,79,15,1.6666666666666667,5.266666666666667,1.0,70.12987012987013,0.19480519480519481,19,1.2666666666666666,54,23,77,43,staggered_interactive,25,selector
staggered_interactive,90866cba98035a61,18,True,2.0,2.1115859001827078,1.1343283582089552,0.0,2,Round Robin,2,Round Robin,False,0.0,0.46027037413508193,False,Round Robin,staggered_interactive,90866cba98035a61,15,80,156,49,5.333333333333333,10.4,3.2666666666666666,100.0,0.19736842105263158,24,1.6,76,0,76,43,staggered_interactive,26,selector
staggered_interactive,e2e81f0a955e9e1b,18,True,2.0,1.8455551024337695,0.8472222222222222,0.0,2,Round Robin,2,Round Robin,False,0.0,0.42771630190350707,False,Round Robin,staggered_interactive,e2e81f0a955e9e1b,15,35,96,22,2.3333333333333335,6.4,1.4666666666666666,81.33333333333333,0.2,21,1.4,61,14,75,43,staggered_interactive,27,selector
staggered_interactive,15bea3ad529b4676,18,True,2.0,2.1296829341043537,0.8382352941176471,0.0,2,Round Robin,2,Round Robin,False,0.0,0.4603766644546153,False,Round Robin,staggered_interactive,15bea3ad529b4676,15,32,89,21,2.1333333333333333,5.933333333333334,1.4,81.42857142857143,0.21428571428571427,21,1.4,57,13,70,43,staggered_interactive,28,selector
staggered_interactive,22845fca3c640900,18,True,2.0,1.980986612392297,0.9714285714285714,0.0,2,Round Robin,2,Round Robin,False,0.0,0.43375365509984254,False,Round Robin,staggered_interactive,22845fca3c640900,15,66,134,39,4.4,8.933333333333334,2.6,95.77464788732394,0.2112676056338028,23,1.5333333333333334,68,3,71,43,staggered_interactive,29,selector
poisson_arrivals,7888caf575754b00,40,False,12.0,0.6422075401028012,8.263157894736842,1.236482466066094,0,FCFS,0,FCFS,False,0.0,-0.12139552166178194,False,FCFS,poisson_arrivals,7888caf575754b00,15,935,1092,935,62.333333333333336,72.8,62.333333333333336,100.0,0.09554140127388536,14,0.9333333333333333,157,0,157,43,poisson_arrivals,0,selector
poisson_arrivals,e3888f74b7f9555d,41,True,8.0,0.610226369275643,4.787878787878788,1.4907119849998598,1,SJF,1,SJF,False,0.0,0.26964663999984084,False,SJF,poisson_arrivals,e3888f74b7f9555d,15,603,761,603,40.2,50.733333333333334,40.2,100.0,0.0949367088607595,14,0.9333333333333333,158,0,158,43,poisson_arrivals,1,selector
poisson_arrivals,4cb892f1d6eb864f,41,True,12.0,0.5060450991167658,4.184210526315789,1.5577761927397231,1,SJF,1,SJF,False,0.0,0.2265090002655697,False,SJF,poisson_arrivals,4cb892f1d6eb864f,15,545,704,545,36.333333333333336,46.93333333333333,36.333333333333336,99.375,0.09375,14,0.9333333333333333,159,1,160,43,poisson_arrivals,2,selector
poisson_arrivals,eb85699c1c5a7f5f,40,False,7.0,0.6153054713272649,5.4,1.2036980056845192,0,FCFS,0,FCFS,False,0.0,-0.026298796347095095,False,FCFS,poisson_arrivals,eb85699c1c5a7f5f,15,729,864,729,48.6,57.6,48.6,100.0,0.1111111111111111,14,0.9333333333333333,135,0,135,43,poisson_arrivals,3,selector
poisson_arrivals,76d5fac4483c71b8,41,True,7.0,0.5935634374189763,6.782608695652174,1.4605934866804429,1,SJF,1,SJF,False,0.0,0.19737431796549254,False,SJF,poisson_arrivals,76d5fac4483c71b8,15,512,668,512,34.13333333333333,44.53333333333333,34.13333333333333,100.0,0.09615384615384616,14,0.9333333333333333,156,0,156,43,poisson_arrivals,4,selector
poisson_arrivals,134d06a5e4c762d1,32,True,12.0,0.3764429264103815,7.708333333333333,1.4817407180595246,0,FCFS,0,FCFS,False,0.0,0.04127170187248571,False,FCFS,poisson_arrivals,134d06a5e4c762d1,15,1163,1348,1163,77.53333333333333,89.86666666666666,77.53333333333333,100.0,0.08108108108108109,14,0.9333333333333333,185,0,185,43,poisson_arrivals,5,selector
poisson_arrivals,d0470914f4412bc9,40,False,8.0,0.6723290616859425,3.764705882352941,1.0873004286866728,0,FCFS,0,FCFS,False,0.0,-0.1389801171989326,False,FCFS,poisson_arrivals,d0470914f4412bc9,15,718,846,718,47.86666666666667,56.4,47.86666666666667,100.0,0.1171875,14,0.9333333333333333,128,0,128,43,poisson_arrivals,6,selector
poisson_arrivals,f3c29878db8a2cc7,40,False,7.0,0.6370050869860271,5.074074074074074,1.2,0,FCFS,0,FCFS,False,0.0,-0.049400310797795284,False,FCFS,poisson_arrivals,f3c29878db8a2cc7,15,802,939,802,53.46666666666667,62.6,53.46666666666667,100.0,0.10948905109489052,14,0.9333333333333333,137,0,137,43,poisson_arrivals,7,selector
poisson_arrivals,bc85ed897cdefd4f,31,False,13.0,0.394312111896023,4.842105263157895,1.3063945294843615,0,FCFS,0,FCFS,False,0.0,-0.036778659362431326,False,FCFS,poisson_arrivals,bc85ed897cdefd4f,15,1101,1285,1101,73.4,85.66666666666667,73.4,100.0,0.08152173913043478,14,0.9333333333333333,184,0,184,43,poisson_arrivals,8,selector
poisson_arrivals,86ba4f452ff5a54c,67,False,14.0,0.5014596622958688,4.219512195121951,1.1925695879998877,0,FCFS,0,FCFS,False,0.0,-0.01310315447443558,False,FCFS,poisson_arrivals,86ba4f452ff5a54c,15,811,984,811,54.06666666666667,65.6,54.06666666666667,100.0,0.08670520231213873,14,0.9333333333333333,173,0,173,43,poisson_arrivals,9,selector
poisson_arrivals,a59973be4abafb1a,59,False,14.0,0.30747756717886177,5.8,1.339983416149452,0,FCFS,0,FCFS,False,0.0,0.03538137542878246,False,FCFS,poisson_arrivals,a59973be4abafb1a,15,1198,1401,1198,79.86666666666666,93.4,79.86666666666666,100.0,0.07389162561576355,14,0.9333333333333333,203,0,203,43,poisson_arrivals,10,selector
poisson_arrivals,d05fde16395c2f4d,40,False,9.0,0.5605224433629058,5.193548387096774,1.2649110640673518,0,FCFS,0,FCFS,False,0.0,-0.056507937650154966,False,FCFS,poisson_arrivals,d05fde16395c2f4d,15,1033,1194,1033,68.86666666666666,79.6,68.86666666666666,100.0,0.09316770186335403,14,0.9333333333333333,161,0,161,43,poisson_arrivals,11,selector
poisson_arrivals,10d62453fa56fd4d,31,False,12.0,0.39391116279578386,6.233333333333333,1.1469767022723503,0,FCFS,0,FCFS,False,0.0,-0.00577685550312227,False,FCFS,poisson_arrivals,10d62453fa56fd4d,15,1105,1292,1105,73.66666666666667,86.13333333333334,73.66666666666667,100.0,0.08021390374331551,14,0.9333333333333333,187,0,187,43,poisson_arrivals,12,selector
poisson_arrivals,9832bdfe134f0ab5,41,True,8.0,0.5189838502696814,6.318181818181818,1.505545305418162,1,SJF,1,SJF,False,0.0,0.17791510132346988,False,SJF,poisson_arrivals,9832bdfe134f0ab5,15,538,677,538,35.86666666666667,45.13333333333333,35.86666666666667,98.58156028368795,0.10638297872340426,14,0.9333333333333333,139,2,141,43,poisson_arrivals,13,selector
poisson_arrivals,0ec26c719c7a77b2,31,False,11.0,0.4395245364957664,8.380952380952381,1.1813363431112902,0,FCFS,0,FCFS,False,0.0,-0.017369347393558866,False,FCFS,poisson_arrivals,0ec26c719c7a77b2,15,1138,1314,1138,75.86666666666666,87.6,75.86666666666666,100.0,0.08522727272727272,14,0.9333333333333333,176,0,176,43,poisson_arrivals,14,selector
poisson_arrivals,f5352efe41b5b1a1,41,True,8.0,0.5025735980231272,4.866666666666666,1.4817407180595246,1,SJF,1,SJF,False,0.0,0.20858246223285556,False,SJF,poisson_arrivals,f5352efe41b5b1a1,15,571,717,571,38.06666666666667,47.8,38.06666666666667,100.0,0.10273972602739725,14,0.9333333333333333,146,0,146,43,poisson_arrivals,15,selector
poisson_arrivals,b34d54ecaa5fd59f,40,False,12.0,0.5028371341120272,4.351351351351352,1.247219128924647,0,FCFS,0,FCFS,False,0.0,-0.05281437547451324,False,FCFS,poisson_arrivals,b34d54ecaa5fd59f,15,836,997,836,55.733333333333334,66.46666666666667,55.733333333333334,100.0,0.09316770186335403,14,0.9333333333333333,161,0,161,43,poisson_arrivals,16,selector
poisson_arrivals,b71ae3d23e7db129,40,False,11.0,0.5672370599784259,7.454545454545454,1.2036980056845192,0,FCFS,0,FCFS,False,0.0,-0.04784120911832351,False,FCFS,poisson_arrivals,b71ae3d23e7db129,15,1080,1244,1080,72.0,82.93333333333334,72.0,100.0,0.09146341463414634,14,0.9333333333333333,164,0,164,43,poisson_arrivals,17,selector
poisson_arrivals,b9c9fe4f0b025dc8,40,False,6.0,0.6424639045875815,3.2058823529411766,1.0749676997731399,0,FCFS,0,FCFS,False,0.0,-0.13069278970597006,False,FCFS,poisson_arrivals,b9c9fe4f0b025dc8,15,662,771,662,44.13333333333333,51.4,44.13333333333333,100.0,0.13761467889908258,14,0.9333333333333333,109,0,109,43,poisson_arrivals,18,selector
poisson_arrivals,814e3f9a1051ec9f,41,True,6.0,0.6870467653279094,4.5,1.4079141387961918,1,SJF,1,SJF,False,0.0,0.30210885809342913,False,SJF,poisson_arrivals,814e3f9a1051ec9f,15,405,531,405,27.0,35.4,27.0,100.0,0.11904761904761904,14,0.9333333333333333,126,0,126,43,poisson_arrivals,19,selector
poisson_arrivals,aa1784e35107685d,58,False,14.0,0.37263780725859036,7.481481481481482,1.1661903789690602,0,FCFS,0,FCFS,False,0.0,-0.007935990774704,False,FCFS,poisson_arrivals,aa1784e35107685d,15,1325,1527,1325,88.33333333333333,101.8,88.33333333333333,100.0,0.07425742574257425,14,0.9333333333333333,202,0,202,43,poisson_arrivals,20,selector
poisson_arrivals,8ea24dff68d5e55c,41,True,9.0,0.6456222353726839,6.478260869565218,1.4236104336041748,1,SJF,1,SJF,False,0.0,0.2271576313401751,False,SJF,poisson_arrivals,8ea24dff68d5e55c,15,536,685,536,35.733333333333334,45.666666666666664,35.733333333333334,100.0,0.10067114093959731,14,0.9333333333333333,149,0,149,43,poisson_arrivals,21,selector
poisson_arrivals,1f135c67407c0a47,32,True,11.0,0.45986795045529716,5.62962962962963,1.569146972791976,0,FCFS,0,FCFS,False,0.0,-0.05423233629269224,False,FCFS,poisson_arrivals,1f135c67407c0a47,15,998,1150,998,66.53333333333333,76.66666666666667,66.53333333333333,100.0,0.09868421052631579,14,0.9333333333333333,152,0,152,43,poisson_arrivals,22,selector
poisson_arrivals,c97340b846c5195c,41,True,9.0,0.5441539394469049,3.3469387755102042,1.4360439485692011,1,SJF,1,SJF,False,0.0,0.18957359172980479,False,SJF,poisson_arrivals,c97340b846c5195c,15,488,652,488,32.53333333333333,43.46666666666667,32.53333333333333,100.0,0.09146341463414634,14,0.9333333333333333,164,0,164,43,poisson_arrivals,23,selector
poisson_arrivals,8c65d4cd5082f574,32,True,9.0,0.4177147312554573,7.105263157894737,1.349897115421106,0,FCFS,0,FCFS,False,0.0,-0.05727072669374086,False,FCFS,poisson_arrivals,8c65d4cd5082f574,15,879,1014,879,58.6,67.6,58.6,100.0,0.1111111111111111,14,0.9333333333333333,135,0,135,43,poisson_arrivals,24,selector
poisson_arrivals,c66da603036c55e3,41,True,6.0,0.6558678370961144,4.785714285714286,1.4360439485692011,1,SJF,1,SJF,False,0.0,0.27169086232594997,False,SJF,poisson_arrivals,c66da603036c55e3,15,444,578,444,29.6,38.53333333333333,29.6,100.0,0.11194029850746269,14,0.9333333333333333,134,0,134,43,poisson_arrivals,25,selector
poisson_arrivals,da7b7b2c80c3408a,32,True,11.0,0.4794064347022331,4.365853658536586,1.4544949486180951,0,FCFS,0,FCFS,False,0.0,0.0023516270082384813,False,FCFS,poisson_arrivals,da7b7b2c80c3408a,15,896,1075,896,59.733333333333334,71.66666666666667,59.733333333333334,100.0,0.08379888268156424,14,0.9333333333333333,179,0,179,43,poisson_arrivals,26,selector
poisson_arrivals,8d4c5d162e732f09,40,False,9.0,0.6298382748495706,4.588235294117647,1.2754084313139327,0,FCFS,0,FCFS,False,0.0,-0.1412358879801488,False,FCFS,poisson_arrivals,8d4c5d162e732f09,15,1137,1293,1137,75.8,86.2,75.8,100.0,0.09615384615384616,14,0.9333333333333333,156,0,156,43,poisson_arrivals,27,selector
poisson_arrivals,3313581f5f54ee0f,41,True,9.0,0.6852425497783124,3.022727272727273,1.436043948569201,1,SJF,1,SJF,False,0.0,0.26176153108230127,False,SJF,poisson_arrivals,3313581f5f54ee0f,15,333,466,333,22.2,31.066666666666666,22.2,100.0,0.11278195488721804,14,0.9333333333333333,133,0,133,43,poisson_arrivals,28,selector
poisson_arrivals,c09093ceb1a9648d,41,True,7.0,0.6696000730380037,5.333333333333333,1.54344492037203,1,SJF,1,SJF,False,0.0,0.21726516925178813,False,SJF,poisson_arrivals,c09093ceb1a9648d,15,443,571,443,29.533333333333335,38.06666666666667,29.533333333333335,100.0,0.1171875,14,0.9333333333333333,128,0,128,43,poisson_arrivals,29,selector
short_jobs,95f0423017b8c3db,50,True,4.0,1.2164637261954017,9.55,1.4544949486180951,1,SJF,1,SJF,False,0.0,0.22093393507054318,False,SJF,short_jobs,95f0423017b8c3db,15,721,912,721,48.06666666666667,60.8,48.06666666666667,100.0,0.07853403141361257,14,0.9333333333333333,191,0,191,44,short_jobs,0,selector
short_jobs,9ed4c47b1f825ada,50,True,4.0,1.0854676411574875,6.944444444444445,1.4360439485692011,1,SJF,1,SJF,False,0.0,0.38295184170015706,False,SJF,short_jobs,9ed4c47b1f825ada,15,286,411,286,19.066666666666666,27.4,19.066666666666666,98.4251968503937,0.11811023622047244,14,0.9333333333333333,125,2,127,44,short_jobs,1,selector
short_jobs,f47c4a63fc9e5706,23,True,3.0,1.02801333735159,4.823529411764706,1.3759844960366863,1,SJF,1,SJF,False,0.0,0.40173913916768295,False,SJF,short_jobs,f47c4a63fc9e5706,15,159,241,159,10.6,16.066666666666666,10.6,100.0,0.18292682926829268,14,0.9333333333333333,82,0,82,44,short_jobs,2,selector
short_jobs,8aae578486902ff4,23,True,3.0,1.5526791916478782,6.947368421052632,1.4079141387961918,1,SJF,1,SJF,False,0.0,0.22229661915386886,False,SJF,short_jobs,8aae578486902ff4,15,508,640,508,33.86666666666667,42.666666666666664,33.86666666666667,99.24812030075188,0.11278195488721804,14,0.9333333333333333,132,1,133,44,short_jobs,3,selector
short_jobs,888d30f3ac150573,22,True,3.0,1.5346745978296163,7.684210526315789,0.9797958971132713,1,SJF,1,SJF,False,0.0,0.276673768163903,False,SJF,short_jobs,888d30f3ac150573,15,427,573,427,28.466666666666665,38.2,28.466666666666665,99.31972789115646,0.10204081632653061,14,0.9333333333333333,146,1,147,44,short_jobs,4,selector
short_jobs,f151349ba400ae57,50,True,4.0,1.0604051900652696,9.052631578947368,1.4817407180595246,1,SJF,1,SJF,False,0.0,0.4203557601478959,False,SJF,short_jobs,f151349ba400ae57,15,401,573,401,26.733333333333334,38.2,26.733333333333334,100.0,0.0872093023255814,14,0.9333333333333333,172,0,172,44,short_jobs,5,selector
short_jobs,6cfaffcdf18150bb,23,True,3.0,1.0554915916292276,4.0,1.499629583893599,1,SJF,1,SJF,False,0.0,0.3263672781167898,False,SJF,short_jobs,6cfaffcdf18150bb,15,188,268,188,12.533333333333333,17.866666666666667,12.533333333333333,100.0,0.1875,14,0.9333333333333333,80,0,80,44,short_jobs,6,selector
short_jobs,e29fd65fb3d28ce0,49,True,4.0,1.3086567889287943,6.2105263157894735,1.2892719737209144,1,SJF,1,SJF,False,0.0,0.3390493319368988,False,SJF,short_jobs,e29fd65fb3d28ce0,15,216,334,216,14.4,22.266666666666666,14.4,100.0,0.1271186440677966,14,0.9333333333333333,118,0,118,44,short_jobs,7,selector
short_jobs,858178d40cf0797a,50,True,4.0,1.3603325794843708,8.31578947368421,1.6110727964792764,1,SJF,1,SJF,False,0.0,0.3051381869280082,False,SJF,short_jobs,858178d40cf0797a,15,486,644,486,32.4,42.93333333333333,32.4,100.0,0.0949367088607595,14,0.9333333333333333,158,0,158,44,short_jobs,8,selector
short_jobs,9af1af2f13accd91,22,True,3.0,1.180671089214646,8.666666666666666,1.3266499161421599,1,SJF,1,SJF,False,0.0,0.31685502946236693,False,SJF,short_jobs,9af1af2f13accd91,15,360,516,360,24.0,34.4,24.0,98.73417721518987,0.0949367088607595,14,0.9333333333333333,156,2,158,44,short_jobs,9,selector
short_jobs,87689d1955f8ced5,23,True,3.0,1.2828840318756787,6.555555555555555,1.3984117975602022,1,SJF,1,SJF,False,0.0,0.44431285434099205,False,SJF,short_jobs,87689d1955f8ced5,15,184,302,184,12.266666666666667,20.133333333333333,12.266666666666667,98.33333333333333,0.125,14,0.9333333333333333,118,2,120,44,short_jobs,10,selector
short_jobs,b032cf83f7d85ecd,23,True,3.0,1.0878565864408425,3.25,1.3662601021279464,1,SJF,1,SJF,False,0.0,0.37004119400513374,False,SJF,short_jobs,b032cf83f7d85ecd,15,123,188,123,8.2,12.533333333333333,8.2,100.0,0.23076923076923078,14,0.9333333333333333,65,0,65,44,short_jobs,11,selector
short_jobs,129f729a801dde68,23,True,2.0,1.680662082859342,5.611111111111111,1.6679994670929073,1,SJF,1,SJF,False,0.0,0.27642713413402775,False,SJF,short_jobs,129f729a801dde68,15,191,292,191,12.733333333333333,19.466666666666665,12.733333333333333,99.01960784313725,0.14705882352941177,14,0.9333333333333333,101,1,102,44,short_jobs,12,selector
short_jobs,851fdf601a0ab529,50,True,4.0,1.5214816290559117,6.2,1.4047538337136984,1,SJF,1,SJF,False,0.0,0.44818215468189854,False,SJF,short_jobs,851fdf601a0ab529,15,185,309,185,12.333333333333334,20.6,12.333333333333334,100.0,0.12096774193548387,14,0.9333333333333333,124,0,124,44,short_jobs,13,selector
short_jobs,acb30b3b0017ec27,50,True,4.0,1.3705536578421031,5.35,1.4544949486180951,1,SJF,1,SJF,False,0.0,0.37449380185515174,False,SJF,short_jobs,acb30b3b0017ec27,15,227,334,227,15.133333333333333,22.266666666666666,15.133333333333333,100.0,0.14018691588785046,14,0.9333333333333333,107,0,107,44,short_jobs,14,selector
short_jobs,071082051085c3d1,50,True,5.0,1.2964042820432216,8.533333333333333,1.632993161855452,1,SJF,1,SJF,False,0.0,0.2596251774120199,False,SJF,short_jobs,071082051085c3d1,15,442,570,442,29.466666666666665,38.0,29.466666666666665,99.2248062015504,0.11627906976744186,14,0.9333333333333333,128,1,129,44,short_jobs,15,selector
short_jobs,40074fe58424aebd,50,True,4.0,1.177276952269371,4.95,1.3888444437333105,1,SJF,1,SJF,False,0.0,0.3789148403243205,False,SJF,short_jobs,40074fe58424aebd,15,213,312,213,14.2,20.8,14.2,100.0,0.15151515151515152,14,0.9333333333333333,99,0,99,44,short_jobs,16,selector
short_jobs,7f462a6727378d7e,49,True,4.0,1.2958982804163963,10.88888888888889,1.2220201853215573,1,SJF,1,SJF,False,0.0,0.5023523494194475,False,SJF,short_jobs,7f462a6727378d7e,15,388,584,388,25.866666666666667,38.93333333333333,25.866666666666667,99.49238578680203,0.07614213197969544,14,0.9333333333333333,196,1,197,44,short_jobs,17,selector
short_jobs,330ec9d992d25063,49,True,4.0,1.31762191422835,9.058823529411764,1.32664991614216,1,SJF,1,SJF,False,0.0,0.45176769125220995,False,SJF,short_jobs,330ec9d992d25063,15,299,453,299,19.933333333333334,30.2,19.933333333333334,100.0,0.09740259740259741,14,0.9333333333333333,154,0,154,44,short_jobs,18,selector
short_jobs,d2897294391879a2,22,True,3.0,1.3002197729170546,9.5,1.203698005684519,1,SJF,1,SJF,False,0.0,0.28926249116599556,False,SJF,short_jobs,d2897294391879a2,15,301,472,301,20.066666666666666,31.466666666666665,20.066666666666666,99.4186046511628,0.0872093023255814,14,0.9333333333333333,171,1,172,44,short_jobs,19,selector
short_jobs,ff11e4a551201e2f,50,True,4.0,1.4560267423493125,5.8125,1.436043948569201,1,SJF,1,SJF,False,0.0,0.36361962585405533,False,SJF,short_jobs,ff11e4a551201e2f,15,170,263,170,11.333333333333334,17.533333333333335,11.333333333333334,100.0,0.16129032258064516,14,0.9333333333333333,93,0,93,44,short_jobs,20,selector
short_jobs,8e0876ed88b1e4e5,23,True,3.0,1.6289816657094796,6.947368421052632,1.4544949486180951,1,SJF,1,SJF,False,0.0,0.35149826970326975,False,SJF,short_jobs,8e0876ed88b1e4e5,15,163,295,163,10.866666666666667,19.666666666666668,10.866666666666667,99.24812030075188,0.11278195488721804,14,0.9333333333333333,132,1,133,44,short_jobs,21,selector
short_jobs,11d55cc97bc5ca4b,23,True,3.0,1.9018905068378673,5.0,1.4142135623730951,1,SJF,1,SJF,False,0.0,0.4515106768595513,False,SJF,short_jobs,11d55cc97bc5ca4b,15,124,204,124,8.266666666666667,13.6,8.266666666666667,96.3855421686747,0.18072289156626506,14,0.9333333333333333,80,3,83,44,short_jobs,22,selector
short_jobs,4b3e10522e85228a,23,True,3.0,1.8270870465823832,3.95,1.3888444437333105,1,SJF,1,SJF,False,0.0,0.3164540630119733,False,SJF,short_jobs,4b3e10522e85228a,15,99,178,99,6.6,11.866666666666667,6.6,100.0,0.189873417721519,14,0.9333333333333333,79,0,79,44,short_jobs,23,selector
short_jobs,b507ae57fcb817a7,49,True,4.0,1.5591349436382007,6.611111111111111,1.1925695879998877,1,SJF,1,SJF,False,0.0,0.417951793133412,False,SJF,short_jobs,b507ae57fcb817a7,15,180,299,180,12.0,19.933333333333334,12.0,100.0,0.12605042016806722,14,0.9333333333333333,119,0,119,44,short_jobs,24,selector
short_jobs,31045c4827ac055d,40,True,5.0,0.8726846222464804,5.111111111111111,1.3097921802925665,1,SJF,1,SJF,False,0.0,0.28473295542019783,False,SJF,short_jobs,31045c4827ac055d,15,253,345,253,16.866666666666667,23.0,16.866666666666667,100.0,0.16304347826086957,14,0.9333333333333333,92,0,92,44,short_jobs,25,selector
short_jobs,1ea77f7be4e68a9e,49,True,4.0,1.3016588990219786,7.95,1.2110601416389966,1,SJF,1,SJF,False,0.0,0.18670808292544513,False,SJF,short_jobs,1ea77f7be4e68a9e,15,746,905,746,49.733333333333334,60.333333333333336,49.733333333333334,100.0,0.09433962264150944,14,0.9333333333333333,159,0,159,44,short_jobs,26,selector
short_jobs,13c10c7d9c6c4840,14,True,3.0,0.5809032274577083,3.0,1.339983416149452,1,SJF,1,SJF,False,0.0,0.18761779430207592,False,SJF,short_jobs,13c10c7d9c6c4840,15,161,215,161,10.733333333333333,14.333333333333334,10.733333333333333,96.42857142857143,0.26785714285714285,14,0.9333333333333333,54,2,56,44,short_jobs,27,selector
short_jobs,0a62ba28871c44b2,49,True,4.0,1.4134341665782275,9.166666666666666,1.2892719737209144,1,SJF,1,SJF,False,0.0,0.3787944131240569,False,SJF,short_jobs,0a62ba28871c44b2,15,305,470,305,20.333333333333332,31.333333333333332,20.333333333333332,99.39759036144578,0.09036144578313253,14,0.9333333333333333,165,1,166,44,short_jobs,28,selector
short_jobs,a63207f84a301b24,5,False,3.0,0.4401949866792872,3.0,1.5434449203720302,0,FCFS,0,FCFS,False,0.0,-0.02443165045412523,False,FCFS,short_jobs,a63207f84a301b24,15,198,249,198,13.2,16.6,13.2,100.0,0.29411764705882354,14,0.9333333333333333,51,0,51,44,short_jobs,29,selector
long_jobs,e0bfbf512afafa04,71,True,21.0,0.8181375877112818,18.055555555555557,1.6275407487644937,1,SJF,1,SJF,False,0.0,0.3303867276841847,False,SJF,long_jobs,e0bfbf512afafa04,15,1139,1464,1139,75.93333333333334,97.6,75.93333333333334,99.38837920489297,0.045871559633027525,14,0.9333333333333333,325,2,327,44,long_jobs,0,selector
long_jobs,d74d5ff8dc2cef25,71,True,21.0,0.582346240276532,17.833333333333332,1.339983416149452,1,SJF,1,SJF,False,0.0,0.17513583665503923,False,SJF,long_jobs,d74d5ff8dc2cef25,15,1417,1738,1417,94.46666666666667,115.86666666666666,94.46666666666667,99.68944099378882,0.046583850931677016,14,0.9333333333333333,321,1,322,44,long_jobs,1,selector
long_jobs,64488c735ec2696e,71,True,31.0,0.7414234487612708,20.125,1.339983416149452,1,SJF,1,SJF,False,0.0,0.2927317626093098,False,SJF,long_jobs,64488c735ec2696e,15,1322,1644,1322,88.13333333333334,109.6,88.13333333333334,99.07692307692308,0.046153846153846156,14,0.9333333333333333,322,3,325,44,long_jobs,2,selector
long_jobs,3472f6a613a43562,70,True,34.0,0.5899484856207994,31.384615384615383,1.0873004286866725,1,SJF,1,SJF,False,0.0,0.18192990500429507,False,SJF,long_jobs,3472f6a613a43562,15,1977,2385,1977,131.8,159.0,131.8,98.78934624697337,0.03631961259079903,14,0.9333333333333333,408,5,413,44,long_jobs,3,selector
long_jobs,102b611d19a05ee1,70,True,24.0,0.6050039094685321,18.1,1.2578641509408803,1,SJF,1,SJF,False,0.0,0.2742274824616552,False,SJF,long_jobs,102b611d19a05ee1,15,1522,1884,1522,101.46666666666667,125.6,101.46666666666667,100.0,0.04143646408839779,14,0.9333333333333333,362,0,362,44,long_jobs,4,selector
long_jobs,e6af6f1776fab86e,70,True,25.0,0.5714102449492917,20.35,1.1469767022723503,1,SJF,1,SJF,False,0.0,0.2512985843714794,False,SJF,long_jobs,e6af6f1776fab86e,15,1785,2192,1785,119.0,146.13333333333333,119.0,100.0,0.036855036855036855,14,0.9333333333333333,407,0,407,44,long_jobs,5,selector
long_jobs,aa96aaa6c84e9732,71,True,32.0,0.6900329099445685,21.294117647058822,1.3888444437333105,1,SJF,1,SJF,False,0.0,0.27703694899403414,False,SJF,long_jobs,aa96aaa6c84e9732,15,1514,1876,1514,100.93333333333334,125.06666666666666,100.93333333333334,99.72451790633609,0.04132231404958678,14,0.9333333333333333,362,1,363,44,long_jobs,6,selector
long_jobs,1931339b04e85a70,70,True,22.0,0.7641041905518905,17.352941176470587,1.2543258481484518,1,SJF,1,SJF,False,0.0,0.12711556165991655,False,SJF,long_jobs,1931339b04e85a70,15,1324,1619,1324,88.26666666666667,107.93333333333334,88.26666666666667,99.66216216216216,0.05067567567567568,14,0.9333333333333333,295,1,296,44,long_jobs,7,selector
long_jobs,dbabe2a11d8e36ea,71,True,25.0,0.639559896241083,16.789473684210527,1.6275407487644937,1,SJF,1,SJF,False,0.0,0.20859163464961128,False,SJF,long_jobs,dbabe2a11d8e36ea,15,1441,1760,1441,96.06666666666666,117.33333333333333,96.06666666666666,99.6875,0.046875,14,0.9333333333333333,319,1,320,44,long_jobs,8,selector
long_jobs,8844b78e67731f5d,70,True,25.0,0.5808634467325345,16.842105263157894,1.2754084313139327,1,SJF,1,SJF,False,0.0,0.260144534906893,False,SJF,long_jobs,8844b78e67731f5d,15,1342,1662,1342,89.46666666666667,110.8,89.46666666666667,100.0,0.046875,14,0.9333333333333333,320,0,320,44,long_jobs,9,selector
long_jobs,a791edf00a6c8e57,71,True,18.0,0.726484108503448,15.85,1.7204650534085255,1,SJF,1,SJF,False,0.0,0.29306297690669686,False,SJF,long_jobs,a791edf00a6c8e57,15,1184,1501,1184,78.93333333333334,100.06666666666666,78.93333333333334,100.0,0.0473186119873817,14,0.9333333333333333,317,0,317,44,long_jobs,10,selector
long_jobs,4928ed027eafc6e0,61,True,26.0,0.40560859642077696,25.75,1.2036980056845192,1,SJF,1,SJF,False,0.0,0.20778765837583463,False,SJF,long_jobs,4928ed027eafc6e0,15,2076,2488,2076,138.4,165.86666666666667,138.4,99.03846153846153,0.036057692307692304,14,0.9333333333333333,412,4,416,44,long_jobs,11,selector
long_jobs,3b7a82f8e3c01b11,71,True,21.0,0.6195796548382196,17.57894736842105,1.6193277068654826,1,SJF,1,SJF,False,0.0,0.1706605967538131,False,SJF,long_jobs,3b7a82f8e3c01b11,15,1724,2058,1724,114.93333333333334,137.2,114.93333333333334,100.0,0.04491017964071856,14,0.9333333333333333,334,0,334,44,long_jobs,12,selector
long_jobs,5d6abc83d6ea114a,70,True,20.0,0.5583829309560256,18.894736842105264,1.2036980056845192,1,SJF,1,SJF,False,0.0,0.2636911552484562,False,SJF,long_jobs,5d6abc83d6ea114a,15,1544,1903,1544,102.93333333333334,126.86666666666666,102.93333333333334,100.0,0.04178272980501393,14,0.9333333333333333,359,0,359,44,long_jobs,13,selector
long_jobs,4e00a5408cdb7dbf,71,True,26.0,0.609458701815078,21.055555555555557,1.4047538337136984,1,SJF,1,SJF,False,0.0,0.20489252333986485,False,SJF,long_jobs,4e00a5408cdb7dbf,15,1886,2265,1886,125.73333333333333,151.0,125.73333333333333,100.0,0.0395778364116095,14,0.9333333333333333,379,0,379,44,long_jobs,14,selector
long_jobs,99703a93f8364ea2,70,True,24.0,0.5868404284523279,18.31578947368421,1.0624918300339485,1,SJF,1,SJF,False,0.0,0.24274179667723775,False,SJF,long_jobs,99703a93f8364ea2,15,1487,1835,1487,99.13333333333334,122.33333333333333,99.13333333333334,99.7134670487106,0.04297994269340974,14,0.9333333333333333,348,1,349,44,long_jobs,15,selector
long_jobs,3eb0d8eb11b59aa8,62,True,30.0,0.4985099972129857,20.7,1.5260697523012796,1,SJF,1,SJF,False,0.0,0.22717647347262254,False,SJF,long_jobs,3eb0d8eb11b59aa8,15,2079,2493,2079,138.6,166.2,138.6,100.0,0.036231884057971016,14,0.9333333333333333,414,0,414,44,long_jobs,16,selector
long_jobs,18041ee30c6addce,71,True,24.0,0.591350525945982,24.933333333333334,1.4605934866804429,1,SJF,1,SJF,False,0.0,0.23666134417346668,False,SJF,long_jobs,18041ee30c6addce,15,1619,1993,1619,107.93333333333334,132.86666666666667,107.93333333333334,100.0,0.040106951871657755,14,0.9333333333333333,374,0,374,44,long_jobs,17,selector
long_jobs,031d0efb109dfa45,71,True,19.0,0.5533011632695446,17.263157894736842,1.4817407180595246,1,SJF,1,SJF,False,0.0,0.24529021156493996,False,SJF,long_jobs,031d0efb109dfa45,15,1404,1732,1404,93.6,115.46666666666667,93.6,100.0,0.04573170731707317,14,0.9333333333333333,328,0,328,44,long_jobs,18,selector
long_jobs,9d12fb417782d237,70,True,22.0,0.7597484121395146,19.058823529411764,1.3266499161421599,1,SJF,1,SJF,False,0.0,0.29271685378249057,False,SJF,long_jobs,9d12fb417782d237,15,1107,1431,1107,73.8,95.4,73.8,100.0,0.046296296296296294,14,0.9333333333333333,324,0,324,44,long_jobs,19,selector
long_jobs,840ac60f467fc070,71,True,16.0,0.7763736225665732,16.27777777777778,1.4236104336041748,1,SJF,1,SJF,False,0.0,0.1929443289871503,False,SJF,long_jobs,840ac60f467fc070,15,1202,1495,1202,80.13333333333334,99.66666666666667,80.13333333333334,99.32203389830508,0.05084745762711865,14,0.9333333333333333,293,2,295,44,long_jobs,20,selector
long_jobs,e4223c26142596b7,71,True,15.0,0.6713835000339698,15.85,1.8208667044996885,1,SJF,1,SJF,False,0.0,0.27573021863595076,False,SJF,long_jobs,e4223c26142596b7,15,1298,1615,1298,86.53333333333333,107.66666666666667,86.53333333333333,100.0,0.0473186119873817,14,0.9333333333333333,317,0,317,44,long_jobs,21,selector
long_jobs,8f5aacd320a66e55,71,True,18.0,0.7786823917035942,18.166666666666668,1.4966629547095767,1,SJF,1,SJF,False,0.0,0.2641637198693849,False,SJF,long_jobs,8f5aacd320a66e55,15,1382,1709,1382,92.13333333333334,113.93333333333334,92.13333333333334,99.3920972644377,0.04559270516717325,14,0.9333333333333333,327,2,329,44,long_jobs,22,selector
long_jobs,be4f4d308e51d853,71,True,26.0,0.621079287190916,19.894736842105264,1.339983416149452,1,SJF,1,SJF,False,0.0,0.24074066359147372,False,SJF,long_jobs,be4f4d308e51d853,15,1684,2062,1684,112.26666666666667,137.46666666666667,112.26666666666667,100.0,0.03968253968253968,14,0.9333333333333333,378,0,378,44,long_jobs,23,selector
long_jobs,5362127c92d9cdb7,70,True,28.0,0.5798133120183872,20.77777777777778,1.2110601416389966,1,SJF,1,SJF,False,0.0,0.2588557682781568,False,SJF,long_jobs,5362127c92d9cdb7,15,1733,2107,1733,115.53333333333333,140.46666666666667,115.53333333333333,100.0,0.040106951871657755,14,0.9333333333333333,374,0,374,44,long_jobs,24,selector
long_jobs,f601d8a857032dfb,68,False,16.0,0.7080419476745,10.1,1.4696938456699067,0,FCFS,0,FCFS,False,0.0,-0.06913187963066797,False,FCFS,long_jobs,f601d8a857032dfb,15,1073,1275,1073,71.53333333333333,85.0,71.53333333333333,100.0,0.07425742574257425,14,0.9333333333333333,202,0,202,44,long_jobs,25,selector
long_jobs,cee23b39ae9006e2,71,True,15.0,0.7879233681469424,16.0,1.4047538337136984,1,SJF,1,SJF,False,0.0,0.3251126350929774,False,SJF,long_jobs,cee23b39ae9006e2,15,1079,1383,1079,71.93333333333334,92.2,71.93333333333334,99.67213114754098,0.04918032786885246,14,0.9333333333333333,304,1,305,44,long_jobs,26,selector
long_jobs,5f35d2c6ce3a0ed7,70,True,32.0,0.5517627649274013,22.0,1.0624918300339483,1,SJF,1,SJF,False,0.0,0.24055450122063912,False,SJF,long_jobs,5f35d2c6ce3a0ed7,15,1995,2435,1995,133.0,162.33333333333334,133.0,100.0,0.03409090909090909,14,0.9333333333333333,440,0,440,44,long_jobs,27,selector
long_jobs,86c433c78703fab9,71,True,25.0,0.6420490569586346,19.77777777777778,1.4817407180595246,1,SJF,1,SJF,False,0.0,0.2771533360001144,False,SJF,long_jobs,86c433c78703fab9,15,1416,1772,1416,94.4,118.13333333333334,94.4,100.0,0.042134831460674156,14,0.9333333333333333,356,0,356,44,long_jobs,28,selector
long_jobs,09bcee6b65c35c45,71,True,19.0,0.6995854528745751,19.88888888888889,1.359738536958076,1,SJF,1,SJF,False,0.0,0.31840796539238364,False,SJF,long_jobs,09bcee6b65c35c45,15,1403,1761,1403,93.53333333333333,117.4,93.53333333333333,99.44444444444444,0.041666666666666664,14,0.9333333333333333,358,2,360,44,long_jobs,29,selector
mixed,722883e78862e7f2,70,True,22.0,0.5392072096655366,20.736842105263158,1.0873004286866725,1,SJF,1,SJF,False,0.0,0.24090054675352693,False,SJF,mixed,722883e78862e7f2,15,1714,2108,1714,114.26666666666667,140.53333333333333,114.26666666666667,100.0,0.03807106598984772,14,0.9333333333333333,394,0,394,44,mixed,0,selector
mixed,b75e6ad6aaf42480,71,True,19.0,0.6028403418005401,16.57894736842105,1.4452988925785866,1,SJF,1,SJF,False,0.0,0.21709308566753732,False,SJF,mixed,b75e6ad6aaf42480,15,1279,1594,1279,85.26666666666667,106.26666666666667,85.26666666666667,100.0,0.047619047619047616,14,0.9333333333333333,315,0,315,44,mixed,1,selector
mixed,510bd6de6c064f8a,62,True,27.0,0.4231615675318558,25.705882352941178,1.3888444437333107,1,SJF,1,SJF,False,0.0,0.20492509829186506,False,SJF,mixed,510bd6de6c064f8a,15,2286,2723,2286,152.4,181.53333333333333,152.4,99.54441913439635,0.03416856492027335,14,0.9333333333333333,437,2,439,44,mixed,2,selector
mixed,8629b565d0cb702c,62,True,34.0,0.39774270730890293,29.875,1.569146972791976,1,SJF,1,SJF,False,0.0,0.19049094616767193,False,SJF,mixed,8629b565d0cb702c,15,2514,2992,2514,167.6,199.46666666666667,167.6,99.58333333333333,0.03125,14,0.9333333333333333,478,2,480,44,mixed,3,selector
mixed,aced4a876bf75dfb,62,True,25.0,0.39515762233263596,22.1,1.4142135623730951,1,SJF,1,SJF,False,0.0,0.22031262595669304,False,SJF,mixed,aced4a876bf75dfb,15,2220,2662,2220,148.0,177.46666666666667,148.0,100.0,0.033936651583710405,14,0.9333333333333333,442,0,442,44,mixed,4,selector
mixed,1c2cd5ef3f0bec1f,71,True,22.0,0.6710899209422423,22.933333333333334,1.3888444437333105,1,SJF,1,SJF,False,0.0,0.24878169759055405,False,SJF,mixed,1c2cd5ef3f0bec1f,15,1340,1684,1340,89.33333333333333,112.26666666666667,89.33333333333333,100.0,0.0436046511627907,14,0.9333333333333333,344,0,344,44,mixed,5,selector
mixed,f2eda125977624f1,61,True,30.0,0.39101478486557395,23.157894736842106,1.3097921802925667,1,SJF,1,SJF,False,0.0,0.18229997244832807,False,SJF,mixed,f2eda125977624f1,15,2268,2708,2268,151.2,180.53333333333333,151.2,99.77324263038548,0.034013605442176874,14,0.9333333333333333,440,1,441,44,mixed,6,selector
mixed,773f0fa17542f90b,71,True,27.0,0.5935505397279445,27.5,1.339983416149452,1,SJF,1,SJF,False,0.0,0.22256964354442793,False,SJF,mixed,773f0fa17542f90b,15,1694,2079,1694,112.93333333333334,138.6,112.93333333333334,98.97172236503856,0.038560411311053984,14,0.9333333333333333,385,4,389,44,mixed,7,selector
mixed,46430c6c61040ac1,62,True,32.0,0.48057755595195883,26.941176470588236,1.4360439485692011,1,SJF,1,SJF,False,0.0,0.24077662864905786,False,SJF,mixed,46430c6c61040ac1,15,2228,2686,2228,148.53333333333333,179.06666666666666,148.53333333333333,99.34924078091106,0.03253796095444685,14,0.9333333333333333,458,3,461,44,mixed,8,selector
mixed,d4f625c56f07ef34,62,True,34.0,0.45370707039322444,25.11111111111111,1.359738536958076,1,SJF,1,SJF,False,0.0,0.19842711939659358,False,SJF,mixed,d4f625c56f07ef34,15,2362,2814,2362,157.46666666666667,187.6,157.46666666666667,99.77924944812362,0.033112582781456956,14,0.9333333333333333,452,1,453,44,mixed,9,selector
mixed,43ae96e113538901,71,True,20.0,0.7340325910915815,15.9,1.359738536958076,1,SJF,1,SJF,False,0.0,0.2881758761829309,False,SJF,mixed,43ae96e113538901,15,1117,1435,1117,74.46666666666667,95.66666666666667,74.46666666666667,100.0,0.04716981132075472,14,0.9333333333333333,318,0,318,44,mixed,10,selector
mixed,c198799ac1d359b2,71,True,26.0,0.5018360604317863,20.65,1.398411797560202,1,SJF,1,SJF,False,0.0,0.21986730264318158,False,SJF,mixed,c198799ac1d359b2,15,2013,2426,2013,134.2,161.73333333333332,134.2,100.0,0.03631961259079903,14,0.9333333333333333,413,0,413,44,mixed,11,selector
mixed,d9be9a226f61d2ed,61,True,31.0,0.4425050802716075,23.944444444444443,1.2892719737209144,1,SJF,1,SJF,False,0.0,0.19416724986578393,False,SJF,mixed,d9be9a226f61d2ed,15,2171,2602,2171,144.73333333333332,173.46666666666667,144.73333333333332,99.76851851851852,0.034722222222222224,14,0.9333333333333333,431,1,432,44,mixed,12,selector
mixed,49ea52a3b9586acb,61,True,32.0,0.4158037014150982,25.944444444444443,1.2036980056845192,1,SJF,1,SJF,False,0.0,0.20866382396035793,False,SJF,mixed,49ea52a3b9586acb,15,2333,2800,2333,155.53333333333333,186.66666666666666,155.53333333333333,99.78632478632478,0.03205128205128205,14,0.9333333333333333,467,1,468,44,mixed,13,selector
mixed,4a982696cb1b8e33,71,True,29.0,0.5878453284474708,19.5,1.514375558880073,1,SJF,1,SJF,False,0.0,0.23534614461302156,False,SJF,mixed,4a982696cb1b8e33,15,1642,2032,1642,109.46666666666667,135.46666666666667,109.46666666666667,100.0,0.038461538461538464,14,0.9333333333333333,390,0,390,44,mixed,14,selector
mixed,1362fe1bb9c04fd1,62,True,35.0,0.36343965830866576,24.55,1.4360439485692011,1,SJF,1,SJF,False,0.0,0.18638246814958143,False,SJF,mixed,1362fe1bb9c04fd1,15,2675,3166,2675,178.33333333333334,211.06666666666666,178.33333333333334,100.0,0.03054989816700611,14,0.9333333333333333,491,0,491,44,mixed,15,selector
mixed,2e1ea10c4c378aec,70,True,14.0,0.7156934621405028,14.7,1.2364824660660938,1,SJF,1,SJF,False,0.0,0.23617980553785728,False,SJF,mixed,2e1ea10c4c378aec,15,1238,1532,1238,82.53333333333333,102.13333333333334,82.53333333333333,100.0,0.05102040816326531,14,0.9333333333333333,294,0,294,44,mixed,16,selector
mixed,aa8988b0a14cb5f1,71,True,28.0,0.6330245297508102,22.823529411764707,1.5260697523012796,1,SJF,1,SJF,False,0.0,0.28861025986503885,False,SJF,mixed,aa8988b0a14cb5f1,15,1622,2010,1622,108.13333333333334,134.0,108.13333333333334,99.48717948717949,0.038461538461538464,14,0.9333333333333333,388,2,390,44,mixed,17,selector
mixed,d80f064d2e9e9e01,70,True,23.0,0.6466286839993723,19.0,1.1469767022723503,1,SJF,1,SJF,False,0.0,0.26817952268657985,False,SJF,mixed,d80f064d2e9e9e01,15,1355,1697,1355,90.33333333333333,113.13333333333334,90.33333333333333,99.70845481049562,0.043731778425655975,14,0.9333333333333333,342,1,343,44,mixed,18,selector
mixed,d5ec1c5a801195c8,71,True,27.0,0.5211573066470477,21.31578947368421,1.3888444437333105,1,SJF,1,SJF,False,0.0,0.23933712011604613,False,SJF,mixed,d5ec1c5a801195c8,15,1807,2212,1807,120.46666666666667,147.46666666666667,120.46666666666667,100.0,0.037037037037037035,14,0.9333333333333333,405,0,405,44,mixed,19,selector
mixed,972ba109490d566a,61,True,39.0,0.4765644789783505,25.789473684210527,1.3266499161421599,1,SJF,1,SJF,False,0.0,0.23663670349249433,False,SJF,mixed,972ba109490d566a,15,2325,2815,2325,155.0,187.66666666666666,155.0,99.79633401221996,0.03054989816700611,14,0.9333333333333333,490,1,491,44,mixed,20,selector
mixed,f1521e2d12677fa8,71,True,26.0,0.5466517401417469,24.0,1.4079141387961918,1,SJF,1,SJF,False,0.0,0.23383827453665174,False,SJF,mixed,f1521e2d12677fa8,15,1710,2094,1710,114.0,139.6,114.0,100.0,0.0390625,14,0.9333333333333333,384,0,384,44,mixed,21,selector
mixed,5d0c26965ede8180,71,True,32.0,0.5486548953731308,21.789473684210527,1.4079141387961918,1,SJF,1,SJF,False,0.0,0.20167667656951394,False,SJF,mixed,5d0c26965ede8180,15,1808,2222,1808,120.53333333333333,148.13333333333333,120.53333333333333,100.0,0.036231884057971016,14,0.9333333333333333,414,0,414,44,mixed,22,selector
mixed,9ec8db5de3f9a928,61,True,24.0,0.48048869949545553,20.157894736842106,1.2036980056845192,1,SJF,1,SJF,False,0.0,0.24440723972229242,False,SJF,mixed,9ec8db5de3f9a928,15,1788,2171,1788,119.2,144.73333333333332,119.2,100.0,0.0391644908616188,14,0.9333333333333333,383,0,383,44,mixed,23,selector
mixed,653d28fdf4f65b91,62,True,29.0,0.49904254823868066,20.842105263157894,1.4236104336041748,1,SJF,1,SJF,False,0.0,0.24434647073028068,False,SJF,mixed,653d28fdf4f65b91,15,1837,2233,1837,122.46666666666667,148.86666666666667,122.46666666666667,99.74811083123426,0.037783375314861464,14,0.9333333333333333,396,1,397,44,mixed,24,selector
mixed,de0fb1b5b21a88e1,61,True,33.0,0.3671255417904113,27.941176470588236,1.1661903789690602,1,SJF,1,SJF,False,0.0,0.21237918189873112,False,SJF,mixed,de0fb1b5b21a88e1,15,2453,2928,2453,163.53333333333333,195.2,163.53333333333333,99.78991596638656,0.031512605042016806,14,0.9333333333333333,475,1,476,44,mixed,25,selector
mixed,b52e27932aa382cb,62,True,24.0,0.4884964140388087,17.7,1.349897115421106,1,SJF,1,SJF,False,0.0,0.19431422449927555,False,SJF,mixed,b52e27932aa382cb,15,1618,1972,1618,107.86666666666666,131.46666666666667,107.86666666666666,100.0,0.0423728813559322,14,0.9333333333333333,354,0,354,44,mixed,26,selector
mixed,91a451feb0b7850e,70,True,19.0,0.757382108751421,17.944444444444443,1.2578641509408806,1,SJF,1,SJF,False,0.0,0.2638883106364877,False,SJF,mixed,91a451feb0b7850e,15,1110,1433,1110,74.0,95.53333333333333,74.0,99.69135802469135,0.046296296296296294,14,0.9333333333333333,323,1,324,44,mixed,27,selector
mixed,e8bb625fe3a64e27,71,True,24.0,0.5833497308465366,22.0,1.339983416149452,1,SJF,1,SJF,False,0.0,0.21901486221748645,False,SJF,mixed,e8bb625fe3a64e27,15,1835,2231,1835,122.33333333333333,148.73333333333332,122.33333333333333,99.49748743718592,0.03768844221105527,14,0.9333333333333333,396,2,398,44,mixed,28,selector
mixed,4531602aff8b886f,70,True,21.0,0.7439751522168881,20.1875,1.3097921802925665,1,SJF,1,SJF,False,0.0,0.2743114947566033,False,SJF,mixed,4531602aff8b886f,15,1185,1508,1185,79.0,100.53333333333333,79.0,98.47560975609755,0.04573170731707317,14,0.9333333333333333,323,5,328,44,mixed,29,selector
cpu_bursty,502a1ddb29828a38,62,True,43.0,0.204692718010324,42.92857142857143,1.5577761927397231,1,SJF,1,SJF,False,0.0,0.16658076157283327,False,SJF,cpu_bursty,502a1ddb29828a38,15,3621,4222,3621,241.4,281.46666666666664,241.4,100.0,0.024958402662229616,14,0.9333333333333333,601,0,601,44,cpu_bursty,0,selector
cpu_bursty,69bc4a65f53b2b45,62,True,44.0,0.24737681853446197,41.92857142857143,1.4544949486180951,1,SJF,1,SJF,False,0.0,0.163310700259227,False,SJF,cpu_bursty,69bc4a65f53b2b45,15,3416,4003,3416,227.73333333333332,266.8666666666667,227.73333333333332,100.0,0.02555366269165247,14,0.9333333333333333,587,0,587,44,cpu_bursty,1,selector
cpu_bursty,d4ccb4d832518c7b,62,True,34.0,0.2588787516201015,34.4,1.4544949486180951,1,SJF,1,SJF,False,0.0,0.17305301529401054,False,SJF,cpu_bursty,d4ccb4d832518c7b,15,2966,3482,2966,197.73333333333332,232.13333333333333,197.73333333333332,100.0,0.029069767441860465,14,0.9333333333333333,516,0,516,44,cpu_bursty,2,selector
cpu_bursty,4316278ccc60a7c1,61,True,31.0,0.26952760323178204,35.785714285714285,1.32664991614216,1,SJF,1,SJF,False,0.0,0.18691049897122414,False,SJF,cpu_bursty,4316278ccc60a7c1,15,2879,3380,2879,191.93333333333334,225.33333333333334,191.93333333333334,100.0,0.029940119760479042,14,0.9333333333333333,501,0,501,44,cpu_bursty,3,selector
cpu_bursty,ed9a92945c192593,62,True,35.0,0.2852475135597938,47.54545454545455,1.4696938456699067,1,SJF,1,SJF,False,0.0,0.18089854514776965,False,SJF,cpu_bursty,ed9a92945c192593,15,3008,3531,3008,200.53333333333333,235.4,200.53333333333333,100.0,0.028680688336520075,14,0.9333333333333333,523,0,523,44,cpu_bursty,4,selector
cpu_bursty,d3aedd7b716ad321,62,True,35.0,0.2359133630714015,39.76923076923077,1.4142135623730951,1,SJF,1,SJF,False,0.0,0.16545445922785662,False,SJF,cpu_bursty,d3aedd7b716ad321,15,3071,3588,3071,204.73333333333332,239.2,204.73333333333332,99.8069498069498,0.02895752895752896,14,0.9333333333333333,517,1,518,44,cpu_bursty,5,selector
cpu_bursty,466a385862790322,62,True,35.0,0.24038536554237686,39.285714285714285,1.5832456116050557,1,SJF,1,SJF,False,0.0,0.15490628244425064,False,SJF,cpu_bursty,466a385862790322,15,3349,3899,3349,223.26666666666668,259.93333333333334,223.26666666666668,100.0,0.02727272727272727,14,0.9333333333333333,550,0,550,44,cpu_bursty,6,selector
cpu_bursty,4498efd6d9007e6e,62,True,27.0,0.2845283926625452,37.916666666666664,1.5260697523012796,1,SJF,1,SJF,False,0.0,0.16020884495086438,False,SJF,cpu_bursty,4498efd6d9007e6e,15,2580,3035,2580,172.0,202.33333333333334,172.0,99.78070175438596,0.03289473684210526,14,0.9333333333333333,455,1,456,44,cpu_bursty,7,selector
cpu_bursty,ba87ed84a40f295d,61,True,32.0,0.25011096506000774,32.266666666666666,1.0749676997731399,1,SJF,1,SJF,False,0.0,0.16086152135235599,False,SJF,cpu_bursty,ba87ed84a40f295d,15,2760,3244,2760,184.0,216.26666666666668,184.0,100.0,0.030991735537190084,14,0.9333333333333333,484,0,484,44,cpu_bursty,8,selector
cpu_bursty,a7759c09d0bb185d,62,True,38.0,0.21630566648903102,38.642857142857146,1.540562667772179,1,SJF,1,SJF,False,0.0,0.16978409322753202,False,SJF,cpu_bursty,a7759c09d0bb185d,15,3244,3785,3244,216.26666666666668,252.33333333333334,216.26666666666668,99.81549815498155,0.027675276752767528,14,0.9333333333333333,541,1,542,44,cpu_bursty,9,selector
cpu_bursty,c351cd5432410b2a,61,True,40.0,0.21322938585299758,40.857142857142854,1.3266499161421599,1,SJF,1,SJF,False,0.0,0.1790207063895702,False,SJF,cpu_bursty,c351cd5432410b2a,15,3425,3997,3425,228.33333333333334,266.46666666666664,228.33333333333334,100.0,0.026223776223776224,14,0.9333333333333333,572,0,572,44,cpu_bursty,10,selector
cpu_bursty,659bc4e2f9474299,62,True,32.0,0.32197448470603945,34.6,1.5832456116050557,1,SJF,1,SJF,False,0.0,0.19684407208037102,False,SJF,cpu_bursty,659bc4e2f9474299,15,2851,3370,2851,190.06666666666666,224.66666666666666,190.06666666666666,100.0,0.028901734104046242,14,0.9333333333333333,519,0,519,44,cpu_bursty,11,selector
cpu_bursty,16082a57901fb1ff,61,True,34.0,0.22999670089065685,34.333333333333336,1.0873004286866725,1,SJF,1,SJF,False,0.0,0.15798992569777742,False,SJF,cpu_bursty,16082a57901fb1ff,15,3034,3549,3034,202.26666666666668,236.6,202.26666666666668,100.0,0.02912621359223301,14,0.9333333333333333,515,0,515,44,cpu_bursty,12,selector
cpu_bursty,eb05e9c1fe924f8a,61,True,36.0,0.2816986546177832,31.4,1.2578641509408806,1,SJF,1,SJF,False,0.0,0.16214190512657062,False,SJF,cpu_bursty,eb05e9c1fe924f8a,15,2640,3111,2640,176.0,207.4,176.0,100.0,0.03184713375796178,14,0.9333333333333333,471,0,471,44,cpu_bursty,13,selector
cpu_bursty,94f323487a0d32d9,62,True,43.0,0.18664921302495613,40.46666666666667,1.4966629547095764,1,SJF,1,SJF,False,0.0,0.15791534079820907,False,SJF,cpu_bursty,94f323487a0d32d9,15,3750,4357,3750,250.0,290.46666666666664,250.0,100.0,0.02471169686985173,14,0.9333333333333333,607,0,607,44,cpu_bursty,14,selector
cpu_bursty,a8f48e0d9d34baa6,62,True,34.0,0.2587650166534847,36.142857142857146,1.6918103387266028,1,SJF,1,SJF,False,0.0,0.15768251021691157,False,SJF,cpu_bursty,a8f48e0d9d34baa6,15,2906,3412,2906,193.73333333333332,227.46666666666667,193.73333333333332,99.80276134122288,0.029585798816568046,14,0.9333333333333333,506,1,507,44,cpu_bursty,15,selector
cpu_bursty,225dc27a48ed8f1d,61,True,32.0,0.24071558373942256,35.785714285714285,1.0873004286866725,1,SJF,1,SJF,False,0.0,0.13912595600076355,False,SJF,cpu_bursty,225dc27a48ed8f1d,15,3057,3558,3057,203.8,237.2,203.8,99.800796812749,0.029880478087649404,14,0.9333333333333333,501,1,502,44,cpu_bursty,16,selector
cpu_bursty,0d712022cae7109d,62,True,26.0,0.31085327124315154,33.142857142857146,1.3984117975602022,1,SJF,1,SJF,False,0.0,0.19131159595453656,False,SJF,cpu_bursty,0d712022cae7109d,15,2663,3127,2663,177.53333333333333,208.46666666666667,177.53333333333333,99.78494623655914,0.03225806451612903,14,0.9333333333333333,464,1,465,44,cpu_bursty,17,selector
cpu_bursty,4e541768a2b48f9e,61,True,31.0,0.2536291586414571,33.57142857142857,1.3165611772087666,1,SJF,1,SJF,False,0.0,0.16495166740093192,False,SJF,cpu_bursty,4e541768a2b48f9e,15,2682,3152,2682,178.8,210.13333333333333,178.8,99.78768577494692,0.03184713375796178,14,0.9333333333333333,470,1,471,44,cpu_bursty,18,selector
cpu_bursty,8de288dbd572c867,62,True,41.0,0.24149819473717132,41.76923076923077,1.505545305418162,1,SJF,1,SJF,False,0.0,0.1620824075193535,False,SJF,cpu_bursty,8de288dbd572c867,15,3252,3795,3252,216.8,253.0,216.8,100.0,0.027624309392265192,14,0.9333333333333333,543,0,543,44,cpu_bursty,19,selector
cpu_bursty,d5352b3dc94bbf43,61,True,28.0,0.2706230907090808,31.466666666666665,1.0873004286866728,1,SJF,1,SJF,False,0.0,0.15296287204137024,False,SJF,cpu_bursty,d5352b3dc94bbf43,15,2809,3281,2809,187.26666666666668,218.73333333333332,187.26666666666668,100.0,0.03177966101694915,14,0.9333333333333333,472,0,472,44,cpu_bursty,20,selector
cpu_bursty,82bf0a6799e80a72,62,True,29.0,0.2999284018693728,36.38461538461539,1.5832456116050557,1,SJF,1,SJF,False,0.0,0.19241361838755017,False,SJF,cpu_bursty,82bf0a6799e80a72,15,2644,3117,2644,176.26666666666668,207.8,176.26666666666668,99.78902953586498,0.03164556962025317,14,0.9333333333333333,473,1,474,44,cpu_bursty,21,selector
cpu_bursty,a43faebe1863fe62,62,True,40.0,0.2748362807583223,38.214285714285715,1.4360439485692011,1,SJF,1,SJF,False,0.0,0.1830741654860794,False,SJF,cpu_bursty,a43faebe1863fe62,15,3038,3573,3038,202.53333333333333,238.2,202.53333333333333,100.0,0.028037383177570093,14,0.9333333333333333,535,0,535,44,cpu_bursty,22,selector
cpu_bursty,657b4d10b9fe207e,62,True,32.0,0.2574597743289319,37.0,1.569146972791976,1,SJF,1,SJF,False,0.0,0.1587301991760074,False,SJF,cpu_bursty,657b4d10b9fe207e,15,2927,3445,2927,195.13333333333333,229.66666666666666,195.13333333333333,100.0,0.02895752895752896,14,0.9333333333333333,518,0,518,44,cpu_bursty,23,selector
cpu_bursty,92751dacc45cacda,62,True,34.0,0.2403771895761186,37.07142857142857,1.4142135623730951,1,SJF,1,SJF,False,0.0,0.15162101685225365,False,SJF,cpu_bursty,92751dacc45cacda,15,3090,3609,3090,206.0,240.6,206.0,99.8076923076923,0.028846153846153848,14,0.9333333333333333,519,1,520,44,cpu_bursty,24,selector
cpu_bursty,f44d081f2259ccbb,62,True,31.0,0.282972546180091,33.0,1.3888444437333105,1,SJF,1,SJF,False,0.0,0.14760654008409868,False,SJF,cpu_bursty,f44d081f2259ccbb,15,2970,3465,2970,198.0,231.0,198.0,100.0,0.030303030303030304,14,0.9333333333333333,495,0,495,44,cpu_bursty,25,selector
cpu_bursty,24df1938c28c575a,61,True,34.0,0.26089239863962843,33.8,1.0832051206181281,1,SJF,1,SJF,False,0.0,0.14436113774464762,False,SJF,cpu_bursty,24df1938c28c575a,15,3093,3600,3093,206.2,240.0,206.2,100.0,0.029585798816568046,14,0.9333333333333333,507,0,507,44,cpu_bursty,26,selector
cpu_bursty,5cf7170429fb625c,61,True,41.0,0.25468581598680534,37.0,1.1352924243950933,1,SJF,1,SJF,False,0.0,0.17821908633486738,False,SJF,cpu_bursty,5cf7170429fb625c,15,3210,3765,3210,214.0,251.0,214.0,100.0,0.02702702702702703,14,0.9333333333333333,555,0,555,44,cpu_bursty,27,selector
cpu_bursty,4ab605343923f534,61,True,42.0,0.2682063990226682,41.57142857142857,1.32664991614216,1,SJF,1,SJF,False,0.0,0.16224615377727547,False,SJF,cpu_bursty,4ab605343923f534,15,3493,4075,3493,232.86666666666667,271.6666666666667,232.86666666666667,100.0,0.02577319587628866,14,0.9333333333333333,582,0,582,44,cpu_bursty,28,selector
cpu_bursty,1f03188d081f29dc,62,True,32.0,0.2612286900139635,35.5,1.5577761927397231,1,SJF,1,SJF,False,0.0,0.16148438284610506,False,SJF,cpu_bursty,1f03188d081f29dc,15,2930,3427,2930,195.33333333333334,228.46666666666667,195.33333333333334,100.0,0.030181086519114688,14,0.9333333333333333,497,0,497,44,cpu_bursty,29,selector
priority_skewed,35fbde053c613bf7,70,True,26.0,0.5317981578186606,19.263157894736842,1.2649110640673518,1,SJF,1,SJF,False,0.0,0.24647169396889512,False,SJF,priority_skewed,35fbde053c613bf7,15,1833,2199,1833,122.2,146.6,122.2,99.7275204359673,0.04087193460490463,14,0.9333333333333333,366,1,367,44,priority_skewed,0,selector
priority_skewed,3f7ca7c520945e4f,70,True,14.0,0.6523890395640402,15.68421052631579,1.3165611772087666,1,SJF,1,SJF,False,0.0,0.23709554251946247,False,SJF,priority_skewed,3f7ca7c520945e4f,15,1252,1550,1252,83.46666666666667,103.33333333333333,83.46666666666667,99.66555183946488,0.05016722408026756,14,0.9333333333333333,298,1,299,44,priority_skewed,1,selector
priority_skewed,5908be7c9ee75e40,70,True,25.0,0.5016056416247386,23.3125,1.18133634311129,1,SJF,1,SJF,False,0.0,0.2315805107360529,False,SJF,priority_skewed,5908be7c9ee75e40,15,1730,2103,1730,115.33333333333333,140.2,115.33333333333333,99.20212765957447,0.0398936170212766,14,0.9333333333333333,373,3,376,44,priority_skewed,2,selector
priority_skewed,9894774b0f7fe0fb,70,True,32.0,0.5237006435365748,19.35,1.0110500592068732,1,SJF,1,SJF,False,0.0,0.2014130233815534,False,SJF,priority_skewed,9894774b0f7fe0fb,15,1769,2156,1769,117.93333333333334,143.73333333333332,117.93333333333334,100.0,0.03875968992248062,14,0.9333333333333333,387,0,387,44,priority_skewed,3,selector
priority_skewed,f54ae889b76dc3b6,70,True,28.0,0.6337498255291654,20.157894736842106,1.0110500592068732,1,SJF,1,SJF,False,0.0,0.244860924356164,False,SJF,priority_skewed,f54ae889b76dc3b6,15,1575,1958,1575,105.0,130.53333333333333,105.0,100.0,0.0391644908616188,14,0.9333333333333333,383,0,383,44,priority_skewed,4,selector
priority_skewed,bb7160c65ead26cf,60,True,37.0,0.46617347450636154,24.0,0.6110100926607789,1,SJF,1,SJF,False,0.0,0.20167285626847234,False,SJF,priority_skewed,bb7160c65ead26cf,15,2430,2910,2430,162.0,194.0,162.0,100.0,0.03125,14,0.9333333333333333,480,0,480,44,priority_skewed,5,selector
priority_skewed,0279351d4f0b0e2e,70,True,25.0,0.5042232694794615,20.61111111111111,1.2578641509408803,1,SJF,1,SJF,False,0.0,0.1989688616834055,False,SJF,priority_skewed,0279351d4f0b0e2e,15,2090,2461,2090,139.33333333333334,164.06666666666666,139.33333333333334,99.73118279569893,0.04032258064516129,14,0.9333333333333333,371,1,372,44,priority_skewed,6,selector
priority_skewed,1cb7bca831dabdc7,70,True,18.0,0.6076251161472485,20.41176470588235,0.8,1,SJF,1,SJF,False,0.0,0.2599835282156505,False,SJF,priority_skewed,1cb7bca831dabdc7,15,1463,1810,1463,97.53333333333333,120.66666666666667,97.53333333333333,99.14285714285714,0.04285714285714286,14,0.9333333333333333,347,3,350,44,priority_skewed,7,selector
priority_skewed,198fbf57c44583cd,60,True,24.0,0.4619506317657531,22.8125,0.573488351136175,1,SJF,1,SJF,False,0.0,0.21198607118037377,False,SJF,priority_skewed,198fbf57c44583cd,15,1919,2284,1919,127.93333333333334,152.26666666666668,127.93333333333334,100.0,0.0410958904109589,14,0.9333333333333333,365,0,365,44,priority_skewed,8,selector
priority_skewed,70ab9e261279dc10,70,True,24.0,0.5172817409634477,21.529411764705884,1.0110500592068732,1,SJF,1,SJF,False,0.0,0.19889868661857224,False,SJF,priority_skewed,70ab9e261279dc10,15,1899,2265,1899,126.6,151.0,126.6,99.1869918699187,0.04065040650406504,14,0.9333333333333333,366,3,369,44,priority_skewed,9,selector
priority_skewed,8b5ebfc8e5ca0973,71,True,20.0,0.5811452509182774,27.5,1.4452988925785866,1,SJF,1,SJF,False,0.0,0.2621937242345759,False,SJF,priority_skewed,8b5ebfc8e5ca0973,15,1708,2093,1708,113.86666666666666,139.53333333333333,113.86666666666666,98.97172236503856,0.038560411311053984,14,0.9333333333333333,385,4,389,44,priority_skewed,10,selector
priority_skewed,25dd80ccd4a42d52,70,True,28.0,0.6075889012040836,22.705882352941178,1.1234866364235145,1,SJF,1,SJF,False,0.0,0.23590423060973795,False,SJF,priority_skewed,25dd80ccd4a42d52,15,1826,2212,1826,121.73333333333333,147.46666666666667,121.73333333333333,99.48453608247422,0.03865979381443299,14,0.9333333333333333,386,2,388,44,priority_skewed,11,selector
priority_skewed,8181e55ce8a98718,71,True,29.0,0.5384607033248133,19.45,1.4544949486180951,1,SJF,1,SJF,False,0.0,0.2717845532024603,False,SJF,priority_skewed,8181e55ce8a98718,15,1757,2146,1757,117.13333333333334,143.06666666666666,117.13333333333334,100.0,0.038560411311053984,14,0.9333333333333333,389,0,389,44,priority_skewed,12,selector
priority_skewed,d1f8af7262127a0b,70,True,17.0,0.5955503895355692,16.3,0.7999999999999999,1,SJF,1,SJF,False,0.0,0.2685785664342662,False,SJF,priority_skewed,d1f8af7262127a0b,15,1372,1698,1372,91.46666666666667,113.2,91.46666666666667,100.0,0.046012269938650305,14,0.9333333333333333,326,0,326,44,priority_skewed,13,selector
priority_skewed,f494ef2693f38edc,70,True,33.0,0.5302463062345728,26.625,1.0624918300339483,1,SJF,1,SJF,False,0.0,0.23570063844999933,False,SJF,priority_skewed,f494ef2693f38edc,15,1928,2354,1928,128.53333333333333,156.93333333333334,128.53333333333333,99.3006993006993,0.03496503496503497,14,0.9333333333333333,426,3,429,44,priority_skewed,14,selector
priority_skewed,2a48875c283068f5,61,True,35.0,0.48296327378726894,22.55,1.3097921802925665,1,SJF,1,SJF,False,0.0,0.20164395815786984,False,SJF,priority_skewed,2a48875c283068f5,15,2110,2561,2110,140.66666666666666,170.73333333333332,140.66666666666666,100.0,0.03325942350332594,14,0.9333333333333333,451,0,451,44,priority_skewed,15,selector
priority_skewed,2e4cf99346e12dae,61,True,30.0,0.3081145002027244,29.733333333333334,0.8844332774281064,1,SJF,1,SJF,False,0.0,0.16899635709673233,False,SJF,priority_skewed,2e4cf99346e12dae,15,2446,2892,2446,163.06666666666666,192.8,163.06666666666666,98.89135254988913,0.03325942350332594,14,0.9333333333333333,446,5,451,44,priority_skewed,16,selector
priority_skewed,0d1830de9bdc488b,70,True,25.0,0.5539969724412128,19.35,1.2892719737209144,1,SJF,1,SJF,False,0.0,0.1793463841049387,False,SJF,priority_skewed,0d1830de9bdc488b,15,2027,2414,2027,135.13333333333333,160.93333333333334,135.13333333333333,100.0,0.03875968992248062,14,0.9333333333333333,387,0,387,44,priority_skewed,17,selector
priority_skewed,4280f057ee596fab,62,True,33.0,0.4879729982886589,22.36842105263158,1.4047538337136984,1,SJF,1,SJF,False,0.0,0.23731315598534836,False,SJF,priority_skewed,4280f057ee596fab,15,2054,2479,2054,136.93333333333334,165.26666666666668,136.93333333333334,100.0,0.03529411764705882,14,0.9333333333333333,425,0,425,44,priority_skewed,18,selector
priority_skewed,0bc149e2d356655d,61,True,38.0,0.43500982281642964,24.68421052631579,1.2649110640673518,1,SJF,1,SJF,False,0.0,0.19435736963287065,False,SJF,priority_skewed,0bc149e2d356655d,15,2404,2873,2404,160.26666666666668,191.53333333333333,160.26666666666668,100.0,0.031982942430703626,14,0.9333333333333333,469,0,469,44,priority_skewed,19,selector
priority_skewed,b53fedae77133a94,70,True,34.0,0.5209930941683871,24.58823529411765,0.9285592184789412,1,SJF,1,SJF,False,0.0,0.2372374350237349,False,SJF,priority_skewed,b53fedae77133a94,15,2038,2456,2038,135.86666666666667,163.73333333333332,135.86666666666667,100.0,0.03588516746411483,14,0.9333333333333333,418,0,418,44,priority_skewed,20,selector
priority_skewed,7f803e319de0f562,69,True,14.0,0.7618340711114553,15.421052631578947,0.5962847939999439,1,SJF,1,SJF,False,0.0,0.27704850941480264,False,SJF,priority_skewed,7f803e319de0f562,15,1005,1298,1005,67.0,86.53333333333333,67.0,99.65986394557824,0.05102040816326531,14,0.9333333333333333,293,1,294,44,priority_skewed,21,selector
priority_skewed,73083e47cf495896,62,True,35.0,0.4345426693509066,24.0,1.4817407180595246,1,SJF,1,SJF,False,0.0,0.22481889097027874,False,SJF,priority_skewed,73083e47cf495896,15,2193,2649,2193,146.2,176.6,146.2,99.78118161925602,0.03282275711159737,14,0.9333333333333333,456,1,457,44,priority_skewed,22,selector
priority_skewed,bd89fab927139e34,70,True,25.0,0.6324321853020127,24.125,0.8537498983243799,1,SJF,1,SJF,False,0.0,0.2358947633212863,False,SJF,priority_skewed,bd89fab927139e34,15,1674,2060,1674,111.6,137.33333333333334,111.6,99.48453608247422,0.03865979381443299,14,0.9333333333333333,386,2,388,44,priority_skewed,23,selector
priority_skewed,4559e6e6a28da756,71,True,20.0,0.5856620185738529,15.789473684210526,1.4996295838935991,1,SJF,1,SJF,False,0.0,0.23473479715824377,False,SJF,priority_skewed,4559e6e6a28da756,15,1369,1669,1369,91.26666666666667,111.26666666666667,91.26666666666667,99.66777408637874,0.04983388704318937,14,0.9333333333333333,300,1,301,44,priority_skewed,24,selector
priority_skewed,f605ffe81c8aff23,62,True,30.0,0.3937315199522659,22.666666666666668,1.3984117975602022,1,SJF,1,SJF,False,0.0,0.1863902434427696,False,SJF,priority_skewed,f605ffe81c8aff23,15,2064,2472,2064,137.6,164.8,137.6,99.75550122249389,0.03667481662591687,14,0.9333333333333333,408,1,409,44,priority_skewed,25,selector
priority_skewed,f204f3497648f00e,61,True,27.0,0.4519769516057953,22.77777777777778,0.8055363982396382,1,SJF,1,SJF,False,0.0,0.1947238983311972,False,SJF,priority_skewed,f204f3497648f00e,15,2149,2559,2149,143.26666666666668,170.6,143.26666666666668,100.0,0.036585365853658534,14,0.9333333333333333,410,0,410,44,priority_skewed,26,selector
priority_skewed,67d507b9db01e6f1,61,True,24.0,0.421898975889784,21.529411764705884,1.2036980056845192,1,SJF,1,SJF,False,0.0,0.20144146215376907,False,SJF,priority_skewed,67d507b9db01e6f1,15,1873,2239,1873,124.86666666666666,149.26666666666668,124.86666666666666,100.0,0.040983606557377046,14,0.9333333333333333,366,0,366,44,priority_skewed,27,selector
priority_skewed,d64ae2a649ad54fb,70,True,26.0,0.6343301951778834,20.823529411764707,1.0110500592068734,1,SJF,1,SJF,False,0.0,0.21133202009138052,False,SJF,priority_skewed,d64ae2a649ad54fb,15,1636,1990,1636,109.06666666666666,132.66666666666666,109.06666666666666,100.0,0.0423728813559322,14,0.9333333333333333,354,0,354,44,priority_skewed,28,selector
priority_skewed,874c8c3446282847,69,True,14.0,0.7024128009305876,16.235294117647058,0.6182412330330469,1,SJF,1,SJF,False,0.0,0.2475839163463261,False,SJF,priority_skewed,874c8c3446282847,15,1151,1427,1151,76.73333333333333,95.13333333333334,76.73333333333333,98.9247311827957,0.053763440860215055,14,0.9333333333333333,276,3,279,44,priority_skewed,29,selector
staggered_interactive,60dc6122b5b9cba1,18,True,2.0,1.6400991556302436,0.726027397260274,0.0,2,Round Robin,2,Round Robin,False,0.0,0.31488505275581025,False,Round Robin,staggered_interactive,60dc6122b5b9cba1,15,27,80,15,1.8,5.333333333333333,1.0,69.73684210526316,0.19736842105263158,19,1.2666666666666666,53,23,76,44,staggered_interactive,0,selector
staggered_interactive,e02acf0cf2351a88,18,True,2.0,2.2605760508402835,1.0144927536231885,0.0,2,Round Robin,2,Round Robin,False,0.0,0.4280109855042915,False,Round Robin,staggered_interactive,e02acf0cf2351a88,15,67,137,45,4.466666666666667,9.133333333333333,3.0,100.0,0.21428571428571427,23,1.5333333333333334,70,0,70,44,staggered_interactive,1,selector
staggered_interactive,2b9f1d4cba299f2c,18,True,2.0,1.8270242886944033,0.7761194029850746,0.0,2,Round Robin,2,Round Robin,False,0.0,0.45060541220570643,False,Round Robin,staggered_interactive,2b9f1d4cba299f2c,15,21,73,13,1.4,4.866666666666666,0.8666666666666667,75.3623188405797,0.21739130434782608,20,1.3333333333333333,52,17,69,44,staggered_interactive,2,selector
staggered_interactive,e6b0b2bfaa7695bd,18,True,2.0,1.9793483951048514,1.0793650793650793,0.0,2,Round Robin,2,Round Robin,False,0.0,0.3828077266515263,False,Round Robin,staggered_interactive,e6b0b2bfaa7695bd,15,89,157,62,5.933333333333334,10.466666666666667,4.133333333333334,100.0,0.22058823529411764,22,1.4666666666666666,68,0,68,44,staggered_interactive,3,selector
staggered_interactive,056a96b35ab222ac,18,True,2.0,2.0677897432951413,0.9393939393939394,0.0,2,Round Robin,2,Round Robin,False,0.0,0.46908890186820795,False,Round Robin,staggered_interactive,056a96b35ab222ac,15,40,102,26,2.6666666666666665,6.8,1.7333333333333334,91.17647058823529,0.22058823529411764,22,1.4666666666666666,62,6,68,44,staggered_interactive,4,selector
staggered_interactive,f4cb447c8b03b3c9,18,True,2.0,1.8716628297262787,0.9253731343283582,0.0,2,Round Robin,2,Round Robin,False,0.0,0.35654905382203084,False,Round Robin,staggered_interactive,f4cb447c8b03b3c9,15,60,122,40,4.0,8.133333333333333,2.6666666666666665,89.85507246376811,0.21739130434782608,21,1.4,62,7,69,44,staggered_interactive,5,selector
staggered_interactive,c3234f17841a5c7c,18,True,2.0,2.3728911152638164,0.9859154929577465,0.0,2,Round Robin,2,Round Robin,False,0.0,0.4754504940017105,False,Round Robin,staggered_interactive,c3234f17841a5c7c,15,50,120,32,3.3333333333333335,8.0,2.1333333333333333,94.5945945945946,0.20270270270270271,24,1.6,70,4,74,44,staggered_interactive,6,selector
staggered_interactive,db4e7e7ee77274d6,18,True,3.0,2.1133840915092006,1.1095890410958904,0.0,2,Round Robin,2,Round Robin,False,0.0,0.4498723858723859,False,Round Robin,staggered_interactive,db4e7e7ee77274d6,15,80,161,47,5.333333333333333,10.733333333333333,3.1333333333333333,100.0,0.18518518518518517,24,1.6,81,0,81,44,staggered_interactive,7,selector
staggered_interactive,06d6c7bae4c69388,18,True,2.0,2.1701074607457973,0.9850746268656716,0.0,2,Round Robin,2,Round Robin,False,0.0,0.4323094324107273,False,Round Robin,staggered_interactive,06d6c7bae4c69388,15,65,131,45,4.333333333333333,8.733333333333333,3.0,97.05882352941177,0.22058823529411764,22,1.4666666666666666,66,2,68,44,staggered_interactive,8,selector
staggered_interactive,c51a802b1fe7d36d,18,True,2.0,1.8083195323974133,0.9014084507042254,0.0,2,Round Robin,2,Round Robin,False,0.0,0.4174513574738018,False,Round Robin,staggered_interactive,c51a802b1fe7d36d,15,40,104,23,2.6666666666666665,6.933333333333334,1.5333333333333334,86.48648648648648,0.20270270270270271,21,1.4,64,10,74,44,staggered_interactive,9,selector
staggered_interactive,ef785d44e1bf6b71,18,True,2.0,1.8123463729790632,0.8611111111111112,0.0,2,Round Robin,2,Round Robin,False,0.0,0.3310809595947591,False,Round Robin,staggered_interactive,ef785d44e1bf6b71,15,58,120,38,3.8666666666666667,8.0,2.533333333333333,84.93150684931507,0.2054794520547945,20,1.3333333333333333,62,11,73,44,staggered_interactive,10,selector
staggered_interactive,1893024cca6554ff,18,True,1.0,1.9741122920350263,0.782608695652174,0.0,2,Round Robin,2,Round Robin,False,0.0,0.3882932268239789,False,Round Robin,staggered_interactive,1893024cca6554ff,15,38,92,24,2.533333333333333,6.133333333333334,1.6,75.0,0.20833333333333334,20,1.3333333333333333,54,18,72,44,staggered_interactive,11,selector
staggered_interactive,6b1bcd52e4afef2c,18,True,1.0,2.1600271612020654,0.8153846153846154,0.0,2,Round Robin,2,Round Robin,False,0.0,0.4020520534549314,False,Round Robin,staggered_interactive,6b1bcd52e4afef2c,15,37,90,26,2.466666666666667,6.0,1.7333333333333334,80.3030303030303,0.22727272727272727,20,1.3333333333333333,53,13,66,44,staggered_interactive,12,selector
staggered_interactive,cb85e8602eded520,18,True,2.0,1.7123759531594336,0.7971014492753623,0.0,2,Round Robin,2,Round Robin,False,0.0,0.44922796498381107,False,Round Robin,staggered_interactive,cb85e8602eded520,15,21,76,10,1.4,5.066666666666666,0.6666666666666666,76.38888888888889,0.20833333333333334,20,1.3333333333333333,55,17,72,44,staggered_interactive,13,selector
staggered_interactive,8de62b1b34a0b16a,18,True,1.0,2.0762330797993016,0.7638888888888888,0.0,2,Round Robin,2,Round Robin,False,0.0,0.4400782891086872,False,Round Robin,staggered_interactive,8de62b1b34a0b16a,15,35,90,21,2.3333333333333335,6.0,1.4,75.34246575342466,0.2054794520547945,20,1.3333333333333333,55,18,73,44,staggered_interactive,14,selector
staggered_interactive,f4c67d52f9f70e50,18,True,3.0,1.7833473775045787,0.8591549295774648,0.0,2,Round Robin,2,Round Robin,False,0.0,0.39056662627112726,False,Round Robin,staggered_interactive,f4c67d52f9f70e50,15,38,99,24,2.533333333333333,6.6,1.6,83.56164383561644,0.2054794520547945,20,1.3333333333333333,61,12,73,44,staggered_interactive,15,selector
staggered_interactive,e0e97f92f0ddb894,18,True,2.0,2.235728524987566,1.0694444444444444,0.0,2,Round Robin,2,Round Robin,False,0.0,0.47348238288528927,False,Round Robin,staggered_interactive,e0e97f92f0ddb894,15,68,145,42,4.533333333333333,9.666666666666666,2.8,100.0,0.19480519480519481,24,1.6,77,0,77,44,staggered_interactive,16,selector
staggered_interactive,3bd4143ea7cbec5e,18,True,2.0,1.8970412309959852,0.7397260273972602,0.0,2,Round Robin,2,Round Robin,False,0.0,0.3991940139547757,False,Round Robin,staggered_interactive,3bd4143ea7cbec5e,15,25,79,16,1.6666666666666667,5.266666666666667,1.0666666666666667,71.05263157894737,0.19736842105263158,20,1.3333333333333333,54,22,76,44,staggered_interactive,17,selector
staggered_interactive,add72bbc9121389e,18,True,2.0,1.8563360093208843,0.8636363636363636,0.0,2,Round Robin,2,Round Robin,False,0.0,0.3709711585231091,False,Round Robin,staggered_interactive,add72bbc9121389e,15,37,94,23,2.466666666666667,6.266666666666667,1.5333333333333334,82.6086956521739,0.21739130434782608,20,1.3333333333333333,57,12,69,44,staggered_interactive,18,selector
staggered_interactive,5e44b7e00019c9ad,18,True,1.0,2.3943719010597264,1.0724637681159421,0.0,2,Round Robin,2,Round Robin,False,0.0,0.5187761316188032,False,Round Robin,staggered_interactive,5e44b7e00019c9ad,15,53,127,28,3.533333333333333,8.466666666666667,1.8666666666666667,100.0,0.20270270270270271,26,1.7333333333333334,74,0,74,44,staggered_interactive,19,selector
staggered_interactive,988f8e17eef797c4,18,True,2.0,1.8300580389800492,0.7428571428571429,0.0,2,Round Robin,2,Round Robin,False,0.0,0.356711368012267,False,Round Robin,staggered_interactive,988f8e17eef797c4,15,36,88,22,2.4,5.866666666666666,1.4666666666666666,71.23287671232876,0.2054794520547945,19,1.2666666666666666,52,21,73,44,staggered_interactive,20,selector
staggered_interactive,4337831fb0505d69,18,True,2.0,1.6085311464126493,0.8,0.0,2,Round Robin,2,Round Robin,False,0.0,0.4503103725403333,False,Round Robin,staggered_interactive,4337831fb0505d69,15,19,75,8,1.2666666666666666,5.0,0.5333333333333333,76.71232876712328,0.2054794520547945,20,1.3333333333333333,56,17,73,44,staggered_interactive,21,selector
staggered_interactive,5662fd17ab6c8e2b,18,True,2.0,2.2692695934010634,1.1176470588235294,0.0,2,Round Robin,2,Round Robin,False,0.0,0.4690487151219824,False,Round Robin,staggered_interactive,5662fd17ab6c8e2b,15,76,152,51,5.066666666666666,10.133333333333333,3.4,100.0,0.19736842105263158,24,1.6,76,0,76,44,staggered_interactive,22,selector
staggered_interactive,4cd5052469bf3814,18,True,2.0,2.0941555645043826,0.9,0.0,2,Round Robin,2,Round Robin,False,0.0,0.45368758274423604,False,Round Robin,staggered_interactive,4cd5052469bf3814,15,40,103,24,2.6666666666666665,6.866666666666666,1.6,86.3013698630137,0.2054794520547945,22,1.4666666666666666,63,10,73,44,staggered_interactive,23,selector
staggered_interactive,323a7bd2d2ab762c,18,True,3.0,1.7683770271233252,1.0,0.0,2,Round Robin,2,Round Robin,False,0.0,0.341693690393739,False,Round Robin,staggered_interactive,323a7bd2d2ab762c,15,69,140,47,4.6,9.333333333333334,3.1333333333333333,95.94594594594595,0.20270270270270271,21,1.4,71,3,74,44,staggered_interactive,24,selector
staggered_interactive,cc9c21447d78b1c8,18,True,2.0,1.7533037597843886,0.7297297297297297,0.0,2,Round Robin,2,Round Robin,False,0.0,0.40924174972021937,False,Round Robin,staggered_interactive,cc9c21447d78b1c8,15,25,79,15,1.6666666666666667,5.266666666666667,1.0,70.12987012987013,0.19480519480519481,19,1.2666666666666666,54,23,77,44,staggered_interactive,25,selector
staggered_interactive,90866cba98035a61,18,True,2.0,2.1115859001827078,1.1343283582089552,0.0,2,Round Robin,2,Round Robin,False,0.0,0.46027037413508193,False,Round Robin,staggered_interactive,90866cba98035a61,15,80,156,49,5.333333333333333,10.4,3.2666666666666666,100.0,0.19736842105263158,24,1.6,76,0,76,44,staggered_interactive,26,selector
staggered_interactive,e2e81f0a955e9e1b,18,True,2.0,1.8455551024337695,0.8472222222222222,0.0,2,Round Robin,2,Round Robin,False,0.0,0.42771630190350707,False,Round Robin,staggered_interactive,e2e81f0a955e9e1b,15,35,96,22,2.3333333333333335,6.4,1.4666666666666666,81.33333333333333,0.2,21,1.4,61,14,75,44,staggered_interactive,27,selector
staggered_interactive,15bea3ad529b4676,18,True,2.0,2.1296829341043537,0.8382352941176471,0.0,2,Round Robin,2,Round Robin,False,0.0,0.4603766644546153,False,Round Robin,staggered_interactive,15bea3ad529b4676,15,32,89,21,2.1333333333333333,5.933333333333334,1.4,81.42857142857143,0.21428571428571427,21,1.4,57,13,70,44,staggered_interactive,28,selector
staggered_interactive,22845fca3c640900,18,True,2.0,1.980986612392297,0.9714285714285714,0.0,2,Round Robin,2,Round Robin,False,0.0,0.43375365509984254,False,Round Robin,staggered_interactive,22845fca3c640900,15,66,134,39,4.4,8.933333333333334,2.6,95.77464788732394,0.2112676056338028,23,1.5333333333333334,68,3,71,44,staggered_interactive,29,selector
poisson_arrivals,7888caf575754b00,40,True,12.0,0.6422075401028012,8.263157894736842,1.236482466066094,1,SJF,1,SJF,False,0.0,0.21724683525465258,False,SJF,poisson_arrivals,7888caf575754b00,15,570,727,570,38.0,48.46666666666667,38.0,100.0,0.09554140127388536,14,0.9333333333333333,157,0,157,44,poisson_arrivals,0,selector
poisson_arrivals,e3888f74b7f9555d,41,True,8.0,0.610226369275643,4.787878787878788,1.4907119849998598,1,SJF,1,SJF,False,0.0,0.26964663999984084,False,SJF,poisson_arrivals,e3888f74b7f9555d,15,603,761,603,40.2,50.733333333333334,40.2,100.0,0.0949367088607595,14,0.9333333333333333,158,0,158,44,poisson_arrivals,1,selector
poisson_arrivals,4cb892f1d6eb864f,41,True,12.0,0.5060450991167658,4.184210526315789,1.5577761927397231,1,SJF,1,SJF,False,0.0,0.2265090002655697,False,SJF,poisson_arrivals,4cb892f1d6eb864f,15,545,704,545,36.333333333333336,46.93333333333333,36.333333333333336,99.375,0.09375,14,0.9333333333333333,159,1,160,44,poisson_arrivals,2,selector
poisson_arrivals,eb85699c1c5a7f5f,40,True,7.0,0.6153054713272649,5.4,1.2036980056845192,1,SJF,1,SJF,False,0.0,0.25144086302423174,False,SJF,poisson_arrivals,eb85699c1c5a7f5f,15,465,600,465,31.0,40.0,31.0,100.0,0.1111111111111111,14,0.9333333333333333,135,0,135,44,poisson_arrivals,3,selector
poisson_arrivals,76d5fac4483c71b8,41,True,7.0,0.5935634374189763,6.782608695652174,1.4605934866804429,1,SJF,1,SJF,False,0.0,0.19737431796549254,False,SJF,poisson_arrivals,76d5fac4483c71b8,15,512,668,512,34.13333333333333,44.53333333333333,34.13333333333333,100.0,0.09615384615384616,14,0.9333333333333333,156,0,156,44,poisson_arrivals,4,selector
poisson_arrivals,134d06a5e4c762d1,32,False,12.0,0.3764429264103815,7.708333333333333,1.4817407180595246,0,FCFS,0,FCFS,False,0.0,0.04127170187248571,False,FCFS,poisson_arrivals,134d06a5e4c762d1,15,1163,1348,1163,77.53333333333333,89.86666666666666,77.53333333333333,100.0,0.08108108108108109,14,0.9333333333333333,185,0,185,44,poisson_arrivals,5,selector
poisson_arrivals,d0470914f4412bc9,40,True,8.0,0.6723290616859425,3.764705882352941,1.0873004286866728,1,SJF,1,SJF,False,0.0,0.28788429326120163,False,SJF,poisson_arrivals,d0470914f4412bc9,15,368,496,368,24.533333333333335,33.06666666666667,24.533333333333335,100.0,0.1171875,14,0.9333333333333333,128,0,128,44,poisson_arrivals,6,selector
poisson_arrivals,f3c29878db8a2cc7,40,True,7.0,0.6370050869860271,5.074074074074074,1.2,1,SJF,1,SJF,False,0.0,0.2694767867780398,False,SJF,poisson_arrivals,f3c29878db8a2cc7,15,479,616,479,31.933333333333334,41.06666666666667,31.933333333333334,100.0,0.10948905109489052,14,0.9333333333333333,137,0,137,44,poisson_arrivals,7,selector
poisson_arrivals,bc85ed897cdefd4f,31,True,13.0,0.394312111896023,4.842105263157895,1.3063945294843615,0,FCFS,0,FCFS,False,0.0,-0.036778659362431326,False,FCFS,poisson_arrivals,bc85ed897cdefd4f,15,1101,1285,1101,73.4,85.66666666666667,73.4,100.0,0.08152173913043478,14,0.9333333333333333,184,0,184,44,poisson_arrivals,8,selector
poisson_arrivals,86ba4f452ff5a54c,67,False,14.0,0.5014596622958688,4.219512195121951,1.1925695879998877,0,FCFS,0,FCFS,False,0.0,-0.01310315447443558,False,FCFS,poisson_arrivals,86ba4f452ff5a54c,15,811,984,811,54.06666666666667,65.6,54.06666666666667,100.0,0.08670520231213873,14,0.9333333333333333,173,0,173,44,poisson_arrivals,9,selector
poisson_arrivals,a59973be4abafb1a,59,False,14.0,0.30747756717886177,5.8,1.339983416149452,0,FCFS,0,FCFS,False,0.0,0.03538137542878246,False,FCFS,poisson_arrivals,a59973be4abafb1a,15,1198,1401,1198,79.86666666666666,93.4,79.86666666666666,100.0,0.07389162561576355,14,0.9333333333333333,203,0,203,44,poisson_arrivals,10,selector
poisson_arrivals,d05fde16395c2f4d,40,True,9.0,0.5605224433629058,5.193548387096774,1.2649110640673518,1,SJF,1,SJF,False,0.0,0.26724323667450073,False,SJF,poisson_arrivals,d05fde16395c2f4d,15,618,779,618,41.2,51.93333333333333,41.2,100.0,0.09316770186335403,14,0.9333333333333333,161,0,161,44,poisson_arrivals,11,selector
poisson_arrivals,10d62453fa56fd4d,31,True,12.0,0.39391116279578386,6.233333333333333,1.1469767022723503,0,FCFS,0,FCFS,False,0.0,-0.00577685550312227,False,FCFS,poisson_arrivals,10d62453fa56fd4d,15,1105,1292,1105,73.66666666666667,86.13333333333334,73.66666666666667,100.0,0.08021390374331551,14,0.9333333333333333,187,0,187,44,poisson_arrivals,12,selector
poisson_arrivals,9832bdfe134f0ab5,41,True,8.0,0.5189838502696814,6.318181818181818,1.505545305418162,1,SJF,1,SJF,False,0.0,0.17791510132346988,False,SJF,poisson_arrivals,9832bdfe134f0ab5,15,538,677,538,35.86666666666667,45.13333333333333,35.86666666666667,98.58156028368795,0.10638297872340426,14,0.9333333333333333,139,2,141,44,poisson_arrivals,13,selector
poisson_arrivals,0ec26c719c7a77b2,31,True,11.0,0.4395245364957664,8.380952380952381,1.1813363431112902,0,FCFS,0,FCFS,False,0.0,-0.017369347393558866,False,FCFS,poisson_arrivals,0ec26c719c7a77b2,15,1138,1314,1138,75.86666666666666,87.6,75.86666666666666,100.0,0.08522727272727272,14,0.9333333333333333,176,0,176,44,poisson_arrivals,14,selector
poisson_arrivals,f5352efe41b5b1a1,41,True,8.0,0.5025735980231272,4.866666666666666,1.4817407180595246,1,SJF,1,SJF,False,0.0,0.20858246223285556,False,SJF,poisson_arrivals,f5352efe41b5b1a1,15,571,717,571,38.06666666666667,47.8,38.06666666666667,100.0,0.10273972602739725,14,0.9333333333333333,146,0,146,44,poisson_arrivals,15,selector
poisson_arrivals,b34d54ecaa5fd59f,40,True,12.0,0.5028371341120272,4.351351351351352,1.247219128924647,1,SJF,1,SJF,False,0.0,0.19984169140643257,False,SJF,poisson_arrivals,b34d54ecaa5fd59f,15,571,732,571,38.06666666666667,48.8,38.06666666666667,100.0,0.09316770186335403,14,0.9333333333333333,161,0,161,44,poisson_arrivals,16,selector
poisson_arrivals,b71ae3d23e7db129,40,True,11.0,0.5672370599784259,7.454545454545454,1.2036980056845192,1,SJF,1,SJF,False,0.0,0.2638286600745016,False,SJF,poisson_arrivals,b71ae3d23e7db129,15,660,824,660,44.0,54.93333333333333,44.0,100.0,0.09146341463414634,14,0.9333333333333333,164,0,164,44,poisson_arrivals,17,selector
poisson_arrivals,b9c9fe4f0b025dc8,40,True,6.0,0.6424639045875815,3.2058823529411766,1.0749676997731399,1,SJF,1,SJF,False,0.0,0.286324805957402,False,SJF,poisson_arrivals,b9c9fe4f0b025dc8,15,343,452,343,22.866666666666667,30.133333333333333,22.866666666666667,100.0,0.13761467889908258,14,0.9333333333333333,109,0,109,44,poisson_arrivals,18,selector
poisson_arrivals,814e3f9a1051ec9f,41,True,6.0,0.6870467653279094,4.5,1.4079141387961918,1,SJF,1,SJF,False,0.0,0.30210885809342913,False,SJF,poisson_arrivals,814e3f9a1051ec9f,15,405,531,405,27.0,35.4,27.0,100.0,0.11904761904761904,14,0.9333333333333333,126,0,126,44,poisson_arrivals,19,selector
poisson_arrivals,aa1784e35107685d,58,True,14.0,0.37263780725859036,7.481481481481482,1.1661903789690602,1,SJF,1,SJF,False,0.0,0.20962467883794797,False,SJF,poisson_arrivals,aa1784e35107685d,15,950,1152,950,63.333333333333336,76.8,63.333333333333336,100.0,0.07425742574257425,14,0.9333333333333333,202,0,202,44,poisson_arrivals,20,selector
poisson_arrivals,8ea24dff68d5e55c,41,True,9.0,0.6456222353726839,6.478260869565218,1.4236104336041748,1,SJF,1,SJF,False,0.0,0.2271576313401751,False,SJF,poisson_arrivals,8ea24dff68d5e55c,15,536,685,536,35.733333333333334,45.666666666666664,35.733333333333334,100.0,0.10067114093959731,14,0.9333333333333333,149,0,149,44,poisson_arrivals,21,selector
poisson_arrivals,1f135c67407c0a47,32,False,11.0,0.45986795045529716,5.62962962962963,1.569146972791976,0,FCFS,0,FCFS,False,0.0,-0.05423233629269224,False,FCFS,poisson_arrivals,1f135c67407c0a47,15,998,1150,998,66.53333333333333,76.66666666666667,66.53333333333333,100.0,0.09868421052631579,14,0.9333333333333333,152,0,152,44,poisson_arrivals,22,selector
poisson_arrivals,c97340b846c5195c,41,True,9.0,0.5441539394469049,3.3469387755102042,1.4360439485692011,1,SJF,1,SJF,False,0.0,0.18957359172980479,False,SJF,poisson_arrivals,c97340b846c5195c,15,488,652,488,32.53333333333333,43.46666666666667,32.53333333333333,100.0,0.09146341463414634,14,0.9333333333333333,164,0,164,44,poisson_arrivals,23,selector
poisson_arrivals,8c65d4cd5082f574,32,False,9.0,0.4177147312554573,7.105263157894737,1.349897115421106,0,FCFS,0,FCFS,False,0.0,-0.05727072669374086,False,FCFS,poisson_arrivals,8c65d4cd5082f574,15,879,1014,879,58.6,67.6,58.6,100.0,0.1111111111111111,14,0.9333333333333333,135,0,135,44,poisson_arrivals,24,selector
poisson_arrivals,c66da603036c55e3,41,True,6.0,0.6558678370961144,4.785714285714286,1.4360439485692011,1,SJF,1,SJF,False,0.0,0.27169086232594997,False,SJF,poisson_arrivals,c66da603036c55e3,15,444,578,444,29.6,38.53333333333333,29.6,100.0,0.11194029850746269,14,0.9333333333333333,134,0,134,44,poisson_arrivals,25,selector
poisson_arrivals,da7b7b2c80c3408a,32,False,11.0,0.4794064347022331,4.365853658536586,1.4544949486180951,0,FCFS,0,FCFS,False,0.0,0.0023516270082384813,False,FCFS,poisson_arrivals,da7b7b2c80c3408a,15,896,1075,896,59.733333333333334,71.66666666666667,59.733333333333334,100.0,0.08379888268156424,14,0.9333333333333333,179,0,179,44,poisson_arrivals,26,selector
poisson_arrivals,8d4c5d162e732f09,40,True,9.0,0.6298382748495706,4.588235294117647,1.2754084313139327,1,SJF,1,SJF,False,0.0,0.30049291936608724,False,SJF,poisson_arrivals,8d4c5d162e732f09,15,574,730,574,38.266666666666666,48.666666666666664,38.266666666666666,100.0,0.09615384615384616,14,0.9333333333333333,156,0,156,44,poisson_arrivals,27,selector
poisson_arrivals,3313581f5f54ee0f,41,True,9.0,0.6852425497783124,3.022727272727273,1.436043948569201,1,SJF,1,SJF,False,0.0,0.26176153108230127,False,SJF,poisson_arrivals,3313581f5f54ee0f,15,333,466,333,22.2,31.066666666666666,22.2,100.0,0.11278195488721804,14,0.9333333333333333,133,0,133,44,poisson_arrivals,28,selector
poisson_arrivals,c09093ceb1a9648d,41,True,7.0,0.6696000730380037,5.333333333333333,1.54344492037203,1,SJF,1,SJF,False,0.0,0.21726516925178813,False,SJF,poisson_arrivals,c09093ceb1a9648d,15,443,571,443,29.533333333333335,38.06666666666667,29.533333333333335,100.0,0.1171875,14,0.9333333333333333,128,0,128,44,poisson_arrivals,29,selector
short_jobs,95f0423017b8c3db,50,True,4.0,1.2164637261954017,9.55,1.4544949486180951,1,SJF,1,SJF,False,0.0,0.22093393507054318,False,SJF,short_jobs,95f0423017b8c3db,15,721,912,721,48.06666666666667,60.8,48.06666666666667,100.0,0.07853403141361257,14,0.9333333333333333,191,0,191,45,short_jobs,0,selector
short_jobs,9ed4c47b1f825ada,50,True,4.0,1.0854676411574875,6.944444444444445,1.4360439485692011,1,SJF,1,SJF,False,0.0,0.38295184170015706,False,SJF,short_jobs,9ed4c47b1f825ada,15,286,411,286,19.066666666666666,27.4,19.066666666666666,98.4251968503937,0.11811023622047244,14,0.9333333333333333,125,2,127,45,short_jobs,1,selector
short_jobs,f47c4a63fc9e5706,23,True,3.0,1.02801333735159,4.823529411764706,1.3759844960366863,2,Round Robin,2,Round Robin,False,0.0,0.0325531988598972,False,Round Robin,short_jobs,f47c4a63fc9e5706,15,351,433,218,23.4,28.866666666666667,14.533333333333333,100.0,0.18292682926829268,25,1.6666666666666667,82,0,82,45,short_jobs,2,selector
short_jobs,8aae578486902ff4,23,True,3.0,1.5526791916478782,6.947368421052632,1.4079141387961918,2,Round Robin,2,Round Robin,False,0.0,0.31081817271496626,False,Round Robin,short_jobs,8aae578486902ff4,15,365,497,179,24.333333333333332,33.13333333333333,11.933333333333334,99.24812030075188,0.11278195488721804,36,2.4,132,1,133,45,short_jobs,3,selector
short_jobs,888d30f3ac150573,22,True,3.0,1.5346745978296163,7.684210526315789,0.9797958971132713,2,Round Robin,2,Round Robin,False,0.0,0.2042948283050152,False,Round Robin,short_jobs,888d30f3ac150573,15,457,603,193,30.466666666666665,40.2,12.866666666666667,99.31972789115646,0.10204081632653061,40,2.6666666666666665,146,1,147,45,short_jobs,4,selector
short_jobs,f151349ba400ae57,50,True,4.0,1.0604051900652696,9.052631578947368,1.4817407180595246,1,SJF,1,SJF,False,0.0,0.4203557601478959,False,SJF,short_jobs,f151349ba400ae57,15,401,573,401,26.733333333333334,38.2,26.733333333333334,100.0,0.0872093023255814,14,0.9333333333333333,172,0,172,45,short_jobs,5,selector
short_jobs,6cfaffcdf18150bb,23,True,3.0,1.0554915916292276,4.0,1.499629583893599,2,Round Robin,2,Round Robin,False,0.0,-0.04235324670538248,False,Round Robin,short_jobs,6cfaffcdf18150bb,15,384,464,246,25.6,30.933333333333334,16.4,100.0,0.1875,22,1.4666666666666666,80,0,80,45,short_jobs,6,selector
short_jobs,e29fd65fb3d28ce0,49,True,4.0,1.3086567889287943,6.2105263157894735,1.2892719737209144,1,SJF,1,SJF,False,0.0,0.3390493319368988,False,SJF,short_jobs,e29fd65fb3d28ce0,15,216,334,216,14.4,22.266666666666666,14.4,100.0,0.1271186440677966,14,0.9333333333333333,118,0,118,45,short_jobs,7,selector
short_jobs,858178d40cf0797a,50,True,4.0,1.3603325794843708,8.31578947368421,1.6110727964792764,1,SJF,1,SJF,False,0.0,0.3051381869280082,False,SJF,short_jobs,858178d40cf0797a,15,486,644,486,32.4,42.93333333333333,32.4,100.0,0.0949367088607595,14,0.9333333333333333,158,0,158,45,short_jobs,8,selector
short_jobs,9af1af2f13accd91,22,True,3.0,1.180671089214646,8.666666666666666,1.3266499161421599,2,Round Robin,2,Round Robin,False,0.0,0.08360313407765385,False,Round Robin,short_jobs,9af1af2f13accd91,15,563,719,194,37.53333333333333,47.93333333333333,12.933333333333334,98.73417721518987,0.0949367088607595,43,2.8666666666666667,156,2,158,45,short_jobs,9,selector
short_jobs,87689d1955f8ced5,23,True,3.0,1.2828840318756787,6.555555555555555,1.3984117975602022,2,Round Robin,2,Round Robin,False,0.0,0.15228624735349722,False,Round Robin,short_jobs,87689d1955f8ced5,15,368,486,167,24.533333333333335,32.4,11.133333333333333,98.33333333333333,0.125,34,2.2666666666666666,118,2,120,45,short_jobs,10,selector
short_jobs,b032cf83f7d85ecd,23,True,3.0,1.0878565864408425,3.25,1.3662601021279464,2,Round Robin,2,Round Robin,False,0.0,0.04811107891032543,False,Round Robin,short_jobs,b032cf83f7d85ecd,15,255,320,144,17.0,21.333333333333332,9.6,100.0,0.23076923076923078,22,1.4666666666666666,65,0,65,45,short_jobs,11,selector
short_jobs,129f729a801dde68,23,True,2.0,1.680662082859342,5.611111111111111,1.6679994670929073,2,Round Robin,2,Round Robin,False,0.0,0.04260839384163043,False,Round Robin,short_jobs,129f729a801dde68,15,300,401,197,20.0,26.733333333333334,13.133333333333333,99.01960784313725,0.14705882352941177,24,1.6,101,1,102,45,short_jobs,12,selector
short_jobs,851fdf601a0ab529,50,True,4.0,1.5214816290559117,6.2,1.4047538337136984,1,SJF,1,SJF,False,0.0,0.44818215468189854,False,SJF,short_jobs,851fdf601a0ab529,15,185,309,185,12.333333333333334,20.6,12.333333333333334,100.0,0.12096774193548387,14,0.9333333333333333,124,0,124,45,short_jobs,13,selector
short_jobs,acb30b3b0017ec27,50,True,4.0,1.3705536578421031,5.35,1.4544949486180951,1,SJF,1,SJF,False,0.0,0.37449380185515174,False,SJF,short_jobs,acb30b3b0017ec27,15,227,334,227,15.133333333333333,22.266666666666666,15.133333333333333,100.0,0.14018691588785046,14,0.9333333333333333,107,0,107,45,short_jobs,14,selector
short_jobs,071082051085c3d1,50,True,5.0,1.2964042820432216,8.533333333333333,1.632993161855452,1,SJF,1,SJF,False,0.0,0.2596251774120199,False,SJF,short_jobs,071082051085c3d1,15,442,570,442,29.466666666666665,38.0,29.466666666666665,99.2248062015504,0.11627906976744186,14,0.9333333333333333,128,1,129,45,short_jobs,15,selector
short_jobs,40074fe58424aebd,50,True,4.0,1.177276952269371,4.95,1.3888444437333105,1,SJF,1,SJF,False,0.0,0.3789148403243205,False,SJF,short_jobs,40074fe58424aebd,15,213,312,213,14.2,20.8,14.2,100.0,0.15151515151515152,14,0.9333333333333333,99,0,99,45,short_jobs,16,selector
short_jobs,7f462a6727378d7e,49,True,4.0,1.2958982804163963,10.88888888888889,1.2220201853215573,1,SJF,1,SJF,False,0.0,0.5023523494194475,False,SJF,short_jobs,7f462a6727378d7e,15,388,584,388,25.866666666666667,38.93333333333333,25.866666666666667,99.49238578680203,0.07614213197969544,14,0.9333333333333333,196,1,197,45,short_jobs,17,selector
short_jobs,330ec9d992d25063,49,True,4.0,1.31762191422835,9.058823529411764,1.32664991614216,1,SJF,1,SJF,False,0.0,0.45176769125220995,False,SJF,short_jobs,330ec9d992d25063,15,299,453,299,19.933333333333334,30.2,19.933333333333334,100.0,0.09740259740259741,14,0.9333333333333333,154,0,154,45,short_jobs,18,selector
short_jobs,d2897294391879a2,22,True,3.0,1.3002197729170546,9.5,1.203698005684519,2,Round Robin,2,Round Robin,False,0.0,-0.06995731844714208,False,Round Robin,short_jobs,d2897294391879a2,15,592,763,185,39.46666666666667,50.86666666666667,12.333333333333334,99.4186046511628,0.0872093023255814,48,3.2,171,1,172,45,short_jobs,19,selector
short_jobs,ff11e4a551201e2f,50,True,4.0,1.4560267423493125,5.8125,1.436043948569201,1,SJF,1,SJF,False,0.0,0.36361962585405533,False,SJF,short_jobs,ff11e4a551201e2f,15,170,263,170,11.333333333333334,17.533333333333335,11.333333333333334,100.0,0.16129032258064516,14,0.9333333333333333,93,0,93,45,short_jobs,20,selector
short_jobs,8e0876ed88b1e4e5,23,True,3.0,1.6289816657094796,6.947368421052632,1.4544949486180951,2,Round Robin,2,Round Robin,False,0.0,0.12687326420642664,False,Round Robin,short_jobs,8e0876ed88b1e4e5,15,260,392,123,17.333333333333332,26.133333333333333,8.2,99.24812030075188,0.11278195488721804,35,2.3333333333333335,132,1,133,45,short_jobs,21,selector
short_jobs,11d55cc97bc5ca4b,23,True,3.0,1.9018905068378673,5.0,1.4142135623730951,2,Round Robin,2,Round Robin,False,0.0,0.26867234201964163,False,Round Robin,short_jobs,11d55cc97bc5ca4b,15,219,299,163,14.6,19.933333333333334,10.866666666666667,96.3855421686747,0.18072289156626506,17,1.1333333333333333,80,3,83,45,short_jobs,22,selector
short_jobs,4b3e10522e85228a,23,True,3.0,1.8270870465823832,3.95,1.3888444437333105,2,Round Robin,2,Round Robin,False,0.0,0.14535808750981405,False,Round Robin,short_jobs,4b3e10522e85228a,15,148,227,128,9.866666666666667,15.133333333333333,8.533333333333333,100.0,0.189873417721519,16,1.0666666666666667,79,0,79,45,short_jobs,23,selector
short_jobs,b507ae57fcb817a7,49,True,4.0,1.5591349436382007,6.611111111111111,1.1925695879998877,1,SJF,1,SJF,False,0.0,0.417951793133412,False,SJF,short_jobs,b507ae57fcb817a7,15,180,299,180,12.0,19.933333333333334,12.0,100.0,0.12605042016806722,14,0.9333333333333333,119,0,119,45,short_jobs,24,selector
short_jobs,31045c4827ac055d,40,True,5.0,0.8726846222464804,5.111111111111111,1.3097921802925665,1,SJF,1,SJF,False,0.0,0.28473295542019783,False,SJF,short_jobs,31045c4827ac055d,15,253,345,253,16.866666666666667,23.0,16.866666666666667,100.0,0.16304347826086957,14,0.9333333333333333,92,0,92,45,short_jobs,25,selector
short_jobs,1ea77f7be4e68a9e,49,True,4.0,1.3016588990219786,7.95,1.2110601416389966,1,SJF,1,SJF,False,0.0,0.18670808292544513,False,SJF,short_jobs,1ea77f7be4e68a9e,15,746,905,746,49.733333333333334,60.333333333333336,49.733333333333334,100.0,0.09433962264150944,14,0.9333333333333333,159,0,159,45,short_jobs,26,selector
short_jobs,13c10c7d9c6c4840,14,True,3.0,0.5809032274577083,3.0,1.339983416149452,1,SJF,1,SJF,False,0.0,0.18761779430207592,False,SJF,short_jobs,13c10c7d9c6c4840,15,161,215,161,10.733333333333333,14.333333333333334,10.733333333333333,96.42857142857143,0.26785714285714285,14,0.9333333333333333,54,2,56,45,short_jobs,27,selector
short_jobs,0a62ba28871c44b2,49,True,4.0,1.4134341665782275,9.166666666666666,1.2892719737209144,1,SJF,1,SJF,False,0.0,0.3787944131240569,False,SJF,short_jobs,0a62ba28871c44b2,15,305,470,305,20.333333333333332,31.333333333333332,20.333333333333332,99.39759036144578,0.09036144578313253,14,0.9333333333333333,165,1,166,45,short_jobs,28,selector
short_jobs,a63207f84a301b24,5,True,3.0,0.4401949866792872,3.0,1.5434449203720302,0,FCFS,0,FCFS,False,0.0,-0.02443165045412523,False,FCFS,short_jobs,a63207f84a301b24,15,198,249,198,13.2,16.6,13.2,100.0,0.29411764705882354,14,0.9333333333333333,51,0,51,45,short_jobs,29,selector
long_jobs,e0bfbf512afafa04,71,True,21.0,0.8181375877112818,18.055555555555557,1.6275407487644937,1,SJF,1,SJF,False,0.0,0.3303867276841847,False,SJF,long_jobs,e0bfbf512afafa04,15,1139,1464,1139,75.93333333333334,97.6,75.93333333333334,99.38837920489297,0.045871559633027525,14,0.9333333333333333,325,2,327,45,long_jobs,0,selector
long_jobs,d74d5ff8dc2cef25,71,True,21.0,0.582346240276532,17.833333333333332,1.339983416149452,1,SJF,1,SJF,False,0.0,0.17513583665503923,False,SJF,long_jobs,d74d5ff8dc2cef25,15,1417,1738,1417,94.46666666666667,115.86666666666666,94.46666666666667,99.68944099378882,0.046583850931677016,14,0.9333333333333333,321,1,322,45,long_jobs,1,selector
long_jobs,64488c735ec2696e,71,True,31.0,0.7414234487612708,20.125,1.339983416149452,1,SJF,1,SJF,False,0.0,0.2927317626093098,False,SJF,long_jobs,64488c735ec2696e,15,1322,1644,1322,88.13333333333334,109.6,88.13333333333334,99.07692307692308,0.046153846153846156,14,0.9333333333333333,322,3,325,45,long_jobs,2,selector
long_jobs,3472f6a613a43562,70,True,34.0,0.5899484856207994,31.384615384615383,1.0873004286866725,1,SJF,1,SJF,False,0.0,0.18192990500429507,False,SJF,long_jobs,3472f6a613a43562,15,1977,2385,1977,131.8,159.0,131.8,98.78934624697337,0.03631961259079903,14,0.9333333333333333,408,5,413,45,long_jobs,3,selector
long_jobs,102b611d19a05ee1,70,True,24.0,0.6050039094685321,18.1,1.2578641509408803,1,SJF,1,SJF,False,0.0,0.2742274824616552,False,SJF,long_jobs,102b611d19a05ee1,15,1522,1884,1522,101.46666666666667,125.6,101.46666666666667,100.0,0.04143646408839779,14,0.9333333333333333,362,0,362,45,long_jobs,4,selector
long_jobs,e6af6f1776fab86e,70,True,25.0,0.5714102449492917,20.35,1.1469767022723503,1,SJF,1,SJF,False,0.0,0.2512985843714794,False,SJF,long_jobs,e6af6f1776fab86e,15,1785,2192,1785,119.0,146.13333333333333,119.0,100.0,0.036855036855036855,14,0.9333333333333333,407,0,407,45,long_jobs,5,selector
long_jobs,aa96aaa6c84e9732,71,True,32.0,0.6900329099445685,21.294117647058822,1.3888444437333105,1,SJF,1,SJF,False,0.0,0.27703694899403414,False,SJF,long_jobs,aa96aaa6c84e9732,15,1514,1876,1514,100.93333333333334,125.06666666666666,100.93333333333334,99.72451790633609,0.04132231404958678,14,0.9333333333333333,362,1,363,45,long_jobs,6,selector
long_jobs,1931339b04e85a70,70,True,22.0,0.7641041905518905,17.352941176470587,1.2543258481484518,1,SJF,1,SJF,False,0.0,0.12711556165991655,False,SJF,long_jobs,1931339b04e85a70,15,1324,1619,1324,88.26666666666667,107.93333333333334,88.26666666666667,99.66216216216216,0.05067567567567568,14,0.9333333333333333,295,1,296,45,long_jobs,7,selector
long_jobs,dbabe2a11d8e36ea,71,True,25.0,0.639559896241083,16.789473684210527,1.6275407487644937,1,SJF,1,SJF,False,0.0,0.20859163464961128,False,SJF,long_jobs,dbabe2a11d8e36ea,15,1441,1760,1441,96.06666666666666,117.33333333333333,96.06666666666666,99.6875,0.046875,14,0.9333333333333333,319,1,320,45,long_jobs,8,selector
long_jobs,8844b78e67731f5d,70,True,25.0,0.5808634467325345,16.842105263157894,1.2754084313139327,1,SJF,1,SJF,False,0.0,0.260144534906893,False,SJF,long_jobs,8844b78e67731f5d,15,1342,1662,1342,89.46666666666667,110.8,89.46666666666667,100.0,0.046875,14,0.9333333333333333,320,0,320,45,long_jobs,9,selector
long_jobs,a791edf00a6c8e57,71,True,18.0,0.726484108503448,15.85,1.7204650534085255,1,SJF,1,SJF,False,0.0,0.29306297690669686,False,SJF,long_jobs,a791edf00a6c8e57,15,1184,1501,1184,78.93333333333334,100.06666666666666,78.93333333333334,100.0,0.0473186119873817,14,0.9333333333333333,317,0,317,45,long_jobs,10,selector
long_jobs,4928ed027eafc6e0,61,True,26.0,0.40560859642077696,25.75,1.2036980056845192,1,SJF,1,SJF,False,0.0,0.20778765837583463,False,SJF,long_jobs,4928ed027eafc6e0,15,2076,2488,2076,138.4,165.86666666666667,138.4,99.03846153846153,0.036057692307692304,14,0.9333333333333333,412,4,416,45,long_jobs,11,selector
long_jobs,3b7a82f8e3c01b11,71,True,21.0,0.6195796548382196,17.57894736842105,1.6193277068654826,1,SJF,1,SJF,False,0.0,0.1706605967538131,False,SJF,long_jobs,3b7a82f8e3c01b11,15,1724,2058,1724,114.93333333333334,137.2,114.93333333333334,100.0,0.04491017964071856,14,0.9333333333333333,334,0,334,45,long_jobs,12,selector
long_jobs,5d6abc83d6ea114a,70,True,20.0,0.5583829309560256,18.894736842105264,1.2036980056845192,1,SJF,1,SJF,False,0.0,0.2636911552484562,False,SJF,long_jobs,5d6abc83d6ea114a,15,1544,1903,1544,102.93333333333334,126.86666666666666,102.93333333333334,100.0,0.04178272980501393,14,0.9333333333333333,359,0,359,45,long_jobs,13,selector
long_jobs,4e00a5408cdb7dbf,71,True,26.0,0.609458701815078,21.055555555555557,1.4047538337136984,1,SJF,1,SJF,False,0.0,0.20489252333986485,False,SJF,long_jobs,4e00a5408cdb7dbf,15,1886,2265,1886,125.73333333333333,151.0,125.73333333333333,100.0,0.0395778364116095,14,0.9333333333333333,379,0,379,45,long_jobs,14,selector
long_jobs,99703a93f8364ea2,70,True,24.0,0.5868404284523279,18.31578947368421,1.0624918300339485,1,SJF,1,SJF,False,0.0,0.24274179667723775,False,SJF,long_jobs,99703a93f8364ea2,15,1487,1835,1487,99.13333333333334,122.33333333333333,99.13333333333334,99.7134670487106,0.04297994269340974,14,0.9333333333333333,348,1,349,45,long_jobs,15,selector
long_jobs,3eb0d8eb11b59aa8,62,True,30.0,0.4985099972129857,20.7,1.5260697523012796,1,SJF,1,SJF,False,0.0,0.22717647347262254,False,SJF,long_jobs,3eb0d8eb11b59aa8,15,2079,2493,2079,138.6,166.2,138.6,100.0,0.036231884057971016,14,0.9333333333333333,414,0,414,45,long_jobs,16,selector
long_jobs,18041ee30c6addce,71,True,24.0,0.591350525945982,24.933333333333334,1.4605934866804429,1,SJF,1,SJF,False,0.0,0.23666134417346668,False,SJF,long_jobs,18041ee30c6addce,15,1619,1993,1619,107.93333333333334,132.86666666666667,107.93333333333334,100.0,0.040106951871657755,14,0.9333333333333333,374,0,374,45,long_jobs,17,selector
long_jobs,031d0efb109dfa45,71,True,19.0,0.5533011632695446,17.263157894736842,1.4817407180595246,1,SJF,1,SJF,False,0.0,0.24529021156493996,False,SJF,long_jobs,031d0efb109dfa45,15,1404,1732,1404,93.6,115.46666666666667,93.6,100.0,0.04573170731707317,14,0.9333333333333333,328,0,328,45,long_jobs,18,selector
long_jobs,9d12fb417782d237,70,True,22.0,0.7597484121395146,19.058823529411764,1.3266499161421599,1,SJF,1,SJF,False,0.0,0.29271685378249057,False,SJF,long_jobs,9d12fb417782d237,15,1107,1431,1107,73.8,95.4,73.8,100.0,0.046296296296296294,14,0.9333333333333333,324,0,324,45,long_jobs,19,selector
long_jobs,840ac60f467fc070,71,True,16.0,0.7763736225665732,16.27777777777778,1.4236104336041748,1,SJF,1,SJF,False,0.0,0.1929443289871503,False,SJF,long_jobs,840ac60f467fc070,15,1202,1495,1202,80.13333333333334,99.66666666666667,80.13333333333334,99.32203389830508,0.05084745762711865,14,0.9333333333333333,293,2,295,45,long_jobs,20,selector
long_jobs,e4223c26142596b7,71,True,15.0,0.6713835000339698,15.85,1.8208667044996885,1,SJF,1,SJF,False,0.0,0.27573021863595076,False,SJF,long_jobs,e4223c26142596b7,15,1298,1615,1298,86.53333333333333,107.66666666666667,86.53333333333333,100.0,0.0473186119873817,14,0.9333333333333333,317,0,317,45,long_jobs,21,selector
long_jobs,8f5aacd320a66e55,71,True,18.0,0.7786823917035942,18.166666666666668,1.4966629547095767,1,SJF,1,SJF,False,0.0,0.2641637198693849,False,SJF,long_jobs,8f5aacd320a66e55,15,1382,1709,1382,92.13333333333334,113.93333333333334,92.13333333333334,99.3920972644377,0.04559270516717325,14,0.9333333333333333,327,2,329,45,long_jobs,22,selector
long_jobs,be4f4d308e51d853,71,True,26.0,0.621079287190916,19.894736842105264,1.339983416149452,1,SJF,1,SJF,False,0.0,0.24074066359147372,False,SJF,long_jobs,be4f4d308e51d853,15,1684,2062,1684,112.26666666666667,137.46666666666667,112.26666666666667,100.0,0.03968253968253968,14,0.9333333333333333,378,0,378,45,long_jobs,23,selector
long_jobs,5362127c92d9cdb7,70,True,28.0,0.5798133120183872,20.77777777777778,1.2110601416389966,1,SJF,1,SJF,False,0.0,0.2588557682781568,False,SJF,long_jobs,5362127c92d9cdb7,15,1733,2107,1733,115.53333333333333,140.46666666666667,115.53333333333333,100.0,0.040106951871657755,14,0.9333333333333333,374,0,374,45,long_jobs,24,selector
long_jobs,f601d8a857032dfb,68,False,16.0,0.7080419476745,10.1,1.4696938456699067,0,FCFS,0,FCFS,False,0.0,-0.06913187963066797,False,FCFS,long_jobs,f601d8a857032dfb,15,1073,1275,1073,71.53333333333333,85.0,71.53333333333333,100.0,0.07425742574257425,14,0.9333333333333333,202,0,202,45,long_jobs,25,selector
long_jobs,cee23b39ae9006e2,71,True,15.0,0.7879233681469424,16.0,1.4047538337136984,1,SJF,1,SJF,False,0.0,0.3251126350929774,False,SJF,long_jobs,cee23b39ae9006e2,15,1079,1383,1079,71.93333333333334,92.2,71.93333333333334,99.67213114754098,0.04918032786885246,14,0.9333333333333333,304,1,305,45,long_jobs,26,selector
long_jobs,5f35d2c6ce3a0ed7,70,True,32.0,0.5517627649274013,22.0,1.0624918300339483,1,SJF,1,SJF,False,0.0,0.24055450122063912,False,SJF,long_jobs,5f35d2c6ce3a0ed7,15,1995,2435,1995,133.0,162.33333333333334,133.0,100.0,0.03409090909090909,14,0.9333333333333333,440,0,440,45,long_jobs,27,selector
long_jobs,86c433c78703fab9,71,True,25.0,0.6420490569586346,19.77777777777778,1.4817407180595246,1,SJF,1,SJF,False,0.0,0.2771533360001144,False,SJF,long_jobs,86c433c78703fab9,15,1416,1772,1416,94.4,118.13333333333334,94.4,100.0,0.042134831460674156,14,0.9333333333333333,356,0,356,45,long_jobs,28,selector
long_jobs,09bcee6b65c35c45,71,True,19.0,0.6995854528745751,19.88888888888889,1.359738536958076,1,SJF,1,SJF,False,0.0,0.31840796539238364,False,SJF,long_jobs,09bcee6b65c35c45,15,1403,1761,1403,93.53333333333333,117.4,93.53333333333333,99.44444444444444,0.041666666666666664,14,0.9333333333333333,358,2,360,45,long_jobs,29,selector
mixed,722883e78862e7f2,70,True,22.0,0.5392072096655366,20.736842105263158,1.0873004286866725,1,SJF,1,SJF,False,0.0,0.24090054675352693,False,SJF,mixed,722883e78862e7f2,15,1714,2108,1714,114.26666666666667,140.53333333333333,114.26666666666667,100.0,0.03807106598984772,14,0.9333333333333333,394,0,394,45,mixed,0,selector
mixed,b75e6ad6aaf42480,71,True,19.0,0.6028403418005401,16.57894736842105,1.4452988925785866,1,SJF,1,SJF,False,0.0,0.21709308566753732,False,SJF,mixed,b75e6ad6aaf42480,15,1279,1594,1279,85.26666666666667,106.26666666666667,85.26666666666667,100.0,0.047619047619047616,14,0.9333333333333333,315,0,315,45,mixed,1,selector
mixed,510bd6de6c064f8a,62,True,27.0,0.4231615675318558,25.705882352941178,1.3888444437333107,1,SJF,1,SJF,False,0.0,0.20492509829186506,False,SJF,mixed,510bd6de6c064f8a,15,2286,2723,2286,152.4,181.53333333333333,152.4,99.54441913439635,0.03416856492027335,14,0.9333333333333333,437,2,439,45,mixed,2,selector
mixed,8629b565d0cb702c,62,True,34.0,0.39774270730890293,29.875,1.569146972791976,1,SJF,1,SJF,False,0.0,0.19049094616767193,False,SJF,mixed,8629b565d0cb702c,15,2514,2992,2514,167.6,199.46666666666667,167.6,99.58333333333333,0.03125,14,0.9333333333333333,478,2,480,45,mixed,3,selector
mixed,aced4a876bf75dfb,62,True,25.0,0.39515762233263596,22.1,1.4142135623730951,1,SJF,1,SJF,False,0.0,0.22031262595669304,False,SJF,mixed,aced4a876bf75dfb,15,2220,2662,2220,148.0,177.46666666666667,148.0,100.0,0.033936651583710405,14,0.9333333333333333,442,0,442,45,mixed,4,selector
mixed,1c2cd5ef3f0bec1f,71,True,22.0,0.6710899209422423,22.933333333333334,1.3888444437333105,1,SJF,1,SJF,False,0.0,0.24878169759055405,False,SJF,mixed,1c2cd5ef3f0bec1f,15,1340,1684,1340,89.33333333333333,112.26666666666667,89.33333333333333,100.0,0.0436046511627907,14,0.9333333333333333,344,0,344,45,mixed,5,selector
mixed,f2eda125977624f1,61,True,30.0,0.39101478486557395,23.157894736842106,1.3097921802925667,1,SJF,1,SJF,False,0.0,0.18229997244832807,False,SJF,mixed,f2eda125977624f1,15,2268,2708,2268,151.2,180.53333333333333,151.2,99.77324263038548,0.034013605442176874,14,0.9333333333333333,440,1,441,45,mixed,6,selector
mixed,773f0fa17542f90b,71,True,27.0,0.5935505397279445,27.5,1.339983416149452,1,SJF,1,SJF,False,0.0,0.22256964354442793,False,SJF,mixed,773f0fa17542f90b,15,1694,2079,1694,112.93333333333334,138.6,112.93333333333334,98.97172236503856,0.038560411311053984,14,0.9333333333333333,385,4,389,45,mixed,7,selector
mixed,46430c6c61040ac1,62,True,32.0,0.48057755595195883,26.941176470588236,1.4360439485692011,1,SJF,1,SJF,False,0.0,0.24077662864905786,False,SJF,mixed,46430c6c61040ac1,15,2228,2686,2228,148.53333333333333,179.06666666666666,148.53333333333333,99.34924078091106,0.03253796095444685,14,0.9333333333333333,458,3,461,45,mixed,8,selector
mixed,d4f625c56f07ef34,62,True,34.0,0.45370707039322444,25.11111111111111,1.359738536958076,1,SJF,1,SJF,False,0.0,0.19842711939659358,False,SJF,mixed,d4f625c56f07ef34,15,2362,2814,2362,157.46666666666667,187.6,157.46666666666667,99.77924944812362,0.033112582781456956,14,0.9333333333333333,452,1,453,45,mixed,9,selector
mixed,43ae96e113538901,71,True,20.0,0.7340325910915815,15.9,1.359738536958076,1,SJF,1,SJF,False,0.0,0.2881758761829309,False,SJF,mixed,43ae96e113538901,15,1117,1435,1117,74.46666666666667,95.66666666666667,74.46666666666667,100.0,0.04716981132075472,14,0.9333333333333333,318,0,318,45,mixed,10,selector
mixed,c198799ac1d359b2,71,True,26.0,0.5018360604317863,20.65,1.398411797560202,1,SJF,1,SJF,False,0.0,0.21986730264318158,False,SJF,mixed,c198799ac1d359b2,15,2013,2426,2013,134.2,161.73333333333332,134.2,100.0,0.03631961259079903,14,0.9333333333333333,413,0,413,45,mixed,11,selector
mixed,d9be9a226f61d2ed,61,True,31.0,0.4425050802716075,23.944444444444443,1.2892719737209144,1,SJF,1,SJF,False,0.0,0.19416724986578393,False,SJF,mixed,d9be9a226f61d2ed,15,2171,2602,2171,144.73333333333332,173.46666666666667,144.73333333333332,99.76851851851852,0.034722222222222224,14,0.9333333333333333,431,1,432,45,mixed,12,selector
mixed,49ea52a3b9586acb,61,True,32.0,0.4158037014150982,25.944444444444443,1.2036980056845192,1,SJF,1,SJF,False,0.0,0.20866382396035793,False,SJF,mixed,49ea52a3b9586acb,15,2333,2800,2333,155.53333333333333,186.66666666666666,155.53333333333333,99.78632478632478,0.03205128205128205,14,0.9333333333333333,467,1,468,45,mixed,13,selector
mixed,4a982696cb1b8e33,71,True,29.0,0.5878453284474708,19.5,1.514375558880073,1,SJF,1,SJF,False,0.0,0.23534614461302156,False,SJF,mixed,4a982696cb1b8e33,15,1642,2032,1642,109.46666666666667,135.46666666666667,109.46666666666667,100.0,0.038461538461538464,14,0.9333333333333333,390,0,390,45,mixed,14,selector
mixed,1362fe1bb9c04fd1,62,True,35.0,0.36343965830866576,24.55,1.4360439485692011,1,SJF,1,SJF,False,0.0,0.18638246814958143,False,SJF,mixed,1362fe1bb9c04fd1,15,2675,3166,2675,178.33333333333334,211.06666666666666,178.33333333333334,100.0,0.03054989816700611,14,0.9333333333333333,491,0,491,45,mixed,15,selector
mixed,2e1ea10c4c378aec,70,True,14.0,0.7156934621405028,14.7,1.2364824660660938,1,SJF,1,SJF,False,0.0,0.23617980553785728,False,SJF,mixed,2e1ea10c4c378aec,15,1238,1532,1238,82.53333333333333,102.13333333333334,82.53333333333333,100.0,0.05102040816326531,14,0.9333333333333333,294,0,294,45,mixed,16,selector
mixed,aa8988b0a14cb5f1,71,True,28.0,0.6330245297508102,22.823529411764707,1.5260697523012796,1,SJF,1,SJF,False,0.0,0.28861025986503885,False,SJF,mixed,aa8988b0a14cb5f1,15,1622,2010,1622,108.13333333333334,134.0,108.13333333333334,99.48717948717949,0.038461538461538464,14,0.9333333333333333,388,2,390,45,mixed,17,selector
mixed,d80f064d2e9e9e01,70,True,23.0,0.6466286839993723,19.0,1.1469767022723503,1,SJF,1,SJF,False,0.0,0.26817952268657985,False,SJF,mixed,d80f064d2e9e9e01,15,1355,1697,1355,90.33333333333333,113.13333333333334,90.33333333333333,99.70845481049562,0.043731778425655975,14,0.9333333333333333,342,1,343,45,mixed,18,selector
mixed,d5ec1c5a801195c8,71,True,27.0,0.5211573066470477,21.31578947368421,1.3888444437333105,1,SJF,1,SJF,False,0.0,0.23933712011604613,False,SJF,mixed,d5ec1c5a801195c8,15,1807,2212,1807,120.46666666666667,147.46666666666667,120.46666666666667,100.0,0.037037037037037035,14,0.9333333333333333,405,0,405,45,mixed,19,selector
mixed,972ba109490d566a,61,True,39.0,0.4765644789783505,25.789473684210527,1.3266499161421599,1,SJF,1,SJF,False,0.0,0.23663670349249433,False,SJF,mixed,972ba109490d566a,15,2325,2815,2325,155.0,187.66666666666666,155.0,99.79633401221996,0.03054989816700611,14,0.9333333333333333,490,1,491,45,mixed,20,selector
mixed,f1521e2d12677fa8,71,True,26.0,0.5466517401417469,24.0,1.4079141387961918,1,SJF,1,SJF,False,0.0,0.23383827453665174,False,SJF,mixed,f1521e2d12677fa8,15,1710,2094,1710,114.0,139.6,114.0,100.0,0.0390625,14,0.9333333333333333,384,0,384,45,mixed,21,selector
mixed,5d0c26965ede8180,71,True,32.0,0.5486548953731308,21.789473684210527,1.4079141387961918,1,SJF,1,SJF,False,0.0,0.20167667656951394,False,SJF,mixed,5d0c26965ede8180,15,1808,2222,1808,120.53333333333333,148.13333333333333,120.53333333333333,100.0,0.036231884057971016,14,0.9333333333333333,414,0,414,45,mixed,22,selector
mixed,9ec8db5de3f9a928,61,True,24.0,0.48048869949545553,20.157894736842106,1.2036980056845192,1,SJF,1,SJF,False,0.0,0.24440723972229242,False,SJF,mixed,9ec8db5de3f9a928,15,1788,2171,1788,119.2,144.73333333333332,119.2,100.0,0.0391644908616188,14,0.9333333333333333,383,0,383,45,mixed,23,selector
mixed,653d28fdf4f65b91,62,True,29.0,0.49904254823868066,20.842105263157894,1.4236104336041748,1,SJF,1,SJF,False,0.0,0.24434647073028068,False,SJF,mixed,653d28fdf4f65b91,15,1837,2233,1837,122.46666666666667,148.86666666666667,122.46666666666667,99.74811083123426,0.037783375314861464,14,0.9333333333333333,396,1,397,45,mixed,24,selector
mixed,de0fb1b5b21a88e1,61,True,33.0,0.3671255417904113,27.941176470588236,1.1661903789690602,1,SJF,1,SJF,False,0.0,0.21237918189873112,False,SJF,mixed,de0fb1b5b21a88e1,15,2453,2928,2453,163.53333333333333,195.2,163.53333333333333,99.78991596638656,0.031512605042016806,14,0.9333333333333333,475,1,476,45,mixed,25,selector
mixed,b52e27932aa382cb,62,True,24.0,0.4884964140388087,17.7,1.349897115421106,1,SJF,1,SJF,False,0.0,0.19431422449927555,False,SJF,mixed,b52e27932aa382cb,15,1618,1972,1618,107.86666666666666,131.46666666666667,107.86666666666666,100.0,0.0423728813559322,14,0.9333333333333333,354,0,354,45,mixed,26,selector
mixed,91a451feb0b7850e,70,True,19.0,0.757382108751421,17.944444444444443,1.2578641509408806,1,SJF,1,SJF,False,0.0,0.2638883106364877,False,SJF,mixed,91a451feb0b7850e,15,1110,1433,1110,74.0,95.53333333333333,74.0,99.69135802469135,0.046296296296296294,14,0.9333333333333333,323,1,324,45,mixed,27,selector
mixed,e8bb625fe3a64e27,71,True,24.0,0.5833497308465366,22.0,1.339983416149452,1,SJF,1,SJF,False,0.0,0.21901486221748645,False,SJF,mixed,e8bb625fe3a64e27,15,1835,2231,1835,122.33333333333333,148.73333333333332,122.33333333333333,99.49748743718592,0.03768844221105527,14,0.9333333333333333,396,2,398,45,mixed,28,selector
mixed,4531602aff8b886f,70,True,21.0,0.7439751522168881,20.1875,1.3097921802925665,1,SJF,1,SJF,False,0.0,0.2743114947566033,False,SJF,mixed,4531602aff8b886f,15,1185,1508,1185,79.0,100.53333333333333,79.0,98.47560975609755,0.04573170731707317,14,0.9333333333333333,323,5,328,45,mixed,29,selector
cpu_bursty,502a1ddb29828a38,62,True,43.0,0.204692718010324,42.92857142857143,1.5577761927397231,1,SJF,1,SJF,False,0.0,0.16658076157283327,False,SJF,cpu_bursty,502a1ddb29828a38,15,3621,4222,3621,241.4,281.46666666666664,241.4,100.0,0.024958402662229616,14,0.9333333333333333,601,0,601,45,cpu_bursty,0,selector
cpu_bursty,69bc4a65f53b2b45,62,True,44.0,0.24737681853446197,41.92857142857143,1.4544949486180951,1,SJF,1,SJF,False,0.0,0.163310700259227,False,SJF,cpu_bursty,69bc4a65f53b2b45,15,3416,4003,3416,227.73333333333332,266.8666666666667,227.73333333333332,100.0,0.02555366269165247,14,0.9333333333333333,587,0,587,45,cpu_bursty,1,selector
cpu_bursty,d4ccb4d832518c7b,62,True,34.0,0.2588787516201015,34.4,1.4544949486180951,1,SJF,1,SJF,False,0.0,0.17305301529401054,False,SJF,cpu_bursty,d4ccb4d832518c7b,15,2966,3482,2966,197.73333333333332,232.13333333333333,197.73333333333332,100.0,0.029069767441860465,14,0.9333333333333333,516,0,516,45,cpu_bursty,2,selector
cpu_bursty,4316278ccc60a7c1,61,True,31.0,0.26952760323178204,35.785714285714285,1.32664991614216,1,SJF,1,SJF,False,0.0,0.18691049897122414,False,SJF,cpu_bursty,4316278ccc60a7c1,15,2879,3380,2879,191.93333333333334,225.33333333333334,191.93333333333334,100.0,0.029940119760479042,14,0.9333333333333333,501,0,501,45,cpu_bursty,3,selector
cpu_bursty,ed9a92945c192593,62,True,35.0,0.2852475135597938,47.54545454545455,1.4696938456699067,1,SJF,1,SJF,False,0.0,0.18089854514776965,False,SJF,cpu_bursty,ed9a92945c192593,15,3008,3531,3008,200.53333333333333,235.4,200.53333333333333,100.0,0.028680688336520075,14,0.9333333333333333,523,0,523,45,cpu_bursty,4,selector
cpu_bursty,d3aedd7b716ad321,62,True,35.0,0.2359133630714015,39.76923076923077,1.4142135623730951,1,SJF,1,SJF,False,0.0,0.16545445922785662,False,SJF,cpu_bursty,d3aedd7b716ad321,15,3071,3588,3071,204.73333333333332,239.2,204.73333333333332,99.8069498069498,0.02895752895752896,14,0.9333333333333333,517,1,518,45,cpu_bursty,5,selector
cpu_bursty,466a385862790322,62,True,35.0,0.24038536554237686,39.285714285714285,1.5832456116050557,1,SJF,1,SJF,False,0.0,0.15490628244425064,False,SJF,cpu_bursty,466a385862790322,15,3349,3899,3349,223.26666666666668,259.93333333333334,223.26666666666668,100.0,0.02727272727272727,14,0.9333333333333333,550,0,550,45,cpu_bursty,6,selector
cpu_bursty,4498efd6d9007e6e,62,True,27.0,0.2845283926625452,37.916666666666664,1.5260697523012796,1,SJF,1,SJF,False,0.0,0.16020884495086438,False,SJF,cpu_bursty,4498efd6d9007e6e,15,2580,3035,2580,172.0,202.33333333333334,172.0,99.78070175438596,0.03289473684210526,14,0.9333333333333333,455,1,456,45,cpu_bursty,7,selector
cpu_bursty,ba87ed84a40f295d,61,True,32.0,0.25011096506000774,32.266666666666666,1.0749676997731399,1,SJF,1,SJF,False,0.0,0.16086152135235599,False,SJF,cpu_bursty,ba87ed84a40f295d,15,2760,3244,2760,184.0,216.26666666666668,184.0,100.0,0.030991735537190084,14,0.9333333333333333,484,0,484,45,cpu_bursty,8,selector
cpu_bursty,a7759c09d0bb185d,62,True,38.0,0.21630566648903102,38.642857142857146,1.540562667772179,1,SJF,1,SJF,False,0.0,0.16978409322753202,False,SJF,cpu_bursty,a7759c09d0bb185d,15,3244,3785,3244,216.26666666666668,252.33333333333334,216.26666666666668,99.81549815498155,0.027675276752767528,14,0.9333333333333333,541,1,542,45,cpu_bursty,9,selector
cpu_bursty,c351cd5432410b2a,61,True,40.0,0.21322938585299758,40.857142857142854,1.3266499161421599,1,SJF,1,SJF,False,0.0,0.1790207063895702,False,SJF,cpu_bursty,c351cd5432410b2a,15,3425,3997,3425,228.33333333333334,266.46666666666664,228.33333333333334,100.0,0.026223776223776224,14,0.9333333333333333,572,0,572,45,cpu_bursty,10,selector
cpu_bursty,659bc4e2f9474299,62,True,32.0,0.32197448470603945,34.6,1.5832456116050557,1,SJF,1,SJF,False,0.0,0.19684407208037102,False,SJF,cpu_bursty,659bc4e2f9474299,15,2851,3370,2851,190.06666666666666,224.66666666666666,190.06666666666666,100.0,0.028901734104046242,14,0.9333333333333333,519,0,519,45,cpu_bursty,11,selector
cpu_bursty,16082a57901fb1ff,61,True,34.0,0.22999670089065685,34.333333333333336,1.0873004286866725,1,SJF,1,SJF,False,0.0,0.15798992569777742,False,SJF,cpu_bursty,16082a57901fb1ff,15,3034,3549,3034,202.26666666666668,236.6,202.26666666666668,100.0,0.02912621359223301,14,0.9333333333333333,515,0,515,45,cpu_bursty,12,selector
cpu_bursty,eb05e9c1fe924f8a,61,True,36.0,0.2816986546177832,31.4,1.2578641509408806,1,SJF,1,SJF,False,0.0,0.16214190512657062,False,SJF,cpu_bursty,eb05e9c1fe924f8a,15,2640,3111,2640,176.0,207.4,176.0,100.0,0.03184713375796178,14,0.9333333333333333,471,0,471,45,cpu_bursty,13,selector
cpu_bursty,94f323487a0d32d9,62,True,43.0,0.18664921302495613,40.46666666666667,1.4966629547095764,1,SJF,1,SJF,False,0.0,0.15791534079820907,False,SJF,cpu_bursty,94f323487a0d32d9,15,3750,4357,3750,250.0,290.46666666666664,250.0,100.0,0.02471169686985173,14,0.9333333333333333,607,0,607,45,cpu_bursty,14,selector
cpu_bursty,a8f48e0d9d34baa6,62,True,34.0,0.2587650166534847,36.142857142857146,1.6918103387266028,1,SJF,1,SJF,False,0.0,0.15768251021691157,False,SJF,cpu_bursty,a8f48e0d9d34baa6,15,2906,3412,2906,193.73333333333332,227.46666666666667,193.73333333333332,99.80276134122288,0.029585798816568046,14,0.9333333333333333,506,1,507,45,cpu_bursty,15,selector
cpu_bursty,225dc27a48ed8f1d,61,True,32.0,0.24071558373942256,35.785714285714285,1.0873004286866725,1,SJF,1,SJF,False,0.0,0.13912595600076355,False,SJF,cpu_bursty,225dc27a48ed8f1d,15,3057,3558,3057,203.8,237.2,203.8,99.800796812749,0.029880478087649404,14,0.9333333333333333,501,1,502,45,cpu_bursty,16,selector
cpu_bursty,0d712022cae7109d,62,True,26.0,0.31085327124315154,33.142857142857146,1.3984117975602022,1,SJF,1,SJF,False,0.0,0.19131159595453656,False,SJF,cpu_bursty,0d712022cae7109d,15,2663,3127,2663,177.53333333333333,208.46666666666667,177.53333333333333,99.78494623655914,0.03225806451612903,14,0.9333333333333333,464,1,465,45,cpu_bursty,17,selector
cpu_bursty,4e541768a2b48f9e,61,True,31.0,0.2536291586414571,33.57142857142857,1.3165611772087666,1,SJF,1,SJF,False,0.0,0.16495166740093192,False,SJF,cpu_bursty,4e541768a2b48f9e,15,2682,3152,2682,178.8,210.13333333333333,178.8,99.78768577494692,0.03184713375796178,14,0.9333333333333333,470,1,471,45,cpu_bursty,18,selector
cpu_bursty,8de288dbd572c867,62,True,41.0,0.24149819473717132,41.76923076923077,1.505545305418162,1,SJF,1,SJF,False,0.0,0.1620824075193535,False,SJF,cpu_bursty,8de288dbd572c867,15,3252,3795,3252,216.8,253.0,216.8,100.0,0.027624309392265192,14,0.9333333333333333,543,0,543,45,cpu_bursty,19,selector
cpu_bursty,d5352b3dc94bbf43,61,True,28.0,0.2706230907090808,31.466666666666665,1.0873004286866728,1,SJF,1,SJF,False,0.0,0.15296287204137024,False,SJF,cpu_bursty,d5352b3dc94bbf43,15,2809,3281,2809,187.26666666666668,218.73333333333332,187.26666666666668,100.0,0.03177966101694915,14,0.9333333333333333,472,0,472,45,cpu_bursty,20,selector
cpu_bursty,82bf0a6799e80a72,62,True,29.0,0.2999284018693728,36.38461538461539,1.5832456116050557,1,SJF,1,SJF,False,0.0,0.19241361838755017,False,SJF,cpu_bursty,82bf0a6799e80a72,15,2644,3117,2644,176.26666666666668,207.8,176.26666666666668,99.78902953586498,0.03164556962025317,14,0.9333333333333333,473,1,474,45,cpu_bursty,21,selector
cpu_bursty,a43faebe1863fe62,62,True,40.0,0.2748362807583223,38.214285714285715,1.4360439485692011,1,SJF,1,SJF,False,0.0,0.1830741654860794,False,SJF,cpu_bursty,a43faebe1863fe62,15,3038,3573,3038,202.53333333333333,238.2,202.53333333333333,100.0,0.028037383177570093,14,0.9333333333333333,535,0,535,45,cpu_bursty,22,selector
cpu_bursty,657b4d10b9fe207e,62,True,32.0,0.2574597743289319,37.0,1.569146972791976,1,SJF,1,SJF,False,0.0,0.1587301991760074,False,SJF,cpu_bursty,657b4d10b9fe207e,15,2927,3445,2927,195.13333333333333,229.66666666666666,195.13333333333333,100.0,0.02895752895752896,14,0.9333333333333333,518,0,518,45,cpu_bursty,23,selector
cpu_bursty,92751dacc45cacda,62,True,34.0,0.2403771895761186,37.07142857142857,1.4142135623730951,1,SJF,1,SJF,False,0.0,0.15162101685225365,False,SJF,cpu_bursty,92751dacc45cacda,15,3090,3609,3090,206.0,240.6,206.0,99.8076923076923,0.028846153846153848,14,0.9333333333333333,519,1,520,45,cpu_bursty,24,selector
cpu_bursty,f44d081f2259ccbb,62,True,31.0,0.282972546180091,33.0,1.3888444437333105,1,SJF,1,SJF,False,0.0,0.14760654008409868,False,SJF,cpu_bursty,f44d081f2259ccbb,15,2970,3465,2970,198.0,231.0,198.0,100.0,0.030303030303030304,14,0.9333333333333333,495,0,495,45,cpu_bursty,25,selector
cpu_bursty,24df1938c28c575a,61,True,34.0,0.26089239863962843,33.8,1.0832051206181281,1,SJF,1,SJF,False,0.0,0.14436113774464762,False,SJF,cpu_bursty,24df1938c28c575a,15,3093,3600,3093,206.2,240.0,206.2,100.0,0.029585798816568046,14,0.9333333333333333,507,0,507,45,cpu_bursty,26,selector
cpu_bursty,5cf7170429fb625c,61,True,41.0,0.25468581598680534,37.0,1.1352924243950933,1,SJF,1,SJF,False,0.0,0.17821908633486738,False,SJF,cpu_bursty,5cf7170429fb625c,15,3210,3765,3210,214.0,251.0,214.0,100.0,0.02702702702702703,14,0.9333333333333333,555,0,555,45,cpu_bursty,27,selector
cpu_bursty,4ab605343923f534,61,True,42.0,0.2682063990226682,41.57142857142857,1.32664991614216,1,SJF,1,SJF,False,0.0,0.16224615377727547,False,SJF,cpu_bursty,4ab605343923f534,15,3493,4075,3493,232.86666666666667,271.6666666666667,232.86666666666667,100.0,0.02577319587628866,14,0.9333333333333333,582,0,582,45,cpu_bursty,28,selector
cpu_bursty,1f03188d081f29dc,62,True,32.0,0.2612286900139635,35.5,1.5577761927397231,1,SJF,1,SJF,False,0.0,0.16148438284610506,False,SJF,cpu_bursty,1f03188d081f29dc,15,2930,3427,2930,195.33333333333334,228.46666666666667,195.33333333333334,100.0,0.030181086519114688,14,0.9333333333333333,497,0,497,45,cpu_bursty,29,selector
priority_skewed,35fbde053c613bf7,70,True,26.0,0.5317981578186606,19.263157894736842,1.2649110640673518,1,SJF,1,SJF,False,0.0,0.24647169396889512,False,SJF,priority_skewed,35fbde053c613bf7,15,1833,2199,1833,122.2,146.6,122.2,99.7275204359673,0.04087193460490463,14,0.9333333333333333,366,1,367,45,priority_skewed,0,selector
priority_skewed,3f7ca7c520945e4f,70,True,14.0,0.6523890395640402,15.68421052631579,1.3165611772087666,1,SJF,1,SJF,False,0.0,0.23709554251946247,False,SJF,priority_skewed,3f7ca7c520945e4f,15,1252,1550,1252,83.46666666666667,103.33333333333333,83.46666666666667,99.66555183946488,0.05016722408026756,14,0.9333333333333333,298,1,299,45,priority_skewed,1,selector
priority_skewed,5908be7c9ee75e40,70,True,25.0,0.5016056416247386,23.3125,1.18133634311129,1,SJF,1,SJF,False,0.0,0.2315805107360529,False,SJF,priority_skewed,5908be7c9ee75e40,15,1730,2103,1730,115.33333333333333,140.2,115.33333333333333,99.20212765957447,0.0398936170212766,14,0.9333333333333333,373,3,376,45,priority_skewed,2,selector
priority_skewed,9894774b0f7fe0fb,70,True,32.0,0.5237006435365748,19.35,1.0110500592068732,1,SJF,1,SJF,False,0.0,0.2014130233815534,False,SJF,priority_skewed,9894774b0f7fe0fb,15,1769,2156,1769,117.93333333333334,143.73333333333332,117.93333333333334,100.0,0.03875968992248062,14,0.9333333333333333,387,0,387,45,priority_skewed,3,selector
priority_skewed,f54ae889b76dc3b6,70,True,28.0,0.6337498255291654,20.157894736842106,1.0110500592068732,1,SJF,1,SJF,False,0.0,0.244860924356164,False,SJF,priority_skewed,f54ae889b76dc3b6,15,1575,1958,1575,105.0,130.53333333333333,105.0,100.0,0.0391644908616188,14,0.9333333333333333,383,0,383,45,priority_skewed,4,selector
priority_skewed,bb7160c65ead26cf,60,True,37.0,0.46617347450636154,24.0,0.6110100926607789,3,Priority,3,Priority,False,0.0,0.03940569016991029,False,Priority,priority_skewed,bb7160c65ead26cf,15,3106,3586,3106,207.06666666666666,239.06666666666666,207.06666666666666,100.0,0.03125,14,0.9333333333333333,480,0,480,45,priority_skewed,5,selector
priority_skewed,0279351d4f0b0e2e,70,True,25.0,0.5042232694794615,20.61111111111111,1.2578641509408803,1,SJF,1,SJF,False,0.0,0.1989688616834055,False,SJF,priority_skewed,0279351d4f0b0e2e,15,2090,2461,2090,139.33333333333334,164.06666666666666,139.33333333333334,99.73118279569893,0.04032258064516129,14,0.9333333333333333,371,1,372,45,priority_skewed,6,selector
priority_skewed,1cb7bca831dabdc7,70,True,18.0,0.6076251161472485,20.41176470588235,0.8,1,SJF,1,SJF,False,0.0,0.2599835282156505,False,SJF,priority_skewed,1cb7bca831dabdc7,15,1463,1810,1463,97.53333333333333,120.66666666666667,97.53333333333333,99.14285714285714,0.04285714285714286,14,0.9333333333333333,347,3,350,45,priority_skewed,7,selector
priority_skewed,198fbf57c44583cd,60,True,24.0,0.4619506317657531,22.8125,0.573488351136175,3,Priority,3,Priority,False,0.0,0.0016968782713029998,False,Priority,priority_skewed,198fbf57c44583cd,15,2630,2995,2630,175.33333333333334,199.66666666666666,175.33333333333334,100.0,0.0410958904109589,14,0.9333333333333333,365,0,365,45,priority_skewed,8,selector
priority_skewed,70ab9e261279dc10,70,True,24.0,0.5172817409634477,21.529411764705884,1.0110500592068732,1,SJF,1,SJF,False,0.0,0.19889868661857224,False,SJF,priority_skewed,70ab9e261279dc10,15,1899,2265,1899,126.6,151.0,126.6,99.1869918699187,0.04065040650406504,14,0.9333333333333333,366,3,369,45,priority_skewed,9,selector
priority_skewed,8b5ebfc8e5ca0973,71,True,20.0,0.5811452509182774,27.5,1.4452988925785866,1,SJF,1,SJF,False,0.0,0.2621937242345759,False,SJF,priority_skewed,8b5ebfc8e5ca0973,15,1708,2093,1708,113.86666666666666,139.53333333333333,113.86666666666666,98.97172236503856,0.038560411311053984,14,0.9333333333333333,385,4,389,45,priority_skewed,10,selector
priority_skewed,25dd80ccd4a42d52,70,True,28.0,0.6075889012040836,22.705882352941178,1.1234866364235145,1,SJF,1,SJF,False,0.0,0.23590423060973795,False,SJF,priority_skewed,25dd80ccd4a42d52,15,1826,2212,1826,121.73333333333333,147.46666666666667,121.73333333333333,99.48453608247422,0.03865979381443299,14,0.9333333333333333,386,2,388,45,priority_skewed,11,selector
priority_skewed,8181e55ce8a98718,71,True,29.0,0.5384607033248133,19.45,1.4544949486180951,1,SJF,1,SJF,False,0.0,0.2717845532024603,False,SJF,priority_skewed,8181e55ce8a98718,15,1757,2146,1757,117.13333333333334,143.06666666666666,117.13333333333334,100.0,0.038560411311053984,14,0.9333333333333333,389,0,389,45,priority_skewed,12,selector
priority_skewed,d1f8af7262127a0b,70,True,17.0,0.5955503895355692,16.3,0.7999999999999999,1,SJF,1,SJF,False,0.0,0.2685785664342662,False,SJF,priority_skewed,d1f8af7262127a0b,15,1372,1698,1372,91.46666666666667,113.2,91.46666666666667,100.0,0.046012269938650305,14,0.9333333333333333,326,0,326,45,priority_skewed,13,selector
priority_skewed,f494ef2693f38edc,70,True,33.0,0.5302463062345728,26.625,1.0624918300339483,1,SJF,1,SJF,False,0.0,0.23570063844999933,False,SJF,priority_skewed,f494ef2693f38edc,15,1928,2354,1928,128.53333333333333,156.93333333333334,128.53333333333333,99.3006993006993,0.03496503496503497,14,0.9333333333333333,426,3,429,45,priority_skewed,14,selector
priority_skewed,2a48875c283068f5,61,True,35.0,0.48296327378726894,22.55,1.3097921802925665,1,SJF,1,SJF,False,0.0,0.20164395815786984,False,SJF,priority_skewed,2a48875c283068f5,15,2110,2561,2110,140.66666666666666,170.73333333333332,140.66666666666666,100.0,0.03325942350332594,14,0.9333333333333333,451,0,451,45,priority_skewed,15,selector
priority_skewed,2e4cf99346e12dae,61,True,30.0,0.3081145002027244,29.733333333333334,0.8844332774281064,1,SJF,1,SJF,False,0.0,0.16899635709673233,False,SJF,priority_skewed,2e4cf99346e12dae,15,2446,2892,2446,163.06666666666666,192.8,163.06666666666666,98.89135254988913,0.03325942350332594,14,0.9333333333333333,446,5,451,45,priority_skewed,16,selector
priority_skewed,0d1830de9bdc488b,70,True,25.0,0.5539969724412128,19.35,1.2892719737209144,1,SJF,1,SJF,False,0.0,0.1793463841049387,False,SJF,priority_skewed,0d1830de9bdc488b,15,2027,2414,2027,135.13333333333333,160.93333333333334,135.13333333333333,100.0,0.03875968992248062,14,0.9333333333333333,387,0,387,45,priority_skewed,17,selector
priority_skewed,4280f057ee596fab,62,True,33.0,0.4879729982886589,22.36842105263158,1.4047538337136984,1,SJF,1,SJF,False,0.0,0.23731315598534836,False,SJF,priority_skewed,4280f057ee596fab,15,2054,2479,2054,136.93333333333334,165.26666666666668,136.93333333333334,100.0,0.03529411764705882,14,0.9333333333333333,425,0,425,45,priority_skewed,18,selector
priority_skewed,0bc149e2d356655d,61,True,38.0,0.43500982281642964,24.68421052631579,1.2649110640673518,1,SJF,1,SJF,False,0.0,0.19435736963287065,False,SJF,priority_skewed,0bc149e2d356655d,15,2404,2873,2404,160.26666666666668,191.53333333333333,160.26666666666668,100.0,0.031982942430703626,14,0.9333333333333333,469,0,469,45,priority_skewed,19,selector
priority_skewed,b53fedae77133a94,70,True,34.0,0.5209930941683871,24.58823529411765,0.9285592184789412,1,SJF,1,SJF,False,0.0,0.2372374350237349,False,SJF,priority_skewed,b53fedae77133a94,15,2038,2456,2038,135.86666666666667,163.73333333333332,135.86666666666667,100.0,0.03588516746411483,14,0.9333333333333333,418,0,418,45,priority_skewed,20,selector
priority_skewed,7f803e319de0f562,69,True,14.0,0.7618340711114553,15.421052631578947,0.5962847939999439,1,SJF,1,SJF,False,0.0,0.27704850941480264,False,SJF,priority_skewed,7f803e319de0f562,15,1005,1298,1005,67.0,86.53333333333333,67.0,99.65986394557824,0.05102040816326531,14,0.9333333333333333,293,1,294,45,priority_skewed,21,selector
priority_skewed,73083e47cf495896,62,True,35.0,0.4345426693509066,24.0,1.4817407180595246,1,SJF,1,SJF,False,0.0,0.22481889097027874,False,SJF,priority_skewed,73083e47cf495896,15,2193,2649,2193,146.2,176.6,146.2,99.78118161925602,0.03282275711159737,14,0.9333333333333333,456,1,457,45,priority_skewed,22,selector
priority_skewed,bd89fab927139e34,70,True,25.0,0.6324321853020127,24.125,0.8537498983243799,1,SJF,1,SJF,False,0.0,0.2358947633212863,False,SJF,priority_skewed,bd89fab927139e34,15,1674,2060,1674,111.6,137.33333333333334,111.6,99.48453608247422,0.03865979381443299,14,0.9333333333333333,386,2,388,45,priority_skewed,23,selector
priority_skewed,4559e6e6a28da756,71,True,20.0,0.5856620185738529,15.789473684210526,1.4996295838935991,1,SJF,1,SJF,False,0.0,0.23473479715824377,False,SJF,priority_skewed,4559e6e6a28da756,15,1369,1669,1369,91.26666666666667,111.26666666666667,91.26666666666667,99.66777408637874,0.04983388704318937,14,0.9333333333333333,300,1,301,45,priority_skewed,24,selector
priority_skewed,f605ffe81c8aff23,62,True,30.0,0.3937315199522659,22.666666666666668,1.3984117975602022,1,SJF,1,SJF,False,0.0,0.1863902434427696,False,SJF,priority_skewed,f605ffe81c8aff23,15,2064,2472,2064,137.6,164.8,137.6,99.75550122249389,0.03667481662591687,14,0.9333333333333333,408,1,409,45,priority_skewed,25,selector
priority_skewed,f204f3497648f00e,61,True,27.0,0.4519769516057953,22.77777777777778,0.8055363982396382,1,SJF,1,SJF,False,0.0,0.1947238983311972,False,SJF,priority_skewed,f204f3497648f00e,15,2149,2559,2149,143.26666666666668,170.6,143.26666666666668,100.0,0.036585365853658534,14,0.9333333333333333,410,0,410,45,priority_skewed,26,selector
priority_skewed,67d507b9db01e6f1,61,True,24.0,0.421898975889784,21.529411764705884,1.2036980056845192,1,SJF,1,SJF,False,0.0,0.20144146215376907,False,SJF,priority_skewed,67d507b9db01e6f1,15,1873,2239,1873,124.86666666666666,149.26666666666668,124.86666666666666,100.0,0.040983606557377046,14,0.9333333333333333,366,0,366,45,priority_skewed,27,selector
priority_skewed,d64ae2a649ad54fb,70,True,26.0,0.6343301951778834,20.823529411764707,1.0110500592068734,1,SJF,1,SJF,False,0.0,0.21133202009138052,False,SJF,priority_skewed,d64ae2a649ad54fb,15,1636,1990,1636,109.06666666666666,132.66666666666666,109.06666666666666,100.0,0.0423728813559322,14,0.9333333333333333,354,0,354,45,priority_skewed,28,selector
priority_skewed,874c8c3446282847,69,True,14.0,0.7024128009305876,16.235294117647058,0.6182412330330469,1,SJF,1,SJF,False,0.0,0.2475839163463261,False,SJF,priority_skewed,874c8c3446282847,15,1151,1427,1151,76.73333333333333,95.13333333333334,76.73333333333333,98.9247311827957,0.053763440860215055,14,0.9333333333333333,276,3,279,45,priority_skewed,29,selector
staggered_interactive,60dc6122b5b9cba1,18,True,2.0,1.6400991556302436,0.726027397260274,0.0,2,Round Robin,2,Round Robin,False,0.0,0.31488505275581025,False,Round Robin,staggered_interactive,60dc6122b5b9cba1,15,27,80,15,1.8,5.333333333333333,1.0,69.73684210526316,0.19736842105263158,19,1.2666666666666666,53,23,76,45,staggered_interactive,0,selector
staggered_interactive,e02acf0cf2351a88,18,True,2.0,2.2605760508402835,1.0144927536231885,0.0,2,Round Robin,2,Round Robin,False,0.0,0.4280109855042915,False,Round Robin,staggered_interactive,e02acf0cf2351a88,15,67,137,45,4.466666666666667,9.133333333333333,3.0,100.0,0.21428571428571427,23,1.5333333333333334,70,0,70,45,staggered_interactive,1,selector
staggered_interactive,2b9f1d4cba299f2c,18,True,2.0,1.8270242886944033,0.7761194029850746,0.0,2,Round Robin,2,Round Robin,False,0.0,0.45060541220570643,False,Round Robin,staggered_interactive,2b9f1d4cba299f2c,15,21,73,13,1.4,4.866666666666666,0.8666666666666667,75.3623188405797,0.21739130434782608,20,1.3333333333333333,52,17,69,45,staggered_interactive,2,selector
staggered_interactive,e6b0b2bfaa7695bd,18,True,2.0,1.9793483951048514,1.0793650793650793,0.0,2,Round Robin,2,Round Robin,False,0.0,0.3828077266515263,False,Round Robin,staggered_interactive,e6b0b2bfaa7695bd,15,89,157,62,5.933333333333334,10.466666666666667,4.133333333333334,100.0,0.22058823529411764,22,1.4666666666666666,68,0,68,45,staggered_interactive,3,selector
staggered_interactive,056a96b35ab222ac,18,True,2.0,2.0677897432951413,0.9393939393939394,0.0,2,Round Robin,2,Round Robin,False,0.0,0.46908890186820795,False,Round Robin,staggered_interactive,056a96b35ab222ac,15,40,102,26,2.6666666666666665,6.8,1.7333333333333334,91.17647058823529,0.22058823529411764,22,1.4666666666666666,62,6,68,45,staggered_interactive,4,selector
staggered_interactive,f4cb447c8b03b3c9,18,True,2.0,1.8716628297262787,0.9253731343283582,0.0,2,Round Robin,2,Round Robin,False,0.0,0.35654905382203084,False,Round Robin,staggered_interactive,f4cb447c8b03b3c9,15,60,122,40,4.0,8.133333333333333,2.6666666666666665,89.85507246376811,0.21739130434782608,21,1.4,62,7,69,45,staggered_interactive,5,selector
staggered_interactive,c3234f17841a5c7c,18,True,2.0,2.3728911152638164,0.9859154929577465,0.0,2,Round Robin,2,Round Robin,False,0.0,0.4754504940017105,False,Round Robin,staggered_interactive,c3234f17841a5c7c,15,50,120,32,3.3333333333333335,8.0,2.1333333333333333,94.5945945945946,0.20270270270270271,24,1.6,70,4,74,45,staggered_interactive,6,selector
staggered_interactive,db4e7e7ee77274d6,18,True,3.0,2.1133840915092006,1.1095890410958904,0.0,2,Round Robin,2,Round Robin,False,0.0,0.4498723858723859,False,Round Robin,staggered_interactive,db4e7e7ee77274d6,15,80,161,47,5.333333333333333,10.733333333333333,3.1333333333333333,100.0,0.18518518518518517,24,1.6,81,0,81,45,staggered_interactive,7,selector
staggered_interactive,06d6c7bae4c69388,18,True,2.0,2.1701074607457973,0.9850746268656716,0.0,2,Round Robin,2,Round Robin,False,0.0,0.4323094324107273,False,Round Robin,staggered_interactive,06d6c7bae4c69388,15,65,131,45,4.333333333333333,8.733333333333333,3.0,97.05882352941177,0.22058823529411764,22,1.4666666666666666,66,2,68,45,staggered_interactive,8,selector
staggered_interactive,c51a802b1fe7d36d,18,True,2.0,1.8083195323974133,0.9014084507042254,0.0,2,Round Robin,2,Round Robin,False,0.0,0.4174513574738018,False,Round Robin,staggered_interactive,c51a802b1fe7d36d,15,40,104,23,2.6666666666666665,6.933333333333334,1.5333333333333334,86.48648648648648,0.20270270270270271,21,1.4,64,10,74,45,staggered_interactive,9,selector
staggered_interactive,ef785d44e1bf6b71,18,True,2.0,1.8123463729790632,0.8611111111111112,0.0,2,Round Robin,2,Round Robin,False,0.0,0.3310809595947591,False,Round Robin,staggered_interactive,ef785d44e1bf6b71,15,58,120,38,3.8666666666666667,8.0,2.533333333333333,84.93150684931507,0.2054794520547945,20,1.3333333333333333,62,11,73,45,staggered_interactive,10,selector
staggered_interactive,1893024cca6554ff,18,True,1.0,1.9741122920350263,0.782608695652174,0.0,2,Round Robin,2,Round Robin,False,0.0,0.3882932268239789,False,Round Robin,staggered_interactive,1893024cca6554ff,15,38,92,24,2.533333333333333,6.133333333333334,1.6,75.0,0.20833333333333334,20,1.3333333333333333,54,18,72,45,staggered_interactive,11,selector
staggered_interactive,6b1bcd52e4afef2c,18,True,1.0,2.1600271612020654,0.8153846153846154,0.0,2,Round Robin,2,Round Robin,False,0.0,0.4020520534549314,False,Round Robin,staggered_interactive,6b1bcd52e4afef2c,15,37,90,26,2.466666666666667,6.0,1.7333333333333334,80.3030303030303,0.22727272727272727,20,1.3333333333333333,53,13,66,45,staggered_interactive,12,selector
staggered_interactive,cb85e8602eded520,18,True,2.0,1.7123759531594336,0.7971014492753623,0.0,2,Round Robin,2,Round Robin,False,0.0,0.44922796498381107,False,Round Robin,staggered_interactive,cb85e8602eded520,15,21,76,10,1.4,5.066666666666666,0.6666666666666666,76.38888888888889,0.20833333333333334,20,1.3333333333333333,55,17,72,45,staggered_interactive,13,selector
staggered_interactive,8de62b1b34a0b16a,18,True,1.0,2.0762330797993016,0.7638888888888888,0.0,2,Round Robin,2,Round Robin,False,0.0,0.4400782891086872,False,Round Robin,staggered_interactive,8de62b1b34a0b16a,15,35,90,21,2.3333333333333335,6.0,1.4,75.34246575342466,0.2054794520547945,20,1.3333333333333333,55,18,73,45,staggered_interactive,14,selector
staggered_interactive,f4c67d52f9f70e50,18,True,3.0,1.7833473775045787,0.8591549295774648,0.0,2,Round Robin,2,Round Robin,False,0.0,0.39056662627112726,False,Round Robin,staggered_interactive,f4c67d52f9f70e50,15,38,99,24,2.533333333333333,6.6,1.6,83.56164383561644,0.2054794520547945,20,1.3333333333333333,61,12,73,45,staggered_interactive,15,selector
staggered_interactive,e0e97f92f0ddb894,18,True,2.0,2.235728524987566,1.0694444444444444,0.0,2,Round Robin,2,Round Robin,False,0.0,0.47348238288528927,False,Round Robin,staggered_interactive,e0e97f92f0ddb894,15,68,145,42,4.533333333333333,9.666666666666666,2.8,100.0,0.19480519480519481,24,1.6,77,0,77,45,staggered_interactive,16,selector
staggered_interactive,3bd4143ea7cbec5e,18,True,2.0,1.8970412309959852,0.7397260273972602,0.0,2,Round Robin,2,Round Robin,False,0.0,0.3991940139547757,False,Round Robin,staggered_interactive,3bd4143ea7cbec5e,15,25,79,16,1.6666666666666667,5.266666666666667,1.0666666666666667,71.05263157894737,0.19736842105263158,20,1.3333333333333333,54,22,76,45,staggered_interactive,17,selector
staggered_interactive,add72bbc9121389e,18,True,2.0,1.8563360093208843,0.8636363636363636,0.0,2,Round Robin,2,Round Robin,False,0.0,0.3709711585231091,False,Round Robin,staggered_interactive,add72bbc9121389e,15,37,94,23,2.466666666666667,6.266666666666667,1.5333333333333334,82.6086956521739,0.21739130434782608,20,1.3333333333333333,57,12,69,45,staggered_interactive,18,selector
staggered_interactive,5e44b7e00019c9ad,18,True,1.0,2.3943719010597264,1.0724637681159421,0.0,2,Round Robin,2,Round Robin,False,0.0,0.5187761316188032,False,Round Robin,staggered_interactive,5e44b7e00019c9ad,15,53,127,28,3.533333333333333,8.466666666666667,1.8666666666666667,100.0,0.20270270270270271,26,1.7333333333333334,74,0,74,45,staggered_interactive,19,selector
staggered_interactive,988f8e17eef797c4,18,True,2.0,1.8300580389800492,0.7428571428571429,0.0,2,Round Robin,2,Round Robin,False,0.0,0.356711368012267,False,Round Robin,staggered_interactive,988f8e17eef797c4,15,36,88,22,2.4,5.866666666666666,1.4666666666666666,71.23287671232876,0.2054794520547945,19,1.2666666666666666,52,21,73,45,staggered_interactive,20,selector
staggered_interactive,4337831fb0505d69,18,True,2.0,1.6085311464126493,0.8,0.0,2,Round Robin,2,Round Robin,False,0.0,0.4503103725403333,False,Round Robin,staggered_interactive,4337831fb0505d69,15,19,75,8,1.2666666666666666,5.0,0.5333333333333333,76.71232876712328,0.2054794520547945,20,1.3333333333333333,56,17,73,45,staggered_interactive,21,selector
staggered_interactive,5662fd17ab6c8e2b,18,True,2.0,2.2692695934010634,1.1176470588235294,0.0,2,Round Robin,2,Round Robin,False,0.0,0.4690487151219824,False,Round Robin,staggered_interactive,5662fd17ab6c8e2b,15,76,152,51,5.066666666666666,10.133333333333333,3.4,100.0,0.19736842105263158,24,1.6,76,0,76,45,staggered_interactive,22,selector
staggered_interactive,4cd5052469bf3814,18,True,2.0,2.0941555645043826,0.9,0.0,2,Round Robin,2,Round Robin,False,0.0,0.45368758274423604,False,Round Robin,staggered_interactive,4cd5052469bf3814,15,40,103,24,2.6666666666666665,6.866666666666666,1.6,86.3013698630137,0.2054794520547945,22,1.4666666666666666,63,10,73,45,staggered_interactive,23,selector
staggered_interactive,323a7bd2d2ab762c,18,True,3.0,1.7683770271233252,1.0,0.0,2,Round Robin,2,Round Robin,False,0.0,0.341693690393739,False,Round Robin,staggered_interactive,323a7bd2d2ab762c,15,69,140,47,4.6,9.333333333333334,3.1333333333333333,95.94594594594595,0.20270270270270271,21,1.4,71,3,74,45,staggered_interactive,24,selector
staggered_interactive,cc9c21447d78b1c8,18,True,2.0,1.7533037597843886,0.7297297297297297,0.0,2,Round Robin,2,Round Robin,False,0.0,0.40924174972021937,False,Round Robin,staggered_interactive,cc9c21447d78b1c8,15,25,79,15,1.6666666666666667,5.266666666666667,1.0,70.12987012987013,0.19480519480519481,19,1.2666666666666666,54,23,77,45,staggered_interactive,25,selector
staggered_interactive,90866cba98035a61,18,True,2.0,2.1115859001827078,1.1343283582089552,0.0,2,Round Robin,2,Round Robin,False,0.0,0.46027037413508193,False,Round Robin,staggered_interactive,90866cba98035a61,15,80,156,49,5.333333333333333,10.4,3.2666666666666666,100.0,0.19736842105263158,24,1.6,76,0,76,45,staggered_interactive,26,selector
staggered_interactive,e2e81f0a955e9e1b,18,True,2.0,1.8455551024337695,0.8472222222222222,0.0,2,Round Robin,2,Round Robin,False,0.0,0.42771630190350707,False,Round Robin,staggered_interactive,e2e81f0a955e9e1b,15,35,96,22,2.3333333333333335,6.4,1.4666666666666666,81.33333333333333,0.2,21,1.4,61,14,75,45,staggered_interactive,27,selector
staggered_interactive,15bea3ad529b4676,18,True,2.0,2.1296829341043537,0.8382352941176471,0.0,2,Round Robin,2,Round Robin,False,0.0,0.4603766644546153,False,Round Robin,staggered_interactive,15bea3ad529b4676,15,32,89,21,2.1333333333333333,5.933333333333334,1.4,81.42857142857143,0.21428571428571427,21,1.4,57,13,70,45,staggered_interactive,28,selector
staggered_interactive,22845fca3c640900,18,True,2.0,1.980986612392297,0.9714285714285714,0.0,2,Round Robin,2,Round Robin,False,0.0,0.43375365509984254,False,Round Robin,staggered_interactive,22845fca3c640900,15,66,134,39,4.4,8.933333333333334,2.6,95.77464788732394,0.2112676056338028,23,1.5333333333333334,68,3,71,45,staggered_interactive,29,selector
poisson_arrivals,7888caf575754b00,40,True,12.0,0.6422075401028012,8.263157894736842,1.236482466066094,1,SJF,1,SJF,False,0.0,0.21724683525465258,False,SJF,poisson_arrivals,7888caf575754b00,15,570,727,570,38.0,48.46666666666667,38.0,100.0,0.09554140127388536,14,0.9333333333333333,157,0,157,45,poisson_arrivals,0,selector
poisson_arrivals,e3888f74b7f9555d,41,True,8.0,0.610226369275643,4.787878787878788,1.4907119849998598,1,SJF,1,SJF,False,0.0,0.26964663999984084,False,SJF,poisson_arrivals,e3888f74b7f9555d,15,603,761,603,40.2,50.733333333333334,40.2,100.0,0.0949367088607595,14,0.9333333333333333,158,0,158,45,poisson_arrivals,1,selector
poisson_arrivals,4cb892f1d6eb864f,41,True,12.0,0.5060450991167658,4.184210526315789,1.5577761927397231,1,SJF,1,SJF,False,0.0,0.2265090002655697,False,SJF,poisson_arrivals,4cb892f1d6eb864f,15,545,704,545,36.333333333333336,46.93333333333333,36.333333333333336,99.375,0.09375,14,0.9333333333333333,159,1,160,45,poisson_arrivals,2,selector
poisson_arrivals,eb85699c1c5a7f5f,40,True,7.0,0.6153054713272649,5.4,1.2036980056845192,1,SJF,1,SJF,False,0.0,0.25144086302423174,False,SJF,poisson_arrivals,eb85699c1c5a7f5f,15,465,600,465,31.0,40.0,31.0,100.0,0.1111111111111111,14,0.9333333333333333,135,0,135,45,poisson_arrivals,3,selector
poisson_arrivals,76d5fac4483c71b8,41,True,7.0,0.5935634374189763,6.782608695652174,1.4605934866804429,1,SJF,1,SJF,False,0.0,0.19737431796549254,False,SJF,poisson_arrivals,76d5fac4483c71b8,15,512,668,512,34.13333333333333,44.53333333333333,34.13333333333333,100.0,0.09615384615384616,14,0.9333333333333333,156,0,156,45,poisson_arrivals,4,selector
poisson_arrivals,134d06a5e4c762d1,32,True,12.0,0.3764429264103815,7.708333333333333,1.4817407180595246,0,FCFS,0,FCFS,False,0.0,0.04127170187248571,False,FCFS,poisson_arrivals,134d06a5e4c762d1,15,1163,1348,1163,77.53333333333333,89.86666666666666,77.53333333333333,100.0,0.08108108108108109,14,0.9333333333333333,185,0,185,45,poisson_arrivals,5,selector
poisson_arrivals,d0470914f4412bc9,40,True,8.0,0.6723290616859425,3.764705882352941,1.0873004286866728,1,SJF,1,SJF,False,0.0,0.28788429326120163,False,SJF,poisson_arrivals,d0470914f4412bc9,15,368,496,368,24.533333333333335,33.06666666666667,24.533333333333335,100.0,0.1171875,14,0.9333333333333333,128,0,128,45,poisson_arrivals,6,selector
poisson_arrivals,f3c29878db8a2cc7,40,True,7.0,0.6370050869860271,5.074074074074074,1.2,1,SJF,1,SJF,False,0.0,0.2694767867780398,False,SJF,poisson_arrivals,f3c29878db8a2cc7,15,479,616,479,31.933333333333334,41.06666666666667,31.933333333333334,100.0,0.10948905109489052,14,0.9333333333333333,137,0,137,45,poisson_arrivals,7,selector
poisson_arrivals,bc85ed897cdefd4f,31,True,13.0,0.394312111896023,4.842105263157895,1.3063945294843615,1,SJF,1,SJF,False,0.0,0.23713868076485659,False,SJF,poisson_arrivals,bc85ed897cdefd4f,15,719,903,719,47.93333333333333,60.2,47.93333333333333,100.0,0.08152173913043478,14,0.9333333333333333,184,0,184,45,poisson_arrivals,8,selector
poisson_arrivals,86ba4f452ff5a54c,67,True,14.0,0.5014596622958688,4.219512195121951,1.1925695879998877,1,SJF,1,SJF,False,0.0,0.18590556266477962,False,SJF,poisson_arrivals,86ba4f452ff5a54c,15,598,771,598,39.86666666666667,51.4,39.86666666666667,100.0,0.08670520231213873,14,0.9333333333333333,173,0,173,45,poisson_arrivals,9,selector
poisson_arrivals,a59973be4abafb1a,59,False,14.0,0.30747756717886177,5.8,1.339983416149452,0,FCFS,0,FCFS,False,0.0,0.03538137542878246,False,FCFS,poisson_arrivals,a59973be4abafb1a,15,1198,1401,1198,79.86666666666666,93.4,79.86666666666666,100.0,0.07389162561576355,14,0.9333333333333333,203,0,203,45,poisson_arrivals,10,selector
poisson_arrivals,d05fde16395c2f4d,40,True,9.0,0.5605224433629058,5.193548387096774,1.2649110640673518,1,SJF,1,SJF,False,0.0,0.26724323667450073,False,SJF,poisson_arrivals,d05fde16395c2f4d,15,618,779,618,41.2,51.93333333333333,41.2,100.0,0.09316770186335403,14,0.9333333333333333,161,0,161,45,poisson_arrivals,11,selector
poisson_arrivals,10d62453fa56fd4d,31,True,12.0,0.39391116279578386,6.233333333333333,1.1469767022723503,1,SJF,1,SJF,False,0.0,0.2110332789291178,False,SJF,poisson_arrivals,10d62453fa56fd4d,15,790,977,790,52.666666666666664,65.13333333333334,52.666666666666664,100.0,0.08021390374331551,14,0.9333333333333333,187,0,187,45,poisson_arrivals,12,selector
poisson_arrivals,9832bdfe134f0ab5,41,True,8.0,0.5189838502696814,6.318181818181818,1.505545305418162,1,SJF,1,SJF,False,0.0,0.17791510132346988,False,SJF,poisson_arrivals,9832bdfe134f0ab5,15,538,677,538,35.86666666666667,45.13333333333333,35.86666666666667,98.58156028368795,0.10638297872340426,14,0.9333333333333333,139,2,141,45,poisson_arrivals,13,selector
poisson_arrivals,0ec26c719c7a77b2,31,True,11.0,0.4395245364957664,8.380952380952381,1.1813363431112902,1,SJF,1,SJF,False,0.0,0.20952598371744297,False,SJF,poisson_arrivals,0ec26c719c7a77b2,15,804,980,804,53.6,65.33333333333333,53.6,100.0,0.08522727272727272,14,0.9333333333333333,176,0,176,45,poisson_arrivals,14,selector
poisson_arrivals,f5352efe41b5b1a1,41,True,8.0,0.5025735980231272,4.866666666666666,1.4817407180595246,1,SJF,1,SJF,False,0.0,0.20858246223285556,False,SJF,poisson_arrivals,f5352efe41b5b1a1,15,571,717,571,38.06666666666667,47.8,38.06666666666667,100.0,0.10273972602739725,14,0.9333333333333333,146,0,146,45,poisson_arrivals,15,selector
poisson_arrivals,b34d54ecaa5fd59f,40,True,12.0,0.5028371341120272,4.351351351351352,1.247219128924647,1,SJF,1,SJF,False,0.0,0.19984169140643257,False,SJF,poisson_arrivals,b34d54ecaa5fd59f,15,571,732,571,38.06666666666667,48.8,38.06666666666667,100.0,0.09316770186335403,14,0.9333333333333333,161,0,161,45,poisson_arrivals,16,selector
poisson_arrivals,b71ae3d23e7db129,40,True,11.0,0.5672370599784259,7.454545454545454,1.2036980056845192,1,SJF,1,SJF,False,0.0,0.2638286600745016,False,SJF,poisson_arrivals,b71ae3d23e7db129,15,660,824,660,44.0,54.93333333333333,44.0,100.0,0.09146341463414634,14,0.9333333333333333,164,0,164,45,poisson_arrivals,17,selector
poisson_arrivals,b9c9fe4f0b025dc8,40,True,6.0,0.6424639045875815,3.2058823529411766,1.0749676997731399,1,SJF,1,SJF,False,0.0,0.286324805957402,False,SJF,poisson_arrivals,b9c9fe4f0b025dc8,15,343,452,343,22.866666666666667,30.133333333333333,22.866666666666667,100.0,0.13761467889908258,14,0.9333333333333333,109,0,109,45,poisson_arrivals,18,selector
poisson_arrivals,814e3f9a1051ec9f,41,True,6.0,0.6870467653279094,4.5,1.4079141387961918,1,SJF,1,SJF,False,0.0,0.30210885809342913,False,SJF,poisson_arrivals,814e3f9a1051ec9f,15,405,531,405,27.0,35.4,27.0,100.0,0.11904761904761904,14,0.9333333333333333,126,0,126,45,poisson_arrivals,19,selector
poisson_arrivals,aa1784e35107685d,58,False,14.0,0.37263780725859036,7.481481481481482,1.1661903789690602,0,FCFS,0,FCFS,False,0.0,-0.007935990774704,False,FCFS,poisson_arrivals,aa1784e35107685d,15,1325,1527,1325,88.33333333333333,101.8,88.33333333333333,100.0,0.07425742574257425,14,0.9333333333333333,202,0,202,45,poisson_arrivals,20,selector
poisson_arrivals,8ea24dff68d5e55c,41,True,9.0,0.6456222353726839,6.478260869565218,1.4236104336041748,1,SJF,1,SJF,False,0.0,0.2271576313401751,False,SJF,poisson_arrivals,8ea24dff68d5e55c,15,536,685,536,35.733333333333334,45.666666666666664,35.733333333333334,100.0,0.10067114093959731,14,0.9333333333333333,149,0,149,45,poisson_arrivals,21,selector
poisson_arrivals,1f135c67407c0a47,32,True,11.0,0.45986795045529716,5.62962962962963,1.569146972791976,0,FCFS,0,FCFS,False,0.0,-0.05423233629269224,False,FCFS,poisson_arrivals,1f135c67407c0a47,15,998,1150,998,66.53333333333333,76.66666666666667,66.53333333333333,100.0,0.09868421052631579,14,0.9333333333333333,152,0,152,45,poisson_arrivals,22,selector
poisson_arrivals,c97340b846c5195c,41,True,9.0,0.5441539394469049,3.3469387755102042,1.4360439485692011,1,SJF,1,SJF,False,0.0,0.18957359172980479,False,SJF,poisson_arrivals,c97340b846c5195c,15,488,652,488,32.53333333333333,43.46666666666667,32.53333333333333,100.0,0.09146341463414634,14,0.9333333333333333,164,0,164,45,poisson_arrivals,23,selector
poisson_arrivals,8c65d4cd5082f574,32,True,9.0,0.4177147312554573,7.105263157894737,1.349897115421106,0,FCFS,0,FCFS,False,0.0,-0.05727072669374086,False,FCFS,poisson_arrivals,8c65d4cd5082f574,15,879,1014,879,58.6,67.6,58.6,100.0,0.1111111111111111,14,0.9333333333333333,135,0,135,45,poisson_arrivals,24,selector
poisson_arrivals,c66da603036c55e3,41,True,6.0,0.6558678370961144,4.785714285714286,1.4360439485692011,1,SJF,1,SJF,False,0.0,0.27169086232594997,False,SJF,poisson_arrivals,c66da603036c55e3,15,444,578,444,29.6,38.53333333333333,29.6,100.0,0.11194029850746269,14,0.9333333333333333,134,0,134,45,poisson_arrivals,25,selector
poisson_arrivals,da7b7b2c80c3408a,32,True,11.0,0.4794064347022331,4.365853658536586,1.4544949486180951,0,FCFS,0,FCFS,False,0.0,0.0023516270082384813,False,FCFS,poisson_arrivals,da7b7b2c80c3408a,15,896,1075,896,59.733333333333334,71.66666666666667,59.733333333333334,100.0,0.08379888268156424,14,0.9333333333333333,179,0,179,45,poisson_arrivals,26,selector
poisson_arrivals,8d4c5d162e732f09,40,True,9.0,0.6298382748495706,4.588235294117647,1.2754084313139327,1,SJF,1,SJF,False,0.0,0.30049291936608724,False,SJF,poisson_arrivals,8d4c5d162e732f09,15,574,730,574,38.266666666666666,48.666666666666664,38.266666666666666,100.0,0.09615384615384616,14,0.9333333333333333,156,0,156,45,poisson_arrivals,27,selector
poisson_arrivals,3313581f5f54ee0f,41,True,9.0,0.6852425497783124,3.022727272727273,1.436043948569201,1,SJF,1,SJF,False,0.0,0.26176153108230127,False,SJF,poisson_arrivals,3313581f5f54ee0f,15,333,466,333,22.2,31.066666666666666,22.2,100.0,0.11278195488721804,14,0.9333333333333333,133,0,133,45,poisson_arrivals,28,selector
poisson_arrivals,c09093ceb1a9648d,41,True,7.0,0.6696000730380037,5.333333333333333,1.54344492037203,1,SJF,1,SJF,False,0.0,0.21726516925178813,False,SJF,poisson_arrivals,c09093ceb1a9648d,15,443,571,443,29.533333333333335,38.06666666666667,29.533333333333335,100.0,0.1171875,14,0.9333333333333333,128,0,128,45,poisson_arrivals,29,selector
short_jobs,95f0423017b8c3db,50,True,4.0,1.2164637261954017,9.55,1.4544949486180951,1,SJF,1,SJF,False,0.0,0.22093393507054318,False,SJF,short_jobs,95f0423017b8c3db,15,721,912,721,48.06666666666667,60.8,48.06666666666667,100.0,0.07853403141361257,14,0.9333333333333333,191,0,191,46,short_jobs,0,selector
short_jobs,9ed4c47b1f825ada,50,True,4.0,1.0854676411574875,6.944444444444445,1.4360439485692011,1,SJF,1,SJF,False,0.0,0.38295184170015706,False,SJF,short_jobs,9ed4c47b1f825ada,15,286,411,286,19.066666666666666,27.4,19.066666666666666,98.4251968503937,0.11811023622047244,14,0.9333333333333333,125,2,127,46,short_jobs,1,selector
short_jobs,f47c4a63fc9e5706,23,True,3.0,1.02801333735159,4.823529411764706,1.3759844960366863,1,SJF,1,SJF,False,0.0,0.40173913916768295,False,SJF,short_jobs,f47c4a63fc9e5706,15,159,241,159,10.6,16.066666666666666,10.6,100.0,0.18292682926829268,14,0.9333333333333333,82,0,82,46,short_jobs,2,selector
short_jobs,8aae578486902ff4,23,True,3.0,1.5526791916478782,6.947368421052632,1.4079141387961918,1,SJF,1,SJF,False,0.0,0.22229661915386886,False,SJF,short_jobs,8aae578486902ff4,15,508,640,508,33.86666666666667,42.666666666666664,33.86666666666667,99.24812030075188,0.11278195488721804,14,0.9333333333333333,132,1,133,46,short_jobs,3,selector
short_jobs,888d30f3ac150573,22,True,3.0,1.5346745978296163,7.684210526315789,0.9797958971132713,1,SJF,1,SJF,False,0.0,0.276673768163903,False,SJF,short_jobs,888d30f3ac150573,15,427,573,427,28.466666666666665,38.2,28.466666666666665,99.31972789115646,0.10204081632653061,14,0.9333333333333333,146,1,147,46,short_jobs,4,selector
short_jobs,f151349ba400ae57,50,True,4.0,1.0604051900652696,9.052631578947368,1.4817407180595246,1,SJF,1,SJF,False,0.0,0.4203557601478959,False,SJF,short_jobs,f151349ba400ae57,15,401,573,401,26.733333333333334,38.2,26.733333333333334,100.0,0.0872093023255814,14,0.9333333333333333,172,0,172,46,short_jobs,5,selector
short_jobs,6cfaffcdf18150bb,23,True,3.0,1.0554915916292276,4.0,1.499629583893599,1,SJF,1,SJF,False,0.0,0.3263672781167898,False,SJF,short_jobs,6cfaffcdf18150bb,15,188,268,188,12.533333333333333,17.866666666666667,12.533333333333333,100.0,0.1875,14,0.9333333333333333,80,0,80,46,short_jobs,6,selector
short_jobs,e29fd65fb3d28ce0,49,True,4.0,1.3086567889287943,6.2105263157894735,1.2892719737209144,1,SJF,1,SJF,False,0.0,0.3390493319368988,False,SJF,short_jobs,e29fd65fb3d28ce0,15,216,334,216,14.4,22.266666666666666,14.4,100.0,0.1271186440677966,14,0.9333333333333333,118,0,118,46,short_jobs,7,selector
short_jobs,858178d40cf0797a,50,True,4.0,1.3603325794843708,8.31578947368421,1.6110727964792764,1,SJF,1,SJF,False,0.0,0.3051381869280082,False,SJF,short_jobs,858178d40cf0797a,15,486,644,486,32.4,42.93333333333333,32.4,100.0,0.0949367088607595,14,0.9333333333333333,158,0,158,46,short_jobs,8,selector
short_jobs,9af1af2f13accd91,22,True,3.0,1.180671089214646,8.666666666666666,1.3266499161421599,1,SJF,1,SJF,False,0.0,0.31685502946236693,False,SJF,short_jobs,9af1af2f13accd91,15,360,516,360,24.0,34.4,24.0,98.73417721518987,0.0949367088607595,14,0.9333333333333333,156,2,158,46,short_jobs,9,selector
short_jobs,87689d1955f8ced5,23,True,3.0,1.2828840318756787,6.555555555555555,1.3984117975602022,1,SJF,1,SJF,False,0.0,0.44431285434099205,False,SJF,short_jobs,87689d1955f8ced5,15,184,302,184,12.266666666666667,20.133333333333333,12.266666666666667,98.33333333333333,0.125,14,0.9333333333333333,118,2,120,46,short_jobs,10,selector
short_jobs,b032cf83f7d85ecd,23,True,3.0,1.0878565864408425,3.25,1.3662601021279464,1,SJF,1,SJF,False,0.0,0.37004119400513374,False,SJF,short_jobs,b032cf83f7d85ecd,15,123,188,123,8.2,12.533333333333333,8.2,100.0,0.23076923076923078,14,0.9333333333333333,65,0,65,46,short_jobs,11,selector
short_jobs,129f729a801dde68,23,True,2.0,1.680662082859342,5.611111111111111,1.6679994670929073,1,SJF,1,SJF,False,0.0,0.27642713413402775,False,SJF,short_jobs,129f729a801dde68,15,191,292,191,12.733333333333333,19.466666666666665,12.733333333333333,99.01960784313725,0.14705882352941177,14,0.9333333333333333,101,1,102,46,short_jobs,12,selector
short_jobs,851fdf601a0ab529,50,True,4.0,1.5214816290559117,6.2,1.4047538337136984,1,SJF,1,SJF,False,0.0,0.44818215468189854,False,SJF,short_jobs,851fdf601a0ab529,15,185,309,185,12.333333333333334,20.6,12.333333333333334,100.0,0.12096774193548387,14,0.9333333333333333,124,0,124,46,short_jobs,13,selector
short_jobs,acb30b3b0017ec27,50,True,4.0,1.3705536578421031,5.35,1.4544949486180951,1,SJF,1,SJF,False,0.0,0.37449380185515174,False,SJF,short_jobs,acb30b3b0017ec27,15,227,334,227,15.133333333333333,22.266666666666666,15.133333333333333,100.0,0.14018691588785046,14,0.9333333333333333,107,0,107,46,short_jobs,14,selector
short_jobs,071082051085c3d1,50,True,5.0,1.2964042820432216,8.533333333333333,1.632993161855452,1,SJF,1,SJF,False,0.0,0.2596251774120199,False,SJF,short_jobs,071082051085c3d1,15,442,570,442,29.466666666666665,38.0,29.466666666666665,99.2248062015504,0.11627906976744186,14,0.9333333333333333,128,1,129,46,short_jobs,15,selector
short_jobs,40074fe58424aebd,50,True,4.0,1.177276952269371,4.95,1.3888444437333105,1,SJF,1,SJF,False,0.0,0.3789148403243205,False,SJF,short_jobs,40074fe58424aebd,15,213,312,213,14.2,20.8,14.2,100.0,0.15151515151515152,14,0.9333333333333333,99,0,99,46,short_jobs,16,selector
short_jobs,7f462a6727378d7e,49,True,4.0,1.2958982804163963,10.88888888888889,1.2220201853215573,1,SJF,1,SJF,False,0.0,0.5023523494194475,False,SJF,short_jobs,7f462a6727378d7e,15,388,584,388,25.866666666666667,38.93333333333333,25.866666666666667,99.49238578680203,0.07614213197969544,14,0.9333333333333333,196,1,197,46,short_jobs,17,selector
short_jobs,330ec9d992d25063,49,True,4.0,1.31762191422835,9.058823529411764,1.32664991614216,1,SJF,1,SJF,False,0.0,0.45176769125220995,False,SJF,short_jobs,330ec9d992d25063,15,299,453,299,19.933333333333334,30.2,19.933333333333334,100.0,0.09740259740259741,14,0.9333333333333333,154,0,154,46,short_jobs,18,selector
short_jobs,d2897294391879a2,22,True,3.0,1.3002197729170546,9.5,1.203698005684519,1,SJF,1,SJF,False,0.0,0.28926249116599556,False,SJF,short_jobs,d2897294391879a2,15,301,472,301,20.066666666666666,31.466666666666665,20.066666666666666,99.4186046511628,0.0872093023255814,14,0.9333333333333333,171,1,172,46,short_jobs,19,selector
short_jobs,ff11e4a551201e2f,50,True,4.0,1.4560267423493125,5.8125,1.436043948569201,1,SJF,1,SJF,False,0.0,0.36361962585405533,False,SJF,short_jobs,ff11e4a551201e2f,15,170,263,170,11.333333333333334,17.533333333333335,11.333333333333334,100.0,0.16129032258064516,14,0.9333333333333333,93,0,93,46,short_jobs,20,selector
short_jobs,8e0876ed88b1e4e5,23,True,3.0,1.6289816657094796,6.947368421052632,1.4544949486180951,1,SJF,1,SJF,False,0.0,0.35149826970326975,False,SJF,short_jobs,8e0876ed88b1e4e5,15,163,295,163,10.866666666666667,19.666666666666668,10.866666666666667,99.24812030075188,0.11278195488721804,14,0.9333333333333333,132,1,133,46,short_jobs,21,selector
short_jobs,11d55cc97bc5ca4b,23,True,3.0,1.9018905068378673,5.0,1.4142135623730951,1,SJF,1,SJF,False,0.0,0.4515106768595513,False,SJF,short_jobs,11d55cc97bc5ca4b,15,124,204,124,8.266666666666667,13.6,8.266666666666667,96.3855421686747,0.18072289156626506,14,0.9333333333333333,80,3,83,46,short_jobs,22,selector
short_jobs,4b3e10522e85228a,23,True,3.0,1.8270870465823832,3.95,1.3888444437333105,1,SJF,1,SJF,False,0.0,0.3164540630119733,False,SJF,short_jobs,4b3e10522e85228a,15,99,178,99,6.6,11.866666666666667,6.6,100.0,0.189873417721519,14,0.9333333333333333,79,0,79,46,short_jobs,23,selector
short_jobs,b507ae57fcb817a7,49,True,4.0,1.5591349436382007,6.611111111111111,1.1925695879998877,1,SJF,1,SJF,False,0.0,0.417951793133412,False,SJF,short_jobs,b507ae57fcb817a7,15,180,299,180,12.0,19.933333333333334,12.0,100.0,0.12605042016806722,14,0.9333333333333333,119,0,119,46,short_jobs,24,selector
short_jobs,31045c4827ac055d,40,True,5.0,0.8726846222464804,5.111111111111111,1.3097921802925665,1,SJF,1,SJF,False,0.0,0.28473295542019783,False,SJF,short_jobs,31045c4827ac055d,15,253,345,253,16.866666666666667,23.0,16.866666666666667,100.0,0.16304347826086957,14,0.9333333333333333,92,0,92,46,short_jobs,25,selector
short_jobs,1ea77f7be4e68a9e,49,True,4.0,1.3016588990219786,7.95,1.2110601416389966,1,SJF,1,SJF,False,0.0,0.18670808292544513,False,SJF,short_jobs,1ea77f7be4e68a9e,15,746,905,746,49.733333333333334,60.333333333333336,49.733333333333334,100.0,0.09433962264150944,14,0.9333333333333333,159,0,159,46,short_jobs,26,selector
short_jobs,13c10c7d9c6c4840,14,True,3.0,0.5809032274577083,3.0,1.339983416149452,1,SJF,1,SJF,False,0.0,0.18761779430207592,False,SJF,short_jobs,13c10c7d9c6c4840,15,161,215,161,10.733333333333333,14.333333333333334,10.733333333333333,96.42857142857143,0.26785714285714285,14,0.9333333333333333,54,2,56,46,short_jobs,27,selector
short_jobs,0a62ba28871c44b2,49,True,4.0,1.4134341665782275,9.166666666666666,1.2892719737209144,1,SJF,1,SJF,False,0.0,0.3787944131240569,False,SJF,short_jobs,0a62ba28871c44b2,15,305,470,305,20.333333333333332,31.333333333333332,20.333333333333332,99.39759036144578,0.09036144578313253,14,0.9333333333333333,165,1,166,46,short_jobs,28,selector
short_jobs,a63207f84a301b24,5,True,3.0,0.4401949866792872,3.0,1.5434449203720302,1,SJF,1,SJF,False,0.0,0.1775409010814984,False,SJF,short_jobs,a63207f84a301b24,15,143,194,143,9.533333333333333,12.933333333333334,9.533333333333333,100.0,0.29411764705882354,14,0.9333333333333333,51,0,51,46,short_jobs,29,selector
long_jobs,e0bfbf512afafa04,71,True,21.0,0.8181375877112818,18.055555555555557,1.6275407487644937,1,SJF,1,SJF,False,0.0,0.3303867276841847,False,SJF,long_jobs,e0bfbf512afafa04,15,1139,1464,1139,75.93333333333334,97.6,75.93333333333334,99.38837920489297,0.045871559633027525,14,0.9333333333333333,325,2,327,46,long_jobs,0,selector
long_jobs,d74d5ff8dc2cef25,71,True,21.0,0.582346240276532,17.833333333333332,1.339983416149452,1,SJF,1,SJF,False,0.0,0.17513583665503923,False,SJF,long_jobs,d74d5ff8dc2cef25,15,1417,1738,1417,94.46666666666667,115.86666666666666,94.46666666666667,99.68944099378882,0.046583850931677016,14,0.9333333333333333,321,1,322,46,long_jobs,1,selector
long_jobs,64488c735ec2696e,71,True,31.0,0.7414234487612708,20.125,1.339983416149452,1,SJF,1,SJF,False,0.0,0.2927317626093098,False,SJF,long_jobs,64488c735ec2696e,15,1322,1644,1322,88.13333333333334,109.6,88.13333333333334,99.07692307692308,0.046153846153846156,14,0.9333333333333333,322,3,325,46,long_jobs,2,selector
long_jobs,3472f6a613a43562,70,True,34.0,0.5899484856207994,31.384615384615383,1.0873004286866725,1,SJF,1,SJF,False,0.0,0.18192990500429507,False,SJF,long_jobs,3472f6a613a43562,15,1977,2385,1977,131.8,159.0,131.8,98.78934624697337,0.03631961259079903,14,0.9333333333333333,408,5,413,46,long_jobs,3,selector
long_jobs,102b611d19a05ee1,70,True,24.0,0.6050039094685321,18.1,1.2578641509408803,1,SJF,1,SJF,False,0.0,0.2742274824616552,False,SJF,long_jobs,102b611d19a05ee1,15,1522,1884,1522,101.46666666666667,125.6,101.46666666666667,100.0,0.04143646408839779,14,0.9333333333333333,362,0,362,46,long_jobs,4,selector
long_jobs,e6af6f1776fab86e,70,True,25.0,0.5714102449492917,20.35,1.1469767022723503,1,SJF,1,SJF,False,0.0,0.2512985843714794,False,SJF,long_jobs,e6af6f1776fab86e,15,1785,2192,1785,119.0,146.13333333333333,119.0,100.0,0.036855036855036855,14,0.9333333333333333,407,0,407,46,long_jobs,5,selector
long_jobs,aa96aaa6c84e9732,71,True,32.0,0.6900329099445685,21.294117647058822,1.3888444437333105,1,SJF,1,SJF,False,0.0,0.27703694899403414,False,SJF,long_jobs,aa96aaa6c84e9732,15,1514,1876,1514,100.93333333333334,125.06666666666666,100.93333333333334,99.72451790633609,0.04132231404958678,14,0.9333333333333333,362,1,363,46,long_jobs,6,selector
long_jobs,1931339b04e85a70,70,True,22.0,0.7641041905518905,17.352941176470587,1.2543258481484518,1,SJF,1,SJF,False,0.0,0.12711556165991655,False,SJF,long_jobs,1931339b04e85a70,15,1324,1619,1324,88.26666666666667,107.93333333333334,88.26666666666667,99.66216216216216,0.05067567567567568,14,0.9333333333333333,295,1,296,46,long_jobs,7,selector
long_jobs,dbabe2a11d8e36ea,71,True,25.0,0.639559896241083,16.789473684210527,1.6275407487644937,1,SJF,1,SJF,False,0.0,0.20859163464961128,False,SJF,long_jobs,dbabe2a11d8e36ea,15,1441,1760,1441,96.06666666666666,117.33333333333333,96.06666666666666,99.6875,0.046875,14,0.9333333333333333,319,1,320,46,long_jobs,8,selector
long_jobs,8844b78e67731f5d,70,True,25.0,0.5808634467325345,16.842105263157894,1.2754084313139327,1,SJF,1,SJF,False,0.0,0.260144534906893,False,SJF,long_jobs,8844b78e67731f5d,15,1342,1662,1342,89.46666666666667,110.8,89.46666666666667,100.0,0.046875,14,0.9333333333333333,320,0,320,46,long_jobs,9,selector
long_jobs,a791edf00a6c8e57,71,True,18.0,0.726484108503448,15.85,1.7204650534085255,1,SJF,1,SJF,False,0.0,0.29306297690669686,False,SJF,long_jobs,a791edf00a6c8e57,15,1184,1501,1184,78.93333333333334,100.06666666666666,78.93333333333334,100.0,0.0473186119873817,14,0.9333333333333333,317,0,317,46,long_jobs,10,selector
long_jobs,4928ed027eafc6e0,61,True,26.0,0.40560859642077696,25.75,1.2036980056845192,1,SJF,1,SJF,False,0.0,0.20778765837583463,False,SJF,long_jobs,4928ed027eafc6e0,15,2076,2488,2076,138.4,165.86666666666667,138.4,99.03846153846153,0.036057692307692304,14,0.9333333333333333,412,4,416,46,long_jobs,11,selector
long_jobs,3b7a82f8e3c01b11,71,True,21.0,0.6195796548382196,17.57894736842105,1.6193277068654826,1,SJF,1,SJF,False,0.0,0.1706605967538131,False,SJF,long_jobs,3b7a82f8e3c01b11,15,1724,2058,1724,114.93333333333334,137.2,114.93333333333334,100.0,0.04491017964071856,14,0.9333333333333333,334,0,334,46,long_jobs,12,selector
long_jobs,5d6abc83d6ea114a,70,True,20.0,0.5583829309560256,18.894736842105264,1.2036980056845192,1,SJF,1,SJF,False,0.0,0.2636911552484562,False,SJF,long_jobs,5d6abc83d6ea114a,15,1544,1903,1544,102.93333333333334,126.86666666666666,102.93333333333334,100.0,0.04178272980501393,14,0.9333333333333333,359,0,359,46,long_jobs,13,selector
long_jobs,4e00a5408cdb7dbf,71,True,26.0,0.609458701815078,21.055555555555557,1.4047538337136984,1,SJF,1,SJF,False,0.0,0.20489252333986485,False,SJF,long_jobs,4e00a5408cdb7dbf,15,1886,2265,1886,125.73333333333333,151.0,125.73333333333333,100.0,0.0395778364116095,14,0.9333333333333333,379,0,379,46,long_jobs,14,selector
long_jobs,99703a93f8364ea2,70,True,24.0,0.5868404284523279,18.31578947368421,1.0624918300339485,1,SJF,1,SJF,False,0.0,0.24274179667723775,False,SJF,long_jobs,99703a93f8364ea2,15,1487,1835,1487,99.13333333333334,122.33333333333333,99.13333333333334,99.7134670487106,0.04297994269340974,14,0.9333333333333333,348,1,349,46,long_jobs,15,selector
long_jobs,3eb0d8eb11b59aa8,62,True,30.0,0.4985099972129857,20.7,1.5260697523012796,1,SJF,1,SJF,False,0.0,0.22717647347262254,False,SJF,long_jobs,3eb0d8eb11b59aa8,15,2079,2493,2079,138.6,166.2,138.6,100.0,0.036231884057971016,14,0.9333333333333333,414,0,414,46,long_jobs,16,selector
long_jobs,18041ee30c6addce,71,True,24.0,0.591350525945982,24.933333333333334,1.4605934866804429,1,SJF,1,SJF,False,0.0,0.23666134417346668,False,SJF,long_jobs,18041ee30c6addce,15,1619,1993,1619,107.93333333333334,132.86666666666667,107.93333333333334,100.0,0.040106951871657755,14,0.9333333333333333,374,0,374,46,long_jobs,17,selector
long_jobs,031d0efb109dfa45,71,True,19.0,0.5533011632695446,17.263157894736842,1.4817407180595246,1,SJF,1,SJF,False,0.0,0.24529021156493996,False,SJF,long_jobs,031d0efb109dfa45,15,1404,1732,1404,93.6,115.46666666666667,93.6,100.0,0.04573170731707317,14,0.9333333333333333,328,0,328,46,long_jobs,18,selector
long_jobs,9d12fb417782d237,70,True,22.0,0.7597484121395146,19.058823529411764,1.3266499161421599,1,SJF,1,SJF,False,0.0,0.29271685378249057,False,SJF,long_jobs,9d12fb417782d237,15,1107,1431,1107,73.8,95.4,73.8,100.0,0.046296296296296294,14,0.9333333333333333,324,0,324,46,long_jobs,19,selector
long_jobs,840ac60f467fc070,71,True,16.0,0.7763736225665732,16.27777777777778,1.4236104336041748,1,SJF,1,SJF,False,0.0,0.1929443289871503,False,SJF,long_jobs,840ac60f467fc070,15,1202,1495,1202,80.13333333333334,99.66666666666667,80.13333333333334,99.32203389830508,0.05084745762711865,14,0.9333333333333333,293,2,295,46,long_jobs,20,selector
long_jobs,e4223c26142596b7,71,True,15.0,0.6713835000339698,15.85,1.8208667044996885,1,SJF,1,SJF,False,0.0,0.27573021863595076,False,SJF,long_jobs,e4223c26142596b7,15,1298,1615,1298,86.53333333333333,107.66666666666667,86.53333333333333,100.0,0.0473186119873817,14,0.9333333333333333,317,0,317,46,long_jobs,21,selector
long_jobs,8f5aacd320a66e55,71,True,18.0,0.7786823917035942,18.166666666666668,1.4966629547095767,1,SJF,1,SJF,False,0.0,0.2641637198693849,False,SJF,long_jobs,8f5aacd320a66e55,15,1382,1709,1382,92.13333333333334,113.93333333333334,92.13333333333334,99.3920972644377,0.04559270516717325,14,0.9333333333333333,327,2,329,46,long_jobs,22,selector
long_jobs,be4f4d308e51d853,71,True,26.0,0.621079287190916,19.894736842105264,1.339983416149452,1,SJF,1,SJF,False,0.0,0.24074066359147372,False,SJF,long_jobs,be4f4d308e51d853,15,1684,2062,1684,112.26666666666667,137.46666666666667,112.26666666666667,100.0,0.03968253968253968,14,0.9333333333333333,378,0,378,46,long_jobs,23,selector
long_jobs,5362127c92d9cdb7,70,True,28.0,0.5798133120183872,20.77777777777778,1.2110601416389966,1,SJF,1,SJF,False,0.0,0.2588557682781568,False,SJF,long_jobs,5362127c92d9cdb7,15,1733,2107,1733,115.53333333333333,140.46666666666667,115.53333333333333,100.0,0.040106951871657755,14,0.9333333333333333,374,0,374,46,long_jobs,24,selector
long_jobs,f601d8a857032dfb,68,False,16.0,0.7080419476745,10.1,1.4696938456699067,0,FCFS,0,FCFS,False,0.0,-0.06913187963066797,False,FCFS,long_jobs,f601d8a857032dfb,15,1073,1275,1073,71.53333333333333,85.0,71.53333333333333,100.0,0.07425742574257425,14,0.9333333333333333,202,0,202,46,long_jobs,25,selector
long_jobs,cee23b39ae9006e2,71,True,15.0,0.7879233681469424,16.0,1.4047538337136984,1,SJF,1,SJF,False,0.0,0.3251126350929774,False,SJF,long_jobs,cee23b39ae9006e2,15,1079,1383,1079,71.93333333333334,92.2,71.93333333333334,99.67213114754098,0.04918032786885246,14,0.9333333333333333,304,1,305,46,long_jobs,26,selector
long_jobs,5f35d2c6ce3a0ed7,70,True,32.0,0.5517627649274013,22.0,1.0624918300339483,1,SJF,1,SJF,False,0.0,0.24055450122063912,False,SJF,long_jobs,5f35d2c6ce3a0ed7,15,1995,2435,1995,133.0,162.33333333333334,133.0,100.0,0.03409090909090909,14,0.9333333333333333,440,0,440,46,long_jobs,27,selector
long_jobs,86c433c78703fab9,71,True,25.0,0.6420490569586346,19.77777777777778,1.4817407180595246,1,SJF,1,SJF,False,0.0,0.2771533360001144,False,SJF,long_jobs,86c433c78703fab9,15,1416,1772,1416,94.4,118.13333333333334,94.4,100.0,0.042134831460674156,14,0.9333333333333333,356,0,356,46,long_jobs,28,selector
long_jobs,09bcee6b65c35c45,71,True,19.0,0.6995854528745751,19.88888888888889,1.359738536958076,1,SJF,1,SJF,False,0.0,0.31840796539238364,False,SJF,long_jobs,09bcee6b65c35c45,15,1403,1761,1403,93.53333333333333,117.4,93.53333333333333,99.44444444444444,0.041666666666666664,14,0.9333333333333333,358,2,360,46,long_jobs,29,selector
mixed,722883e78862e7f2,70,True,22.0,0.5392072096655366,20.736842105263158,1.0873004286866725,1,SJF,1,SJF,False,0.0,0.24090054675352693,False,SJF,mixed,722883e78862e7f2,15,1714,2108,1714,114.26666666666667,140.53333333333333,114.26666666666667,100.0,0.03807106598984772,14,0.9333333333333333,394,0,394,46,mixed,0,selector
mixed,b75e6ad6aaf42480,71,True,19.0,0.6028403418005401,16.57894736842105,1.4452988925785866,1,SJF,1,SJF,False,0.0,0.21709308566753732,False,SJF,mixed,b75e6ad6aaf42480,15,1279,1594,1279,85.26666666666667,106.26666666666667,85.26666666666667,100.0,0.047619047619047616,14,0.9333333333333333,315,0,315,46,mixed,1,selector
mixed,510bd6de6c064f8a,62,True,27.0,0.4231615675318558,25.705882352941178,1.3888444437333107,1,SJF,1,SJF,False,0.0,0.20492509829186506,False,SJF,mixed,510bd6de6c064f8a,15,2286,2723,2286,152.4,181.53333333333333,152.4,99.54441913439635,0.03416856492027335,14,0.9333333333333333,437,2,439,46,mixed,2,selector
mixed,8629b565d0cb702c,62,True,34.0,0.39774270730890293,29.875,1.569146972791976,1,SJF,1,SJF,False,0.0,0.19049094616767193,False,SJF,mixed,8629b565d0cb702c,15,2514,2992,2514,167.6,199.46666666666667,167.6,99.58333333333333,0.03125,14,0.9333333333333333,478,2,480,46,mixed,3,selector
mixed,aced4a876bf75dfb,62,True,25.0,0.39515762233263596,22.1,1.4142135623730951,1,SJF,1,SJF,False,0.0,0.22031262595669304,False,SJF,mixed,aced4a876bf75dfb,15,2220,2662,2220,148.0,177.46666666666667,148.0,100.0,0.033936651583710405,14,0.9333333333333333,442,0,442,46,mixed,4,selector
mixed,1c2cd5ef3f0bec1f,71,True,22.0,0.6710899209422423,22.933333333333334,1.3888444437333105,1,SJF,1,SJF,False,0.0,0.24878169759055405,False,SJF,mixed,1c2cd5ef3f0bec1f,15,1340,1684,1340,89.33333333333333,112.26666666666667,89.33333333333333,100.0,0.0436046511627907,14,0.9333333333333333,344,0,344,46,mixed,5,selector
mixed,f2eda125977624f1,61,True,30.0,0.39101478486557395,23.157894736842106,1.3097921802925667,1,SJF,1,SJF,False,0.0,0.18229997244832807,False,SJF,mixed,f2eda125977624f1,15,2268,2708,2268,151.2,180.53333333333333,151.2,99.77324263038548,0.034013605442176874,14,0.9333333333333333,440,1,441,46,mixed,6,selector
mixed,773f0fa17542f90b,71,True,27.0,0.5935505397279445,27.5,1.339983416149452,1,SJF,1,SJF,False,0.0,0.22256964354442793,False,SJF,mixed,773f0fa17542f90b,15,1694,2079,1694,112.93333333333334,138.6,112.93333333333334,98.97172236503856,0.038560411311053984,14,0.9333333333333333,385,4,389,46,mixed,7,selector
mixed,46430c6c61040ac1,62,True,32.0,0.48057755595195883,26.941176470588236,1.4360439485692011,1,SJF,1,SJF,False,0.0,0.24077662864905786,False,SJF,mixed,46430c6c61040ac1,15,2228,2686,2228,148.53333333333333,179.06666666666666,148.53333333333333,99.34924078091106,0.03253796095444685,14,0.9333333333333333,458,3,461,46,mixed,8,selector
mixed,d4f625c56f07ef34,62,True,34.0,0.45370707039322444,25.11111111111111,1.359738536958076,1,SJF,1,SJF,False,0.0,0.19842711939659358,False,SJF,mixed,d4f625c56f07ef34,15,2362,2814,2362,157.46666666666667,187.6,157.46666666666667,99.77924944812362,0.033112582781456956,14,0.9333333333333333,452,1,453,46,mixed,9,selector
mixed,43ae96e113538901,71,True,20.0,0.7340325910915815,15.9,1.359738536958076,1,SJF,1,SJF,False,0.0,0.2881758761829309,False,SJF,mixed,43ae96e113538901,15,1117,1435,1117,74.46666666666667,95.66666666666667,74.46666666666667,100.0,0.04716981132075472,14,0.9333333333333333,318,0,318,46,mixed,10,selector
mixed,c198799ac1d359b2,71,True,26.0,0.5018360604317863,20.65,1.398411797560202,1,SJF,1,SJF,False,0.0,0.21986730264318158,False,SJF,mixed,c198799ac1d359b2,15,2013,2426,2013,134.2,161.73333333333332,134.2,100.0,0.03631961259079903,14,0.9333333333333333,413,0,413,46,mixed,11,selector
mixed,d9be9a226f61d2ed,61,True,31.0,0.4425050802716075,23.944444444444443,1.2892719737209144,1,SJF,1,SJF,False,0.0,0.19416724986578393,False,SJF,mixed,d9be9a226f61d2ed,15,2171,2602,2171,144.73333333333332,173.46666666666667,144.73333333333332,99.76851851851852,0.034722222222222224,14,0.9333333333333333,431,1,432,46,mixed,12,selector
mixed,49ea52a3b9586acb,61,True,32.0,0.4158037014150982,25.944444444444443,1.2036980056845192,1,SJF,1,SJF,False,0.0,0.20866382396035793,False,SJF,mixed,49ea52a3b9586acb,15,2333,2800,2333,155.53333333333333,186.66666666666666,155.53333333333333,99.78632478632478,0.03205128205128205,14,0.9333333333333333,467,1,468,46,mixed,13,selector
mixed,4a982696cb1b8e33,71,True,29.0,0.5878453284474708,19.5,1.514375558880073,1,SJF,1,SJF,False,0.0,0.23534614461302156,False,SJF,mixed,4a982696cb1b8e33,15,1642,2032,1642,109.46666666666667,135.46666666666667,109.46666666666667,100.0,0.038461538461538464,14,0.9333333333333333,390,0,390,46,mixed,14,selector
mixed,1362fe1bb9c04fd1,62,True,35.0,0.36343965830866576,24.55,1.4360439485692011,1,SJF,1,SJF,False,0.0,0.18638246814958143,False,SJF,mixed,1362fe1bb9c04fd1,15,2675,3166,2675,178.33333333333334,211.06666666666666,178.33333333333334,100.0,0.03054989816700611,14,0.9333333333333333,491,0,491,46,mixed,15,selector
mixed,2e1ea10c4c378aec,70,True,14.0,0.7156934621405028,14.7,1.2364824660660938,1,SJF,1,SJF,False,0.0,0.23617980553785728,False,SJF,mixed,2e1ea10c4c378aec,15,1238,1532,1238,82.53333333333333,102.13333333333334,82.53333333333333,100.0,0.05102040816326531,14,0.9333333333333333,294,0,294,46,mixed,16,selector
mixed,aa8988b0a14cb5f1,71,True,28.0,0.6330245297508102,22.823529411764707,1.5260697523012796,1,SJF,1,SJF,False,0.0,0.28861025986503885,False,SJF,mixed,aa8988b0a14cb5f1,15,1622,2010,1622,108.13333333333334,134.0,108.13333333333334,99.48717948717949,0.038461538461538464,14,0.9333333333333333,388,2,390,46,mixed,17,selector
mixed,d80f064d2e9e9e01,70,True,23.0,0.6466286839993723,19.0,1.1469767022723503,1,SJF,1,SJF,False,0.0,0.26817952268657985,False,SJF,mixed,d80f064d2e9e9e01,15,1355,1697,1355,90.33333333333333,113.13333333333334,90.33333333333333,99.70845481049562,0.043731778425655975,14,0.9333333333333333,342,1,343,46,mixed,18,selector
mixed,d5ec1c5a801195c8,71,True,27.0,0.5211573066470477,21.31578947368421,1.3888444437333105,1,SJF,1,SJF,False,0.0,0.23933712011604613,False,SJF,mixed,d5ec1c5a801195c8,15,1807,2212,1807,120.46666666666667,147.46666666666667,120.46666666666667,100.0,0.037037037037037035,14,0.9333333333333333,405,0,405,46,mixed,19,selector
mixed,972ba109490d566a,61,True,39.0,0.4765644789783505,25.789473684210527,1.3266499161421599,1,SJF,1,SJF,False,0.0,0.23663670349249433,False,SJF,mixed,972ba109490d566a,15,2325,2815,2325,155.0,187.66666666666666,155.0,99.79633401221996,0.03054989816700611,14,0.9333333333333333,490,1,491,46,mixed,20,selector
mixed,f1521e2d12677fa8,71,True,26.0,0.5466517401417469,24.0,1.4079141387961918,1,SJF,1,SJF,False,0.0,0.23383827453665174,False,SJF,mixed,f1521e2d12677fa8,15,1710,2094,1710,114.0,139.6,114.0,100.0,0.0390625,14,0.9333333333333333,384,0,384,46,mixed,21,selector
mixed,5d0c26965ede8180,71,True,32.0,0.5486548953731308,21.789473684210527,1.4079141387961918,1,SJF,1,SJF,False,0.0,0.20167667656951394,False,SJF,mixed,5d0c26965ede8180,15,1808,2222,1808,120.53333333333333,148.13333333333333,120.53333333333333,100.0,0.036231884057971016,14,0.9333333333333333,414,0,414,46,mixed,22,selector
mixed,9ec8db5de3f9a928,61,True,24.0,0.48048869949545553,20.157894736842106,1.2036980056845192,1,SJF,1,SJF,False,0.0,0.24440723972229242,False,SJF,mixed,9ec8db5de3f9a928,15,1788,2171,1788,119.2,144.73333333333332,119.2,100.0,0.0391644908616188,14,0.9333333333333333,383,0,383,46,mixed,23,selector
mixed,653d28fdf4f65b91,62,True,29.0,0.49904254823868066,20.842105263157894,1.4236104336041748,1,SJF,1,SJF,False,0.0,0.24434647073028068,False,SJF,mixed,653d28fdf4f65b91,15,1837,2233,1837,122.46666666666667,148.86666666666667,122.46666666666667,99.74811083123426,0.037783375314861464,14,0.9333333333333333,396,1,397,46,mixed,24,selector
mixed,de0fb1b5b21a88e1,61,True,33.0,0.3671255417904113,27.941176470588236,1.1661903789690602,1,SJF,1,SJF,False,0.0,0.21237918189873112,False,SJF,mixed,de0fb1b5b21a88e1,15,2453,2928,2453,163.53333333333333,195.2,163.53333333333333,99.78991596638656,0.031512605042016806,14,0.9333333333333333,475,1,476,46,mixed,25,selector
mixed,b52e27932aa382cb,62,True,24.0,0.4884964140388087,17.7,1.349897115421106,1,SJF,1,SJF,False,0.0,0.19431422449927555,False,SJF,mixed,b52e27932aa382cb,15,1618,1972,1618,107.86666666666666,131.46666666666667,107.86666666666666,100.0,0.0423728813559322,14,0.9333333333333333,354,0,354,46,mixed,26,selector
mixed,91a451feb0b7850e,70,True,19.0,0.757382108751421,17.944444444444443,1.2578641509408806,1,SJF,1,SJF,False,0.0,0.2638883106364877,False,SJF,mixed,91a451feb0b7850e,15,1110,1433,1110,74.0,95.53333333333333,74.0,99.69135802469135,0.046296296296296294,14,0.9333333333333333,323,1,324,46,mixed,27,selector
mixed,e8bb625fe3a64e27,71,True,24.0,0.5833497308465366,22.0,1.339983416149452,1,SJF,1,SJF,False,0.0,0.21901486221748645,False,SJF,mixed,e8bb625fe3a64e27,15,1835,2231,1835,122.33333333333333,148.73333333333332,122.33333333333333,99.49748743718592,0.03768844221105527,14,0.9333333333333333,396,2,398,46,mixed,28,selector
mixed,4531602aff8b886f,70,True,21.0,0.7439751522168881,20.1875,1.3097921802925665,1,SJF,1,SJF,False,0.0,0.2743114947566033,False,SJF,mixed,4531602aff8b886f,15,1185,1508,1185,79.0,100.53333333333333,79.0,98.47560975609755,0.04573170731707317,14,0.9333333333333333,323,5,328,46,mixed,29,selector
cpu_bursty,502a1ddb29828a38,62,True,43.0,0.204692718010324,42.92857142857143,1.5577761927397231,1,SJF,1,SJF,False,0.0,0.16658076157283327,False,SJF,cpu_bursty,502a1ddb29828a38,15,3621,4222,3621,241.4,281.46666666666664,241.4,100.0,0.024958402662229616,14,0.9333333333333333,601,0,601,46,cpu_bursty,0,selector
cpu_bursty,69bc4a65f53b2b45,62,True,44.0,0.24737681853446197,41.92857142857143,1.4544949486180951,1,SJF,1,SJF,False,0.0,0.163310700259227,False,SJF,cpu_bursty,69bc4a65f53b2b45,15,3416,4003,3416,227.73333333333332,266.8666666666667,227.73333333333332,100.0,0.02555366269165247,14,0.9333333333333333,587,0,587,46,cpu_bursty,1,selector
cpu_bursty,d4ccb4d832518c7b,62,True,34.0,0.2588787516201015,34.4,1.4544949486180951,1,SJF,1,SJF,False,0.0,0.17305301529401054,False,SJF,cpu_bursty,d4ccb4d832518c7b,15,2966,3482,2966,197.73333333333332,232.13333333333333,197.73333333333332,100.0,0.029069767441860465,14,0.9333333333333333,516,0,516,46,cpu_bursty,2,selector
cpu_bursty,4316278ccc60a7c1,61,True,31.0,0.26952760323178204,35.785714285714285,1.32664991614216,1,SJF,1,SJF,False,0.0,0.18691049897122414,False,SJF,cpu_bursty,4316278ccc60a7c1,15,2879,3380,2879,191.93333333333334,225.33333333333334,191.93333333333334,100.0,0.029940119760479042,14,0.9333333333333333,501,0,501,46,cpu_bursty,3,selector
cpu_bursty,ed9a92945c192593,62,True,35.0,0.2852475135597938,47.54545454545455,1.4696938456699067,1,SJF,1,SJF,False,0.0,0.18089854514776965,False,SJF,cpu_bursty,ed9a92945c192593,15,3008,3531,3008,200.53333333333333,235.4,200.53333333333333,100.0,0.028680688336520075,14,0.9333333333333333,523,0,523,46,cpu_bursty,4,selector
cpu_bursty,d3aedd7b716ad321,62,True,35.0,0.2359133630714015,39.76923076923077,1.4142135623730951,1,SJF,1,SJF,False,0.0,0.16545445922785662,False,SJF,cpu_bursty,d3aedd7b716ad321,15,3071,3588,3071,204.73333333333332,239.2,204.73333333333332,99.8069498069498,0.02895752895752896,14,0.9333333333333333,517,1,518,46,cpu_bursty,5,selector
cpu_bursty,466a385862790322,62,True,35.0,0.24038536554237686,39.285714285714285,1.5832456116050557,1,SJF,1,SJF,False,0.0,0.15490628244425064,False,SJF,cpu_bursty,466a385862790322,15,3349,3899,3349,223.26666666666668,259.93333333333334,223.26666666666668,100.0,0.02727272727272727,14,0.9333333333333333,550,0,550,46,cpu_bursty,6,selector
cpu_bursty,4498efd6d9007e6e,62,True,27.0,0.2845283926625452,37.916666666666664,1.5260697523012796,1,SJF,1,SJF,False,0.0,0.16020884495086438,False,SJF,cpu_bursty,4498efd6d9007e6e,15,2580,3035,2580,172.0,202.33333333333334,172.0,99.78070175438596,0.03289473684210526,14,0.9333333333333333,455,1,456,46,cpu_bursty,7,selector
cpu_bursty,ba87ed84a40f295d,61,True,32.0,0.25011096506000774,32.266666666666666,1.0749676997731399,1,SJF,1,SJF,False,0.0,0.16086152135235599,False,SJF,cpu_bursty,ba87ed84a40f295d,15,2760,3244,2760,184.0,216.26666666666668,184.0,100.0,0.030991735537190084,14,0.9333333333333333,484,0,484,46,cpu_bursty,8,selector
cpu_bursty,a7759c09d0bb185d,62,True,38.0,0.21630566648903102,38.642857142857146,1.540562667772179,1,SJF,1,SJF,False,0.0,0.16978409322753202,False,SJF,cpu_bursty,a7759c09d0bb185d,15,3244,3785,3244,216.26666666666668,252.33333333333334,216.26666666666668,99.81549815498155,0.027675276752767528,14,0.9333333333333333,541,1,542,46,cpu_bursty,9,selector
cpu_bursty,c351cd5432410b2a,61,True,40.0,0.21322938585299758,40.857142857142854,1.3266499161421599,1,SJF,1,SJF,False,0.0,0.1790207063895702,False,SJF,cpu_bursty,c351cd5432410b2a,15,3425,3997,3425,228.33333333333334,266.46666666666664,228.33333333333334,100.0,0.026223776223776224,14,0.9333333333333333,572,0,572,46,cpu_bursty,10,selector
cpu_bursty,659bc4e2f9474299,62,True,32.0,0.32197448470603945,34.6,1.5832456116050557,1,SJF,1,SJF,False,0.0,0.19684407208037102,False,SJF,cpu_bursty,659bc4e2f9474299,15,2851,3370,2851,190.06666666666666,224.66666666666666,190.06666666666666,100.0,0.028901734104046242,14,0.9333333333333333,519,0,519,46,cpu_bursty,11,selector
cpu_bursty,16082a57901fb1ff,61,True,34.0,0.22999670089065685,34.333333333333336,1.0873004286866725,1,SJF,1,SJF,False,0.0,0.15798992569777742,False,SJF,cpu_bursty,16082a57901fb1ff,15,3034,3549,3034,202.26666666666668,236.6,202.26666666666668,100.0,0.02912621359223301,14,0.9333333333333333,515,0,515,46,cpu_bursty,12,selector
cpu_bursty,eb05e9c1fe924f8a,61,True,36.0,0.2816986546177832,31.4,1.2578641509408806,1,SJF,1,SJF,False,0.0,0.16214190512657062,False,SJF,cpu_bursty,eb05e9c1fe924f8a,15,2640,3111,2640,176.0,207.4,176.0,100.0,0.03184713375796178,14,0.9333333333333333,471,0,471,46,cpu_bursty,13,selector
cpu_bursty,94f323487a0d32d9,62,True,43.0,0.18664921302495613,40.46666666666667,1.4966629547095764,1,SJF,1,SJF,False,0.0,0.15791534079820907,False,SJF,cpu_bursty,94f323487a0d32d9,15,3750,4357,3750,250.0,290.46666666666664,250.0,100.0,0.02471169686985173,14,0.9333333333333333,607,0,607,46,cpu_bursty,14,selector
cpu_bursty,a8f48e0d9d34baa6,62,True,34.0,0.2587650166534847,36.142857142857146,1.6918103387266028,1,SJF,1,SJF,False,0.0,0.15768251021691157,False,SJF,cpu_bursty,a8f48e0d9d34baa6,15,2906,3412,2906,193.73333333333332,227.46666666666667,193.73333333333332,99.80276134122288,0.029585798816568046,14,0.9333333333333333,506,1,507,46,cpu_bursty,15,selector
cpu_bursty,225dc27a48ed8f1d,61,True,32.0,0.24071558373942256,35.785714285714285,1.0873004286866725,1,SJF,1,SJF,False,0.0,0.13912595600076355,False,SJF,cpu_bursty,225dc27a48ed8f1d,15,3057,3558,3057,203.8,237.2,203.8,99.800796812749,0.029880478087649404,14,0.9333333333333333,501,1,502,46,cpu_bursty,16,selector
cpu_bursty,0d712022cae7109d,62,True,26.0,0.31085327124315154,33.142857142857146,1.3984117975602022,1,SJF,1,SJF,False,0.0,0.19131159595453656,False,SJF,cpu_bursty,0d712022cae7109d,15,2663,3127,2663,177.53333333333333,208.46666666666667,177.53333333333333,99.78494623655914,0.03225806451612903,14,0.9333333333333333,464,1,465,46,cpu_bursty,17,selector
cpu_bursty,4e541768a2b48f9e,61,True,31.0,0.2536291586414571,33.57142857142857,1.3165611772087666,1,SJF,1,SJF,False,0.0,0.16495166740093192,False,SJF,cpu_bursty,4e541768a2b48f9e,15,2682,3152,2682,178.8,210.13333333333333,178.8,99.78768577494692,0.03184713375796178,14,0.9333333333333333,470,1,471,46,cpu_bursty,18,selector
cpu_bursty,8de288dbd572c867,62,True,41.0,0.24149819473717132,41.76923076923077,1.505545305418162,1,SJF,1,SJF,False,0.0,0.1620824075193535,False,SJF,cpu_bursty,8de288dbd572c867,15,3252,3795,3252,216.8,253.0,216.8,100.0,0.027624309392265192,14,0.9333333333333333,543,0,543,46,cpu_bursty,19,selector
cpu_bursty,d5352b3dc94bbf43,61,True,28.0,0.2706230907090808,31.466666666666665,1.0873004286866728,1,SJF,1,SJF,False,0.0,0.15296287204137024,False,SJF,cpu_bursty,d5352b3dc94bbf43,15,2809,3281,2809,187.26666666666668,218.73333333333332,187.26666666666668,100.0,0.03177966101694915,14,0.9333333333333333,472,0,472,46,cpu_bursty,20,selector
cpu_bursty,82bf0a6799e80a72,62,True,29.0,0.2999284018693728,36.38461538461539,1.5832456116050557,1,SJF,1,SJF,False,0.0,0.19241361838755017,False,SJF,cpu_bursty,82bf0a6799e80a72,15,2644,3117,2644,176.26666666666668,207.8,176.26666666666668,99.78902953586498,0.03164556962025317,14,0.9333333333333333,473,1,474,46,cpu_bursty,21,selector
cpu_bursty,a43faebe1863fe62,62,True,40.0,0.2748362807583223,38.214285714285715,1.4360439485692011,1,SJF,1,SJF,False,0.0,0.1830741654860794,False,SJF,cpu_bursty,a43faebe1863fe62,15,3038,3573,3038,202.53333333333333,238.2,202.53333333333333,100.0,0.028037383177570093,14,0.9333333333333333,535,0,535,46,cpu_bursty,22,selector
cpu_bursty,657b4d10b9fe207e,62,True,32.0,0.2574597743289319,37.0,1.569146972791976,1,SJF,1,SJF,False,0.0,0.1587301991760074,False,SJF,cpu_bursty,657b4d10b9fe207e,15,2927,3445,2927,195.13333333333333,229.66666666666666,195.13333333333333,100.0,0.02895752895752896,14,0.9333333333333333,518,0,518,46,cpu_bursty,23,selector
cpu_bursty,92751dacc45cacda,62,True,34.0,0.2403771895761186,37.07142857142857,1.4142135623730951,1,SJF,1,SJF,False,0.0,0.15162101685225365,False,SJF,cpu_bursty,92751dacc45cacda,15,3090,3609,3090,206.0,240.6,206.0,99.8076923076923,0.028846153846153848,14,0.9333333333333333,519,1,520,46,cpu_bursty,24,selector
cpu_bursty,f44d081f2259ccbb,62,True,31.0,0.282972546180091,33.0,1.3888444437333105,1,SJF,1,SJF,False,0.0,0.14760654008409868,False,SJF,cpu_bursty,f44d081f2259ccbb,15,2970,3465,2970,198.0,231.0,198.0,100.0,0.030303030303030304,14,0.9333333333333333,495,0,495,46,cpu_bursty,25,selector
cpu_bursty,24df1938c28c575a,61,True,34.0,0.26089239863962843,33.8,1.0832051206181281,1,SJF,1,SJF,False,0.0,0.14436113774464762,False,SJF,cpu_bursty,24df1938c28c575a,15,3093,3600,3093,206.2,240.0,206.2,100.0,0.029585798816568046,14,0.9333333333333333,507,0,507,46,cpu_bursty,26,selector
cpu_bursty,5cf7170429fb625c,61,True,41.0,0.25468581598680534,37.0,1.1352924243950933,1,SJF,1,SJF,False,0.0,0.17821908633486738,False,SJF,cpu_bursty,5cf7170429fb625c,15,3210,3765,3210,214.0,251.0,214.0,100.0,0.02702702702702703,14,0.9333333333333333,555,0,555,46,cpu_bursty,27,selector
cpu_bursty,4ab605343923f534,61,True,42.0,0.2682063990226682,41.57142857142857,1.32664991614216,1,SJF,1,SJF,False,0.0,0.16224615377727547,False,SJF,cpu_bursty,4ab605343923f534,15,3493,4075,3493,232.86666666666667,271.6666666666667,232.86666666666667,100.0,0.02577319587628866,14,0.9333333333333333,582,0,582,46,cpu_bursty,28,selector
cpu_bursty,1f03188d081f29dc,62,True,32.0,0.2612286900139635,35.5,1.5577761927397231,1,SJF,1,SJF,False,0.0,0.16148438284610506,False,SJF,cpu_bursty,1f03188d081f29dc,15,2930,3427,2930,195.33333333333334,228.46666666666667,195.33333333333334,100.0,0.030181086519114688,14,0.9333333333333333,497,0,497,46,cpu_bursty,29,selector
priority_skewed,35fbde053c613bf7,70,True,26.0,0.5317981578186606,19.263157894736842,1.2649110640673518,1,SJF,1,SJF,False,0.0,0.24647169396889512,False,SJF,priority_skewed,35fbde053c613bf7,15,1833,2199,1833,122.2,146.6,122.2,99.7275204359673,0.04087193460490463,14,0.9333333333333333,366,1,367,46,priority_skewed,0,selector
priority_skewed,3f7ca7c520945e4f,70,True,14.0,0.6523890395640402,15.68421052631579,1.3165611772087666,1,SJF,1,SJF,False,0.0,0.23709554251946247,False,SJF,priority_skewed,3f7ca7c520945e4f,15,1252,1550,1252,83.46666666666667,103.33333333333333,83.46666666666667,99.66555183946488,0.05016722408026756,14,0.9333333333333333,298,1,299,46,priority_skewed,1,selector
priority_skewed,5908be7c9ee75e40,70,True,25.0,0.5016056416247386,23.3125,1.18133634311129,1,SJF,1,SJF,False,0.0,0.2315805107360529,False,SJF,priority_skewed,5908be7c9ee75e40,15,1730,2103,1730,115.33333333333333,140.2,115.33333333333333,99.20212765957447,0.0398936170212766,14,0.9333333333333333,373,3,376,46,priority_skewed,2,selector
priority_skewed,9894774b0f7fe0fb,70,True,32.0,0.5237006435365748,19.35,1.0110500592068732,1,SJF,1,SJF,False,0.0,0.2014130233815534,False,SJF,priority_skewed,9894774b0f7fe0fb,15,1769,2156,1769,117.93333333333334,143.73333333333332,117.93333333333334,100.0,0.03875968992248062,14,0.9333333333333333,387,0,387,46,priority_skewed,3,selector
priority_skewed,f54ae889b76dc3b6,70,True,28.0,0.6337498255291654,20.157894736842106,1.0110500592068732,1,SJF,1,SJF,False,0.0,0.244860924356164,False,SJF,priority_skewed,f54ae889b76dc3b6,15,1575,1958,1575,105.0,130.53333333333333,105.0,100.0,0.0391644908616188,14,0.9333333333333333,383,0,383,46,priority_skewed,4,selector
priority_skewed,bb7160c65ead26cf,60,True,37.0,0.46617347450636154,24.0,0.6110100926607789,1,SJF,1,SJF,False,0.0,0.20167285626847234,False,SJF,priority_skewed,bb7160c65ead26cf,15,2430,2910,2430,162.0,194.0,162.0,100.0,0.03125,14,0.9333333333333333,480,0,480,46,priority_skewed,5,selector
priority_skewed,0279351d4f0b0e2e,70,True,25.0,0.5042232694794615,20.61111111111111,1.2578641509408803,1,SJF,1,SJF,False,0.0,0.1989688616834055,False,SJF,priority_skewed,0279351d4f0b0e2e,15,2090,2461,2090,139.33333333333334,164.06666666666666,139.33333333333334,99.73118279569893,0.04032258064516129,14,0.9333333333333333,371,1,372,46,priority_skewed,6,selector
priority_skewed,1cb7bca831dabdc7,70,True,18.0,0.6076251161472485,20.41176470588235,0.8,1,SJF,1,SJF,False,0.0,0.2599835282156505,False,SJF,priority_skewed,1cb7bca831dabdc7,15,1463,1810,1463,97.53333333333333,120.66666666666667,97.53333333333333,99.14285714285714,0.04285714285714286,14,0.9333333333333333,347,3,350,46,priority_skewed,7,selector
priority_skewed,198fbf57c44583cd,60,True,24.0,0.4619506317657531,22.8125,0.573488351136175,1,SJF,1,SJF,False,0.0,0.21198607118037377,False,SJF,priority_skewed,198fbf57c44583cd,15,1919,2284,1919,127.93333333333334,152.26666666666668,127.93333333333334,100.0,0.0410958904109589,14,0.9333333333333333,365,0,365,46,priority_skewed,8,selector
priority_skewed,70ab9e261279dc10,70,True,24.0,0.5172817409634477,21.529411764705884,1.0110500592068732,1,SJF,1,SJF,False,0.0,0.19889868661857224,False,SJF,priority_skewed,70ab9e261279dc10,15,1899,2265,1899,126.6,151.0,126.6,99.1869918699187,0.04065040650406504,14,0.9333333333333333,366,3,369,46,priority_skewed,9,selector
priority_skewed,8b5ebfc8e5ca0973,71,True,20.0,0.5811452509182774,27.5,1.4452988925785866,1,SJF,1,SJF,False,0.0,0.2621937242345759,False,SJF,priority_skewed,8b5ebfc8e5ca0973,15,1708,2093,1708,113.86666666666666,139.53333333333333,113.86666666666666,98.97172236503856,0.038560411311053984,14,0.9333333333333333,385,4,389,46,priority_skewed,10,selector
priority_skewed,25dd80ccd4a42d52,70,True,28.0,0.6075889012040836,22.705882352941178,1.1234866364235145,1,SJF,1,SJF,False,0.0,0.23590423060973795,False,SJF,priority_skewed,25dd80ccd4a42d52,15,1826,2212,1826,121.73333333333333,147.46666666666667,121.73333333333333,99.48453608247422,0.03865979381443299,14,0.9333333333333333,386,2,388,46,priority_skewed,11,selector
priority_skewed,8181e55ce8a98718,71,True,29.0,0.5384607033248133,19.45,1.4544949486180951,1,SJF,1,SJF,False,0.0,0.2717845532024603,False,SJF,priority_skewed,8181e55ce8a98718,15,1757,2146,1757,117.13333333333334,143.06666666666666,117.13333333333334,100.0,0.038560411311053984,14,0.9333333333333333,389,0,389,46,priority_skewed,12,selector
priority_skewed,d1f8af7262127a0b,70,True,17.0,0.5955503895355692,16.3,0.7999999999999999,1,SJF,1,SJF,False,0.0,0.2685785664342662,False,SJF,priority_skewed,d1f8af7262127a0b,15,1372,1698,1372,91.46666666666667,113.2,91.46666666666667,100.0,0.046012269938650305,14,0.9333333333333333,326,0,326,46,priority_skewed,13,selector
priority_skewed,f494ef2693f38edc,70,True,33.0,0.5302463062345728,26.625,1.0624918300339483,1,SJF,1,SJF,False,0.0,0.23570063844999933,False,SJF,priority_skewed,f494ef2693f38edc,15,1928,2354,1928,128.53333333333333,156.93333333333334,128.53333333333333,99.3006993006993,0.03496503496503497,14,0.9333333333333333,426,3,429,46,priority_skewed,14,selector
priority_skewed,2a48875c283068f5,61,True,35.0,0.48296327378726894,22.55,1.3097921802925665,1,SJF,1,SJF,False,0.0,0.20164395815786984,False,SJF,priority_skewed,2a48875c283068f5,15,2110,2561,2110,140.66666666666666,170.73333333333332,140.66666666666666,100.0,0.03325942350332594,14,0.9333333333333333,451,0,451,46,priority_skewed,15,selector
priority_skewed,2e4cf99346e12dae,61,True,30.0,0.3081145002027244,29.733333333333334,0.8844332774281064,1,SJF,1,SJF,False,0.0,0.16899635709673233,False,SJF,priority_skewed,2e4cf99346e12dae,15,2446,2892,2446,163.06666666666666,192.8,163.06666666666666,98.89135254988913,0.03325942350332594,14,0.9333333333333333,446,5,451,46,priority_skewed,16,selector
priority_skewed,0d1830de9bdc488b,70,True,25.0,0.5539969724412128,19.35,1.2892719737209144,1,SJF,1,SJF,False,0.0,0.1793463841049387,False,SJF,priority_skewed,0d1830de9bdc488b,15,2027,2414,2027,135.13333333333333,160.93333333333334,135.13333333333333,100.0,0.03875968992248062,14,0.9333333333333333,387,0,387,46,priority_skewed,17,selector
priority_skewed,4280f057ee596fab,62,True,33.0,0.4879729982886589,22.36842105263158,1.4047538337136984,1,SJF,1,SJF,False,0.0,0.23731315598534836,False,SJF,priority_skewed,4280f057ee596fab,15,2054,2479,2054,136.93333333333334,165.26666666666668,136.93333333333334,100.0,0.03529411764705882,14,0.9333333333333333,425,0,425,46,priority_skewed,18,selector
priority_skewed,0bc149e2d356655d,61,True,38.0,0.43500982281642964,24.68421052631579,1.2649110640673518,1,SJF,1,SJF,False,0.0,0.19435736963287065,False,SJF,priority_skewed,0bc149e2d356655d,15,2404,2873,2404,160.26666666666668,191.53333333333333,160.26666666666668,100.0,0.031982942430703626,14,0.9333333333333333,469,0,469,46,priority_skewed,19,selector
priority_skewed,b53fedae77133a94,70,True,34.0,0.5209930941683871,24.58823529411765,0.9285592184789412,1,SJF,1,SJF,False,0.0,0.2372374350237349,False,SJF,priority_skewed,b53fedae77133a94,15,2038,2456,2038,135.86666666666667,163.73333333333332,135.86666666666667,100.0,0.03588516746411483,14,0.9333333333333333,418,0,418,46,priority_skewed,20,selector
priority_skewed,7f803e319de0f562,69,True,14.0,0.7618340711114553,15.421052631578947,0.5962847939999439,1,SJF,1,SJF,False,0.0,0.27704850941480264,False,SJF,priority_skewed,7f803e319de0f562,15,1005,1298,1005,67.0,86.53333333333333,67.0,99.65986394557824,0.05102040816326531,14,0.9333333333333333,293,1,294,46,priority_skewed,21,selector
priority_skewed,73083e47cf495896,62,True,35.0,0.4345426693509066,24.0,1.4817407180595246,1,SJF,1,SJF,False,0.0,0.22481889097027874,False,SJF,priority_skewed,73083e47cf495896,15,2193,2649,2193,146.2,176.6,146.2,99.78118161925602,0.03282275711159737,14,0.9333333333333333,456,1,457,46,priority_skewed,22,selector
priority_skewed,bd89fab927139e34,70,True,25.0,0.6324321853020127,24.125,0.8537498983243799,1,SJF,1,SJF,False,0.0,0.2358947633212863,False,SJF,priority_skewed,bd89fab927139e34,15,1674,2060,1674,111.6,137.33333333333334,111.6,99.48453608247422,0.03865979381443299,14,0.9333333333333333,386,2,388,46,priority_skewed,23,selector
priority_skewed,4559e6e6a28da756,71,True,20.0,0.5856620185738529,15.789473684210526,1.4996295838935991,1,SJF,1,SJF,False,0.0,0.23473479715824377,False,SJF,priority_skewed,4559e6e6a28da756,15,1369,1669,1369,91.26666666666667,111.26666666666667,91.26666666666667,99.66777408637874,0.04983388704318937,14,0.9333333333333333,300,1,301,46,priority_skewed,24,selector
priority_skewed,f605ffe81c8aff23,62,True,30.0,0.3937315199522659,22.666666666666668,1.3984117975602022,1,SJF,1,SJF,False,0.0,0.1863902434427696,False,SJF,priority_skewed,f605ffe81c8aff23,15,2064,2472,2064,137.6,164.8,137.6,99.75550122249389,0.03667481662591687,14,0.9333333333333333,408,1,409,46,priority_skewed,25,selector
priority_skewed,f204f3497648f00e,61,True,27.0,0.4519769516057953,22.77777777777778,0.8055363982396382,1,SJF,1,SJF,False,0.0,0.1947238983311972,False,SJF,priority_skewed,f204f3497648f00e,15,2149,2559,2149,143.26666666666668,170.6,143.26666666666668,100.0,0.036585365853658534,14,0.9333333333333333,410,0,410,46,priority_skewed,26,selector
priority_skewed,67d507b9db01e6f1,61,True,24.0,0.421898975889784,21.529411764705884,1.2036980056845192,1,SJF,1,SJF,False,0.0,0.20144146215376907,False,SJF,priority_skewed,67d507b9db01e6f1,15,1873,2239,1873,124.86666666666666,149.26666666666668,124.86666666666666,100.0,0.040983606557377046,14,0.9333333333333333,366,0,366,46,priority_skewed,27,selector
priority_skewed,d64ae2a649ad54fb,70,True,26.0,0.6343301951778834,20.823529411764707,1.0110500592068734,1,SJF,1,SJF,False,0.0,0.21133202009138052,False,SJF,priority_skewed,d64ae2a649ad54fb,15,1636,1990,1636,109.06666666666666,132.66666666666666,109.06666666666666,100.0,0.0423728813559322,14,0.9333333333333333,354,0,354,46,priority_skewed,28,selector
priority_skewed,874c8c3446282847,69,True,14.0,0.7024128009305876,16.235294117647058,0.6182412330330469,1,SJF,1,SJF,False,0.0,0.2475839163463261,False,SJF,priority_skewed,874c8c3446282847,15,1151,1427,1151,76.73333333333333,95.13333333333334,76.73333333333333,98.9247311827957,0.053763440860215055,14,0.9333333333333333,276,3,279,46,priority_skewed,29,selector
staggered_interactive,60dc6122b5b9cba1,18,True,2.0,1.6400991556302436,0.726027397260274,0.0,2,Round Robin,2,Round Robin,False,0.0,0.31488505275581025,False,Round Robin,staggered_interactive,60dc6122b5b9cba1,15,27,80,15,1.8,5.333333333333333,1.0,69.73684210526316,0.19736842105263158,19,1.2666666666666666,53,23,76,46,staggered_interactive,0,selector
staggered_interactive,e02acf0cf2351a88,18,True,2.0,2.2605760508402835,1.0144927536231885,0.0,2,Round Robin,2,Round Robin,False,0.0,0.4280109855042915,False,Round Robin,staggered_interactive,e02acf0cf2351a88,15,67,137,45,4.466666666666667,9.133333333333333,3.0,100.0,0.21428571428571427,23,1.5333333333333334,70,0,70,46,staggered_interactive,1,selector
staggered_interactive,2b9f1d4cba299f2c,18,True,2.0,1.8270242886944033,0.7761194029850746,0.0,2,Round Robin,2,Round Robin,False,0.0,0.45060541220570643,False,Round Robin,staggered_interactive,2b9f1d4cba299f2c,15,21,73,13,1.4,4.866666666666666,0.8666666666666667,75.3623188405797,0.21739130434782608,20,1.3333333333333333,52,17,69,46,staggered_interactive,2,selector
staggered_interactive,e6b0b2bfaa7695bd,18,True,2.0,1.9793483951048514,1.0793650793650793,0.0,2,Round Robin,2,Round Robin,False,0.0,0.3828077266515263,False,Round Robin,staggered_interactive,e6b0b2bfaa7695bd,15,89,157,62,5.933333333333334,10.466666666666667,4.133333333333334,100.0,0.22058823529411764,22,1.4666666666666666,68,0,68,46,staggered_interactive,3,selector
staggered_interactive,056a96b35ab222ac,18,True,2.0,2.0677897432951413,0.9393939393939394,0.0,2,Round Robin,2,Round Robin,False,0.0,0.46908890186820795,False,Round Robin,staggered_interactive,056a96b35ab222ac,15,40,102,26,2.6666666666666665,6.8,1.7333333333333334,91.17647058823529,0.22058823529411764,22,1.4666666666666666,62,6,68,46,staggered_interactive,4,selector
staggered_interactive,f4cb447c8b03b3c9,18,True,2.0,1.8716628297262787,0.9253731343283582,0.0,2,Round Robin,2,Round Robin,False,0.0,0.35654905382203084,False,Round Robin,staggered_interactive,f4cb447c8b03b3c9,15,60,122,40,4.0,8.133333333333333,2.6666666666666665,89.85507246376811,0.21739130434782608,21,1.4,62,7,69,46,staggered_interactive,5,selector
staggered_interactive,c3234f17841a5c7c,18,True,2.0,2.3728911152638164,0.9859154929577465,0.0,2,Round Robin,2,Round Robin,False,0.0,0.4754504940017105,False,Round Robin,staggered_interactive,c3234f17841a5c7c,15,50,120,32,3.3333333333333335,8.0,2.1333333333333333,94.5945945945946,0.20270270270270271,24,1.6,70,4,74,46,staggered_interactive,6,selector
staggered_interactive,db4e7e7ee77274d6,18,True,3.0,2.1133840915092006,1.1095890410958904,0.0,2,Round Robin,2,Round Robin,False,0.0,0.4498723858723859,False,Round Robin,staggered_interactive,db4e7e7ee77274d6,15,80,161,47,5.333333333333333,10.733333333333333,3.1333333333333333,100.0,0.18518518518518517,24,1.6,81,0,81,46,staggered_interactive,7,selector
staggered_interactive,06d6c7bae4c69388,18,True,2.0,2.1701074607457973,0.9850746268656716,0.0,2,Round Robin,2,Round Robin,False,0.0,0.4323094324107273,False,Round Robin,staggered_interactive,06d6c7bae4c69388,15,65,131,45,4.333333333333333,8.733333333333333,3.0,97.05882352941177,0.22058823529411764,22,1.4666666666666666,66,2,68,46,staggered_interactive,8,selector
staggered_interactive,c51a802b1fe7d36d,18,True,2.0,1.8083195323974133,0.9014084507042254,0.0,2,Round Robin,2,Round Robin,False,0.0,0.4174513574738018,False,Round Robin,staggered_interactive,c51a802b1fe7d36d,15,40,104,23,2.6666666666666665,6.933333333333334,1.5333333333333334,86.48648648648648,0.20270270270270271,21,1.4,64,10,74,46,staggered_interactive,9,selector
staggered_interactive,ef785d44e1bf6b71,18,True,2.0,1.8123463729790632,0.8611111111111112,0.0,2,Round Robin,2,Round Robin,False,0.0,0.3310809595947591,False,Round Robin,staggered_interactive,ef785d44e1bf6b71,15,58,120,38,3.8666666666666667,8.0,2.533333333333333,84.93150684931507,0.2054794520547945,20,1.3333333333333333,62,11,73,46,staggered_interactive,10,selector
staggered_interactive,1893024cca6554ff,18,True,1.0,1.9741122920350263,0.782608695652174,0.0,2,Round Robin,2,Round Robin,False,0.0,0.3882932268239789,False,Round Robin,staggered_interactive,1893024cca6554ff,15,38,92,24,2.533333333333333,6.133333333333334,1.6,75.0,0.20833333333333334,20,1.3333333333333333,54,18,72,46,staggered_interactive,11,selector
staggered_interactive,6b1bcd52e4afef2c,18,True,1.0,2.1600271612020654,0.8153846153846154,0.0,2,Round Robin,2,Round Robin,False,0.0,0.4020520534549314,False,Round Robin,staggered_interactive,6b1bcd52e4afef2c,15,37,90,26,2.466666666666667,6.0,1.7333333333333334,80.3030303030303,0.22727272727272727,20,1.3333333333333333,53,13,66,46,staggered_interactive,12,selector
staggered_interactive,cb85e8602eded520,18,True,2.0,1.7123759531594336,0.7971014492753623,0.0,2,Round Robin,2,Round Robin,False,0.0,0.44922796498381107,False,Round Robin,staggered_interactive,cb85e8602eded520,15,21,76,10,1.4,5.066666666666666,0.6666666666666666,76.38888888888889,0.20833333333333334,20,1.3333333333333333,55,17,72,46,staggered_interactive,13,selector
staggered_interactive,8de62b1b34a0b16a,18,True,1.0,2.0762330797993016,0.7638888888888888,0.0,2,Round Robin,2,Round Robin,False,0.0,0.4400782891086872,False,Round Robin,staggered_interactive,8de62b1b34a0b16a,15,35,90,21,2.3333333333333335,6.0,1.4,75.34246575342466,0.2054794520547945,20,1.3333333333333333,55,18,73,46,staggered_interactive,14,selector
staggered_interactive,f4c67d52f9f70e50,18,True,3.0,1.7833473775045787,0.8591549295774648,0.0,2,Round Robin,2,Round Robin,False,0.0,0.39056662627112726,False,Round Robin,staggered_interactive,f4c67d52f9f70e50,15,38,99,24,2.533333333333333,6.6,1.6,83.56164383561644,0.2054794520547945,20,1.3333333333333333,61,12,73,46,staggered_interactive,15,selector
staggered_interactive,e0e97f92f0ddb894,18,True,2.0,2.235728524987566,1.0694444444444444,0.0,2,Round Robin,2,Round Robin,False,0.0,0.47348238288528927,False,Round Robin,staggered_interactive,e0e97f92f0ddb894,15,68,145,42,4.533333333333333,9.666666666666666,2.8,100.0,0.19480519480519481,24,1.6,77,0,77,46,staggered_interactive,16,selector
staggered_interactive,3bd4143ea7cbec5e,18,True,2.0,1.8970412309959852,0.7397260273972602,0.0,2,Round Robin,2,Round Robin,False,0.0,0.3991940139547757,False,Round Robin,staggered_interactive,3bd4143ea7cbec5e,15,25,79,16,1.6666666666666667,5.266666666666667,1.0666666666666667,71.05263157894737,0.19736842105263158,20,1.3333333333333333,54,22,76,46,staggered_interactive,17,selector
staggered_interactive,add72bbc9121389e,18,True,2.0,1.8563360093208843,0.8636363636363636,0.0,2,Round Robin,2,Round Robin,False,0.0,0.3709711585231091,False,Round Robin,staggered_interactive,add72bbc9121389e,15,37,94,23,2.466666666666667,6.266666666666667,1.5333333333333334,82.6086956521739,0.21739130434782608,20,1.3333333333333333,57,12,69,46,staggered_interactive,18,selector
staggered_interactive,5e44b7e00019c9ad,18,True,1.0,2.3943719010597264,1.0724637681159421,0.0,2,Round Robin,2,Round Robin,False,0.0,0.5187761316188032,False,Round Robin,staggered_interactive,5e44b7e00019c9ad,15,53,127,28,3.533333333333333,8.466666666666667,1.8666666666666667,100.0,0.20270270270270271,26,1.7333333333333334,74,0,74,46,staggered_interactive,19,selector
staggered_interactive,988f8e17eef797c4,18,True,2.0,1.8300580389800492,0.7428571428571429,0.0,2,Round Robin,2,Round Robin,False,0.0,0.356711368012267,False,Round Robin,staggered_interactive,988f8e17eef797c4,15,36,88,22,2.4,5.866666666666666,1.4666666666666666,71.23287671232876,0.2054794520547945,19,1.2666666666666666,52,21,73,46,staggered_interactive,20,selector
staggered_interactive,4337831fb0505d69,18,True,2.0,1.6085311464126493,0.8,0.0,2,Round Robin,2,Round Robin,False,0.0,0.4503103725403333,False,Round Robin,staggered_interactive,4337831fb0505d69,15,19,75,8,1.2666666666666666,5.0,0.5333333333333333,76.71232876712328,0.2054794520547945,20,1.3333333333333333,56,17,73,46,staggered_interactive,21,selector
staggered_interactive,5662fd17ab6c8e2b,18,True,2.0,2.2692695934010634,1.1176470588235294,0.0,2,Round Robin,2,Round Robin,False,0.0,0.4690487151219824,False,Round Robin,staggered_interactive,5662fd17ab6c8e2b,15,76,152,51,5.066666666666666,10.133333333333333,3.4,100.0,0.19736842105263158,24,1.6,76,0,76,46,staggered_interactive,22,selector
staggered_interactive,4cd5052469bf3814,18,True,2.0,2.0941555645043826,0.9,0.0,2,Round Robin,2,Round Robin,False,0.0,0.45368758274423604,False,Round Robin,staggered_interactive,4cd5052469bf3814,15,40,103,24,2.6666666666666665,6.866666666666666,1.6,86.3013698630137,0.2054794520547945,22,1.4666666666666666,63,10,73,46,staggered_interactive,23,selector
staggered_interactive,323a7bd2d2ab762c,18,True,3.0,1.7683770271233252,1.0,0.0,2,Round Robin,2,Round Robin,False,0.0,0.341693690393739,False,Round Robin,staggered_interactive,323a7bd2d2ab762c,15,69,140,47,4.6,9.333333333333334,3.1333333333333333,95.94594594594595,0.20270270270270271,21,1.4,71,3,74,46,staggered_interactive,24,selector
staggered_interactive,cc9c21447d78b1c8,18,True,2.0,1.7533037597843886,0.7297297297297297,0.0,2,Round Robin,2,Round Robin,False,0.0,0.40924174972021937,False,Round Robin,staggered_interactive,cc9c21447d78b1c8,15,25,79,15,1.6666666666666667,5.266666666666667,1.0,70.12987012987013,0.19480519480519481,19,1.2666666666666666,54,23,77,46,staggered_interactive,25,selector
staggered_interactive,90866cba98035a61,18,True,2.0,2.1115859001827078,1.1343283582089552,0.0,2,Round Robin,2,Round Robin,False,0.0,0.46027037413508193,False,Round Robin,staggered_interactive,90866cba98035a61,15,80,156,49,5.333333333333333,10.4,3.2666666666666666,100.0,0.19736842105263158,24,1.6,76,0,76,46,staggered_interactive,26,selector
staggered_interactive,e2e81f0a955e9e1b,18,True,2.0,1.8455551024337695,0.8472222222222222,0.0,2,Round Robin,2,Round Robin,False,0.0,0.42771630190350707,False,Round Robin,staggered_interactive,e2e81f0a955e9e1b,15,35,96,22,2.3333333333333335,6.4,1.4666666666666666,81.33333333333333,0.2,21,1.4,61,14,75,46,staggered_interactive,27,selector
staggered_interactive,15bea3ad529b4676,18,True,2.0,2.1296829341043537,0.8382352941176471,0.0,2,Round Robin,2,Round Robin,False,0.0,0.4603766644546153,False,Round Robin,staggered_interactive,15bea3ad529b4676,15,32,89,21,2.1333333333333333,5.933333333333334,1.4,81.42857142857143,0.21428571428571427,21,1.4,57,13,70,46,staggered_interactive,28,selector
staggered_interactive,22845fca3c640900,18,True,2.0,1.980986612392297,0.9714285714285714,0.0,2,Round Robin,2,Round Robin,False,0.0,0.43375365509984254,False,Round Robin,staggered_interactive,22845fca3c640900,15,66,134,39,4.4,8.933333333333334,2.6,95.77464788732394,0.2112676056338028,23,1.5333333333333334,68,3,71,46,staggered_interactive,29,selector
poisson_arrivals,7888caf575754b00,40,True,12.0,0.6422075401028012,8.263157894736842,1.236482466066094,1,SJF,1,SJF,False,0.0,0.21724683525465258,False,SJF,poisson_arrivals,7888caf575754b00,15,570,727,570,38.0,48.46666666666667,38.0,100.0,0.09554140127388536,14,0.9333333333333333,157,0,157,46,poisson_arrivals,0,selector
poisson_arrivals,e3888f74b7f9555d,41,True,8.0,0.610226369275643,4.787878787878788,1.4907119849998598,1,SJF,1,SJF,False,0.0,0.26964663999984084,False,SJF,poisson_arrivals,e3888f74b7f9555d,15,603,761,603,40.2,50.733333333333334,40.2,100.0,0.0949367088607595,14,0.9333333333333333,158,0,158,46,poisson_arrivals,1,selector
poisson_arrivals,4cb892f1d6eb864f,41,True,12.0,0.5060450991167658,4.184210526315789,1.5577761927397231,1,SJF,1,SJF,False,0.0,0.2265090002655697,False,SJF,poisson_arrivals,4cb892f1d6eb864f,15,545,704,545,36.333333333333336,46.93333333333333,36.333333333333336,99.375,0.09375,14,0.9333333333333333,159,1,160,46,poisson_arrivals,2,selector
poisson_arrivals,eb85699c1c5a7f5f,40,True,7.0,0.6153054713272649,5.4,1.2036980056845192,1,SJF,1,SJF,False,0.0,0.25144086302423174,False,SJF,poisson_arrivals,eb85699c1c5a7f5f,15,465,600,465,31.0,40.0,31.0,100.0,0.1111111111111111,14,0.9333333333333333,135,0,135,46,poisson_arrivals,3,selector
poisson_arrivals,76d5fac4483c71b8,41,True,7.0,0.5935634374189763,6.782608695652174,1.4605934866804429,1,SJF,1,SJF,False,0.0,0.19737431796549254,False,SJF,poisson_arrivals,76d5fac4483c71b8,15,512,668,512,34.13333333333333,44.53333333333333,34.13333333333333,100.0,0.09615384615384616,14,0.9333333333333333,156,0,156,46,poisson_arrivals,4,selector
poisson_arrivals,134d06a5e4c762d1,32,True,12.0,0.3764429264103815,7.708333333333333,1.4817407180595246,1,SJF,1,SJF,False,0.0,0.21068657051885425,False,SJF,poisson_arrivals,134d06a5e4c762d1,15,888,1073,888,59.2,71.53333333333333,59.2,100.0,0.08108108108108109,14,0.9333333333333333,185,0,185,46,poisson_arrivals,5,selector
poisson_arrivals,d0470914f4412bc9,40,True,8.0,0.6723290616859425,3.764705882352941,1.0873004286866728,1,SJF,1,SJF,False,0.0,0.28788429326120163,False,SJF,poisson_arrivals,d0470914f4412bc9,15,368,496,368,24.533333333333335,33.06666666666667,24.533333333333335,100.0,0.1171875,14,0.9333333333333333,128,0,128,46,poisson_arrivals,6,selector
poisson_arrivals,f3c29878db8a2cc7,40,True,7.0,0.6370050869860271,5.074074074074074,1.2,1,SJF,1,SJF,False,0.0,0.2694767867780398,False,SJF,poisson_arrivals,f3c29878db8a2cc7,15,479,616,479,31.933333333333334,41.06666666666667,31.933333333333334,100.0,0.10948905109489052,14,0.9333333333333333,137,0,137,46,poisson_arrivals,7,selector
poisson_arrivals,bc85ed897cdefd4f,31,True,13.0,0.394312111896023,4.842105263157895,1.3063945294843615,1,SJF,1,SJF,False,0.0,0.23713868076485659,False,SJF,poisson_arrivals,bc85ed897cdefd4f,15,719,903,719,47.93333333333333,60.2,47.93333333333333,100.0,0.08152173913043478,14,0.9333333333333333,184,0,184,46,poisson_arrivals,8,selector
poisson_arrivals,86ba4f452ff5a54c,67,False,14.0,0.5014596622958688,4.219512195121951,1.1925695879998877,0,FCFS,0,FCFS,False,0.0,-0.01310315447443558,False,FCFS,poisson_arrivals,86ba4f452ff5a54c,15,811,984,811,54.06666666666667,65.6,54.06666666666667,100.0,0.08670520231213873,14,0.9333333333333333,173,0,173,46,poisson_arrivals,9,selector
poisson_arrivals,a59973be4abafb1a,59,False,14.0,0.30747756717886177,5.8,1.339983416149452,0,FCFS,0,FCFS,False,0.0,0.03538137542878246,False,FCFS,poisson_arrivals,a59973be4abafb1a,15,1198,1401,1198,79.86666666666666,93.4,79.86666666666666,100.0,0.07389162561576355,14,0.9333333333333333,203,0,203,46,poisson_arrivals,10,selector
poisson_arrivals,d05fde16395c2f4d,40,True,9.0,0.5605224433629058,5.193548387096774,1.2649110640673518,1,SJF,1,SJF,False,0.0,0.26724323667450073,False,SJF,poisson_arrivals,d05fde16395c2f4d,15,618,779,618,41.2,51.93333333333333,41.2,100.0,0.09316770186335403,14,0.9333333333333333,161,0,161,46,poisson_arrivals,11,selector
poisson_arrivals,10d62453fa56fd4d,31,True,12.0,0.39391116279578386,6.233333333333333,1.1469767022723503,1,SJF,1,SJF,False,0.0,0.2110332789291178,False,SJF,poisson_arrivals,10d62453fa56fd4d,15,790,977,790,52.666666666666664,65.13333333333334,52.666666666666664,100.0,0.08021390374331551,14,0.9333333333333333,187,0,187,46,poisson_arrivals,12,selector
poisson_arrivals,9832bdfe134f0ab5,41,True,8.0,0.5189838502696814,6.318181818181818,1.505545305418162,1,SJF,1,SJF,False,0.0,0.17791510132346988,False,SJF,poisson_arrivals,9832bdfe134f0ab5,15,538,677,538,35.86666666666667,45.13333333333333,35.86666666666667,98.58156028368795,0.10638297872340426,14,0.9333333333333333,139,2,141,46,poisson_arrivals,13,selector
poisson_arrivals,0ec26c719c7a77b2,31,True,11.0,0.4395245364957664,8.380952380952381,1.1813363431112902,1,SJF,1,SJF,False,0.0,0.20952598371744297,False,SJF,poisson_arrivals,0ec26c719c7a77b2,15,804,980,804,53.6,65.33333333333333,53.6,100.0,0.08522727272727272,14,0.9333333333333333,176,0,176,46,poisson_arrivals,14,selector
poisson_arrivals,f5352efe41b5b1a1,41,True,8.0,0.5025735980231272,4.866666666666666,1.4817407180595246,1,SJF,1,SJF,False,0.0,0.20858246223285556,False,SJF,poisson_arrivals,f5352efe41b5b1a1,15,571,717,571,38.06666666666667,47.8,38.06666666666667,100.0,0.10273972602739725,14,0.9333333333333333,146,0,146,46,poisson_arrivals,15,selector
poisson_arrivals,b34d54ecaa5fd59f,40,True,12.0,0.5028371341120272,4.351351351351352,1.247219128924647,1,SJF,1,SJF,False,0.0,0.19984169140643257,False,SJF,poisson_arrivals,b34d54ecaa5fd59f,15,571,732,571,38.06666666666667,48.8,38.06666666666667,100.0,0.09316770186335403,14,0.9333333333333333,161,0,161,46,poisson_arrivals,16,selector
poisson_arrivals,b71ae3d23e7db129,40,True,11.0,0.5672370599784259,7.454545454545454,1.2036980056845192,1,SJF,1,SJF,False,0.0,0.2638286600745016,False,SJF,poisson_arrivals,b71ae3d23e7db129,15,660,824,660,44.0,54.93333333333333,44.0,100.0,0.09146341463414634,14,0.9333333333333333,164,0,164,46,poisson_arrivals,17,selector
poisson_arrivals,b9c9fe4f0b025dc8,40,True,6.0,0.6424639045875815,3.2058823529411766,1.0749676997731399,1,SJF,1,SJF,False,0.0,0.286324805957402,False,SJF,poisson_arrivals,b9c9fe4f0b025dc8,15,343,452,343,22.866666666666667,30.133333333333333,22.866666666666667,100.0,0.13761467889908258,14,0.9333333333333333,109,0,109,46,poisson_arrivals,18,selector
poisson_arrivals,814e3f9a1051ec9f,41,True,6.0,0.6870467653279094,4.5,1.4079141387961918,1,SJF,1,SJF,False,0.0,0.30210885809342913,False,SJF,poisson_arrivals,814e3f9a1051ec9f,15,405,531,405,27.0,35.4,27.0,100.0,0.11904761904761904,14,0.9333333333333333,126,0,126,46,poisson_arrivals,19,selector
poisson_arrivals,aa1784e35107685d,58,False,14.0,0.37263780725859036,7.481481481481482,1.1661903789690602,0,FCFS,0,FCFS,False,0.0,-0.007935990774704,False,FCFS,poisson_arrivals,aa1784e35107685d,15,1325,1527,1325,88.33333333333333,101.8,88.33333333333333,100.0,0.07425742574257425,14,0.9333333333333333,202,0,202,46,poisson_arrivals,20,selector
poisson_arrivals,8ea24dff68d5e55c,41,True,9.0,0.6456222353726839,6.478260869565218,1.4236104336041748,1,SJF,1,SJF,False,0.0,0.2271576313401751,False,SJF,poisson_arrivals,8ea24dff68d5e55c,15,536,685,536,35.733333333333334,45.666666666666664,35.733333333333334,100.0,0.10067114093959731,14,0.9333333333333333,149,0,149,46,poisson_arrivals,21,selector
poisson_arrivals,1f135c67407c0a47,32,True,11.0,0.45986795045529716,5.62962962962963,1.569146972791976,1,SJF,1,SJF,False,0.0,0.2424269581901029,False,SJF,poisson_arrivals,1f135c67407c0a47,15,630,782,630,42.0,52.13333333333333,42.0,100.0,0.09868421052631579,14,0.9333333333333333,152,0,152,46,poisson_arrivals,22,selector
poisson_arrivals,c97340b846c5195c,41,True,9.0,0.5441539394469049,3.3469387755102042,1.4360439485692011,1,SJF,1,SJF,False,0.0,0.18957359172980479,False,SJF,poisson_arrivals,c97340b846c5195c,15,488,652,488,32.53333333333333,43.46666666666667,32.53333333333333,100.0,0.09146341463414634,14,0.9333333333333333,164,0,164,46,poisson_arrivals,23,selector
poisson_arrivals,8c65d4cd5082f574,32,True,9.0,0.4177147312554573,7.105263157894737,1.349897115421106,1,SJF,1,SJF,False,0.0,0.2004404965310279,False,SJF,poisson_arrivals,8c65d4cd5082f574,15,597,732,597,39.8,48.8,39.8,100.0,0.1111111111111111,14,0.9333333333333333,135,0,135,46,poisson_arrivals,24,selector
poisson_arrivals,c66da603036c55e3,41,True,6.0,0.6558678370961144,4.785714285714286,1.4360439485692011,1,SJF,1,SJF,False,0.0,0.27169086232594997,False,SJF,poisson_arrivals,c66da603036c55e3,15,444,578,444,29.6,38.53333333333333,29.6,100.0,0.11194029850746269,14,0.9333333333333333,134,0,134,46,poisson_arrivals,25,selector
poisson_arrivals,da7b7b2c80c3408a,32,True,11.0,0.4794064347022331,4.365853658536586,1.4544949486180951,1,SJF,1,SJF,False,0.0,0.22150643705335493,False,SJF,poisson_arrivals,da7b7b2c80c3408a,15,633,812,633,42.2,54.13333333333333,42.2,100.0,0.08379888268156424,14,0.9333333333333333,179,0,179,46,poisson_arrivals,26,selector
poisson_arrivals,8d4c5d162e732f09,40,True,9.0,0.6298382748495706,4.588235294117647,1.2754084313139327,1,SJF,1,SJF,False,0.0,0.30049291936608724,False,SJF,poisson_arrivals,8d4c5d162e732f09,15,574,730,574,38.266666666666666,48.666666666666664,38.266666666666666,100.0,0.09615384615384616,14,0.9333333333333333,156,0,156,46,poisson_arrivals,27,selector
poisson_arrivals,3313581f5f54ee0f,41,True,9.0,0.6852425497783124,3.022727272727273,1.436043948569201,1,SJF,1,SJF,False,0.0,0.26176153108230127,False,SJF,poisson_arrivals,3313581f5f54ee0f,15,333,466,333,22.2,31.066666666666666,22.2,100.0,0.11278195488721804,14,0.9333333333333333,133,0,133,46,poisson_arrivals,28,selector
poisson_arrivals,c09093ceb1a9648d,41,True,7.0,0.6696000730380037,5.333333333333333,1.54344492037203,1,SJF,1,SJF,False,0.0,0.21726516925178813,False,SJF,poisson_arrivals,c09093ceb1a9648d,15,443,571,443,29.533333333333335,38.06666666666667,29.533333333333335,100.0,0.1171875,14,0.9333333333333333,128,0,128,46,poisson_arrivals,29,selector
